1188995160916615169;Tue Oct 29 01:45:11 +0000 2019
1188995160916615169;Tue Oct 29 01:45:11 +0000 2019
1188995160916615169;Tue Oct 29 01:45:11 +0000 2019
1188995160916615169;Tue Oct 29 01:45:11 +0000 2019
1188995160916615169;Tue Oct 29 01:45:11 +0000 2019
1188995160916615169;Tue Oct 29 01:45:11 +0000 2019
1188995160916615169;Tue Oct 29 01:45:11 +0000 2019
1188995160916615169;Tue Oct 29 01:45:11 +0000 2019
1188995160916615169;Tue Oct 29 01:45:11 +0000 2019
1188995160916615169;Tue Oct 29 01:45:11 +0000 2019
1188995160916615169;Tue Oct 29 01:45:11 +0000 2019
1188995160916615169;Tue Oct 29 01:45:11 +0000 2019
1188995160916615169;Tue Oct 29 01:45:11 +0000 2019
1188995160916615169;Tue Oct 29 01:45:11 +0000 2019
1188995160916615169;Tue Oct 29 01:45:11 +0000 2019
1188995160916615169;Tue Oct 29 01:45:11 +0000 2019
1188995160916615169;Tue Oct 29 01:45:11 +0000 2019
1188995160916615169;Tue Oct 29 01:45:11 +0000 2019
1188995160916615169;Tue Oct 29 01:45:11 +0000 2019
1188995160916615169;Tue Oct 29 01:45:11 +0000 2019
1188995160916615169;Tue Oct 29 01:45:11 +0000 2019
1188995160916615169;Tue Oct 29 01:45:11 +0000 2019
1188995160916615169;Tue Oct 29 01:45:11 +0000 2019
1188995497501122560;Tue Oct 29 01:46:31 +0000 2019
1188995517734440960;Tue Oct 29 01:46:36 +0000 2019
1188995941313007616;Tue Oct 29 01:48:17 +0000 2019
1188997902682607616;Tue Oct 29 01:56:05 +0000 2019
1189011855697563648;Tue Oct 29 02:51:31 +0000 2019
1189013366817349632;Tue Oct 29 02:57:32 +0000 2019
1189013576704499712;Tue Oct 29 02:58:22 +0000 2019
1189013675056742400;Tue Oct 29 02:58:45 +0000 2019
1189014129652068352;Tue Oct 29 03:00:33 +0000 2019
1189014418329423872;Tue Oct 29 03:01:42 +0000 2019
1189017029916942336;Tue Oct 29 03:12:05 +0000 2019
1189020182355828736;Tue Oct 29 03:24:37 +0000 2019
1189024857448730624;Tue Oct 29 03:43:11 +0000 2019
1189036977804513280;Tue Oct 29 04:31:21 +0000 2019
1189037226639941632;Tue Oct 29 04:32:20 +0000 2019
1189206830033113088;Tue Oct 29 15:46:17 +0000 2019
1189207705069723648;Tue Oct 29 15:49:45 +0000 2019
1189287195292647426;Tue Oct 29 21:05:37 +0000 2019
1189293100264574981;Tue Oct 29 21:29:05 +0000 2019
1189297198179278848;Tue Oct 29 21:45:22 +0000 2019
1189417005729886208;Wed Oct 30 05:41:27 +0000 2019
1189657296433008640;Wed Oct 30 21:36:16 +0000 2019
1190028876019318785;Thu Oct 31 22:12:48 +0000 2019
1190028970726744064;Thu Oct 31 22:13:10 +0000 2019
1190029040285102085;Thu Oct 31 22:13:27 +0000 2019
1190029087575814145;Thu Oct 31 22:13:38 +0000 2019
1190029365582684160;Thu Oct 31 22:14:45 +0000 2019
1190029374625632257;Thu Oct 31 22:14:47 +0000 2019
1190030457087385600;Thu Oct 31 22:19:05 +0000 2019
1190030719105609738;Thu Oct 31 22:20:07 +0000 2019
1190031986389405696;Thu Oct 31 22:25:09 +0000 2019
1190032029267591168;Thu Oct 31 22:25:20 +0000 2019
1190049528956764161;Thu Oct 31 23:34:52 +0000 2019
1190301430630035456;Fri Nov 01 16:15:50 +0000 2019
1190451767315750912;Sat Nov 02 02:13:13 +0000 2019
1190911125166141440;Sun Nov 03 08:38:32 +0000 2019
1190936061406527489;Sun Nov 03 10:17:38 +0000 2019
1190966147597963264;Sun Nov 03 12:17:11 +0000 2019
1190985725648523264;Sun Nov 03 13:34:59 +0000 2019
1191006033063350272;Sun Nov 03 14:55:40 +0000 2019
1191025813279399937;Sun Nov 03 16:14:16 +0000 2019
1191028648242868225;Sun Nov 03 16:25:32 +0000 2019
1191342280835248130;Mon Nov 04 13:11:48 +0000 2019
1191343430196183040;Mon Nov 04 13:16:22 +0000 2019
1191348424966377479;Mon Nov 04 13:36:13 +0000 2019
1191361464445083650;Mon Nov 04 14:28:02 +0000 2019
1191362044689338369;Mon Nov 04 14:30:20 +0000 2019
1191362334788337665;Mon Nov 04 14:31:29 +0000 2019
1191362346033307648;Mon Nov 04 14:31:32 +0000 2019
1191376815748780033;Mon Nov 04 15:29:02 +0000 2019
1191377138722779143;Mon Nov 04 15:30:19 +0000 2019
1191377751632166914;Mon Nov 04 15:32:45 +0000 2019
1191400452056899584;Mon Nov 04 17:02:57 +0000 2019
1191400546802061313;Mon Nov 04 17:03:20 +0000 2019
1191401318700765184;Mon Nov 04 17:06:24 +0000 2019
1191402067476152332;Mon Nov 04 17:09:22 +0000 2019
1191402872853946368;Mon Nov 04 17:12:34 +0000 2019
1191403850458157057;Mon Nov 04 17:16:27 +0000 2019
1191410551781502976;Mon Nov 04 17:43:05 +0000 2019
1191414895260008449;Mon Nov 04 18:00:21 +0000 2019
1191414923969974272;Mon Nov 04 18:00:27 +0000 2019
1191473778880110592;Mon Nov 04 21:54:20 +0000 2019
1191473828058284033;Mon Nov 04 21:54:31 +0000 2019
1191473869292556288;Mon Nov 04 21:54:41 +0000 2019
1191473880621289472;Mon Nov 04 21:54:44 +0000 2019
1191473880621289472;Mon Nov 04 21:54:44 +0000 2019
1191473887546089474;Mon Nov 04 21:54:45 +0000 2019
1191473904218492933;Mon Nov 04 21:54:49 +0000 2019
1191473912057647109;Mon Nov 04 21:54:51 +0000 2019
1191473915744456704;Mon Nov 04 21:54:52 +0000 2019
1191473921817796609;Mon Nov 04 21:54:54 +0000 2019
1191473951794499590;Mon Nov 04 21:55:01 +0000 2019
1191473954738839552;Mon Nov 04 21:55:01 +0000 2019
1191473977916612608;Mon Nov 04 21:55:07 +0000 2019
1191473979413991425;Mon Nov 04 21:55:07 +0000 2019
1191473984954650624;Mon Nov 04 21:55:09 +0000 2019
1191473993112530955;Mon Nov 04 21:55:11 +0000 2019
1191473999051665409;Mon Nov 04 21:55:12 +0000 2019
1191473999257186306;Mon Nov 04 21:55:12 +0000 2019
1191474018219679744;Mon Nov 04 21:55:17 +0000 2019
1191474024951566336;Mon Nov 04 21:55:18 +0000 2019
1191474027182854144;Mon Nov 04 21:55:19 +0000 2019
1191474029934370817;Mon Nov 04 21:55:19 +0000 2019
1191474037878349825;Mon Nov 04 21:55:21 +0000 2019
1191474043834261506;Mon Nov 04 21:55:23 +0000 2019
1191474077959110657;Mon Nov 04 21:55:31 +0000 2019
1191474084489695233;Mon Nov 04 21:55:32 +0000 2019
1191474086771396613;Mon Nov 04 21:55:33 +0000 2019
1191474087052369920;Mon Nov 04 21:55:33 +0000 2019
1191474090307178496;Mon Nov 04 21:55:34 +0000 2019
1191474095759806471;Mon Nov 04 21:55:35 +0000 2019
1191474100641906688;Mon Nov 04 21:55:36 +0000 2019
1191474103041110016;Mon Nov 04 21:55:37 +0000 2019
1191474106149023744;Mon Nov 04 21:55:38 +0000 2019
1191474108799836161;Mon Nov 04 21:55:38 +0000 2019
1191474122599079937;Mon Nov 04 21:55:42 +0000 2019
1191474124390064128;Mon Nov 04 21:55:42 +0000 2019
1191474127401607169;Mon Nov 04 21:55:43 +0000 2019
1191474133529284608;Mon Nov 04 21:55:44 +0000 2019
1191474134343192577;Mon Nov 04 21:55:44 +0000 2019
1191474143184728067;Mon Nov 04 21:55:46 +0000 2019
1191474146032672768;Mon Nov 04 21:55:47 +0000 2019
1191474147911749633;Mon Nov 04 21:55:48 +0000 2019
1191474149631365127;Mon Nov 04 21:55:48 +0000 2019
1191474150558359554;Mon Nov 04 21:55:48 +0000 2019
1191474152928096262;Mon Nov 04 21:55:49 +0000 2019
1191474155193012224;Mon Nov 04 21:55:49 +0000 2019
1191474159244763136;Mon Nov 04 21:55:50 +0000 2019
1191474164269568006;Mon Nov 04 21:55:51 +0000 2019
1191474173379579904;Mon Nov 04 21:55:54 +0000 2019
1191474174126104577;Mon Nov 04 21:55:54 +0000 2019
1191474185169756161;Mon Nov 04 21:55:56 +0000 2019
1191474187497541632;Mon Nov 04 21:55:57 +0000 2019
1191474198780293124;Mon Nov 04 21:56:00 +0000 2019
1191474198914490369;Mon Nov 04 21:56:00 +0000 2019
1191474200516743172;Mon Nov 04 21:56:00 +0000 2019
1191474204652257283;Mon Nov 04 21:56:01 +0000 2019
1191474214131437569;Mon Nov 04 21:56:03 +0000 2019
1191474223518273542;Mon Nov 04 21:56:06 +0000 2019
1191474228584955904;Mon Nov 04 21:56:07 +0000 2019
1191474241557979136;Mon Nov 04 21:56:10 +0000 2019
1191474242153529349;Mon Nov 04 21:56:10 +0000 2019
1191474242279428097;Mon Nov 04 21:56:10 +0000 2019
1191474245420933121;Mon Nov 04 21:56:11 +0000 2019
1191474249153830917;Mon Nov 04 21:56:12 +0000 2019
1191474250642837504;Mon Nov 04 21:56:12 +0000 2019
1191474252266049537;Mon Nov 04 21:56:12 +0000 2019
1191474253838921729;Mon Nov 04 21:56:13 +0000 2019
1191474256644902912;Mon Nov 04 21:56:13 +0000 2019
1191474257513066496;Mon Nov 04 21:56:14 +0000 2019
1191474265419329538;Mon Nov 04 21:56:16 +0000 2019
1191474266027503618;Mon Nov 04 21:56:16 +0000 2019
1191474278996287489;Mon Nov 04 21:56:19 +0000 2019
1191474280489537536;Mon Nov 04 21:56:19 +0000 2019
1191474280996970498;Mon Nov 04 21:56:19 +0000 2019
1191474287825297409;Mon Nov 04 21:56:21 +0000 2019
1191474287896670209;Mon Nov 04 21:56:21 +0000 2019
1191474289138110464;Mon Nov 04 21:56:21 +0000 2019
1191474289242988545;Mon Nov 04 21:56:21 +0000 2019
1191474292111728640;Mon Nov 04 21:56:22 +0000 2019
1191474293819027462;Mon Nov 04 21:56:22 +0000 2019
1191474299019939843;Mon Nov 04 21:56:24 +0000 2019
1191474310629789696;Mon Nov 04 21:56:26 +0000 2019
1191474331341262848;Mon Nov 04 21:56:31 +0000 2019
1191474334142992385;Mon Nov 04 21:56:32 +0000 2019
1191474338152755200;Mon Nov 04 21:56:33 +0000 2019
1191474345127927814;Mon Nov 04 21:56:35 +0000 2019
1191474351876509697;Mon Nov 04 21:56:36 +0000 2019
1191474354003095553;Mon Nov 04 21:56:37 +0000 2019
1191474354674118656;Mon Nov 04 21:56:37 +0000 2019
1191474362290978817;Mon Nov 04 21:56:39 +0000 2019
1191474364178415618;Mon Nov 04 21:56:39 +0000 2019
1191474366153986048;Mon Nov 04 21:56:40 +0000 2019
1191474375205232640;Mon Nov 04 21:56:42 +0000 2019
1191474376144752640;Mon Nov 04 21:56:42 +0000 2019
1191474376320921600;Mon Nov 04 21:56:42 +0000 2019
1191474382134231040;Mon Nov 04 21:56:43 +0000 2019
1191474384055291910;Mon Nov 04 21:56:44 +0000 2019
1191474385959432193;Mon Nov 04 21:56:44 +0000 2019
1191474386185916416;Mon Nov 04 21:56:44 +0000 2019
1191474391638519808;Mon Nov 04 21:56:46 +0000 2019
1191474391663726593;Mon Nov 04 21:56:46 +0000 2019
1191474394553606145;Mon Nov 04 21:56:46 +0000 2019
1191474400161345537;Mon Nov 04 21:56:48 +0000 2019
1191474402145296385;Mon Nov 04 21:56:48 +0000 2019
1191474402145296385;Mon Nov 04 21:56:48 +0000 2019
1191474402808008704;Mon Nov 04 21:56:48 +0000 2019
1191474408713535488;Mon Nov 04 21:56:50 +0000 2019
1191474420231094272;Mon Nov 04 21:56:52 +0000 2019
1191474420495396864;Mon Nov 04 21:56:53 +0000 2019
1191474421212569607;Mon Nov 04 21:56:53 +0000 2019
1191474433032179713;Mon Nov 04 21:56:56 +0000 2019
1191474434974068743;Mon Nov 04 21:56:56 +0000 2019
1191474436479897601;Mon Nov 04 21:56:56 +0000 2019
1191474450568495105;Mon Nov 04 21:57:00 +0000 2019
1191474451956850702;Mon Nov 04 21:57:00 +0000 2019
1191474452892180480;Mon Nov 04 21:57:00 +0000 2019
1191474455534395392;Mon Nov 04 21:57:01 +0000 2019
1191474456323141633;Mon Nov 04 21:57:01 +0000 2019
1191474461297516546;Mon Nov 04 21:57:02 +0000 2019
1191474464028086272;Mon Nov 04 21:57:03 +0000 2019
1191474466527875072;Mon Nov 04 21:57:04 +0000 2019
1191474470847954944;Mon Nov 04 21:57:05 +0000 2019
1191474482726264836;Mon Nov 04 21:57:07 +0000 2019
1191474488551936001;Mon Nov 04 21:57:09 +0000 2019
1191474496974344193;Mon Nov 04 21:57:11 +0000 2019
1191474508118528001;Mon Nov 04 21:57:13 +0000 2019
1191474530046402563;Mon Nov 04 21:57:19 +0000 2019
1191474530415501312;Mon Nov 04 21:57:19 +0000 2019
1191474530830696448;Mon Nov 04 21:57:19 +0000 2019
1191474531447328770;Mon Nov 04 21:57:19 +0000 2019
1191474539080888324;Mon Nov 04 21:57:21 +0000 2019
1191474543233306624;Mon Nov 04 21:57:22 +0000 2019
1191474548576804866;Mon Nov 04 21:57:23 +0000 2019
1191474551101837318;Mon Nov 04 21:57:24 +0000 2019
1191474553928724483;Mon Nov 04 21:57:24 +0000 2019
1191474575030325249;Mon Nov 04 21:57:29 +0000 2019
1191474579434352641;Mon Nov 04 21:57:30 +0000 2019
1191474581900529665;Mon Nov 04 21:57:31 +0000 2019
1191474582512898048;Mon Nov 04 21:57:31 +0000 2019
1191474586422038529;Mon Nov 04 21:57:32 +0000 2019
1191474593871138818;Mon Nov 04 21:57:34 +0000 2019
1191474598317101057;Mon Nov 04 21:57:35 +0000 2019
1191474616813916160;Mon Nov 04 21:57:39 +0000 2019
1191474626607697920;Mon Nov 04 21:57:42 +0000 2019
1191474650800435202;Mon Nov 04 21:57:47 +0000 2019
1191474653937766406;Mon Nov 04 21:57:48 +0000 2019
1191474654105473025;Mon Nov 04 21:57:48 +0000 2019
1191474655070044161;Mon Nov 04 21:57:48 +0000 2019
1191474674292723712;Mon Nov 04 21:57:53 +0000 2019
1191474676255604738;Mon Nov 04 21:57:54 +0000 2019
1191474680835784707;Mon Nov 04 21:57:55 +0000 2019
1191474681607577607;Mon Nov 04 21:57:55 +0000 2019
1191474690470162434;Mon Nov 04 21:57:57 +0000 2019
1191474692978302979;Mon Nov 04 21:57:57 +0000 2019
1191474694861406209;Mon Nov 04 21:57:58 +0000 2019
1191474696279253007;Mon Nov 04 21:57:58 +0000 2019
1191474703250132992;Mon Nov 04 21:58:00 +0000 2019
1191474712704106496;Mon Nov 04 21:58:02 +0000 2019
1191474720203563008;Mon Nov 04 21:58:04 +0000 2019
1191474721075945474;Mon Nov 04 21:58:04 +0000 2019
1191474724204941317;Mon Nov 04 21:58:05 +0000 2019
1191474751551737856;Mon Nov 04 21:58:11 +0000 2019
1191474764658958336;Mon Nov 04 21:58:15 +0000 2019
1191474776163979265;Mon Nov 04 21:58:17 +0000 2019
1191474790084861952;Mon Nov 04 21:58:21 +0000 2019
1191474804999757826;Mon Nov 04 21:58:24 +0000 2019
1191474813463879680;Mon Nov 04 21:58:26 +0000 2019
1191474819864432643;Mon Nov 04 21:58:28 +0000 2019
1191474822888513536;Mon Nov 04 21:58:28 +0000 2019
1191474823135997954;Mon Nov 04 21:58:29 +0000 2019
1191474841481666560;Mon Nov 04 21:58:33 +0000 2019
1191474847962083331;Mon Nov 04 21:58:34 +0000 2019
1191474849497190407;Mon Nov 04 21:58:35 +0000 2019
1191474855524339719;Mon Nov 04 21:58:36 +0000 2019
1191474874553896962;Mon Nov 04 21:58:41 +0000 2019
1191474875782881282;Mon Nov 04 21:58:41 +0000 2019
1191474879100571655;Mon Nov 04 21:58:42 +0000 2019
1191474880019079170;Mon Nov 04 21:58:42 +0000 2019
1191474885224259585;Mon Nov 04 21:58:43 +0000 2019
1191474885828194304;Mon Nov 04 21:58:43 +0000 2019
1191474896343379968;Mon Nov 04 21:58:46 +0000 2019
1191474918145363970;Mon Nov 04 21:58:51 +0000 2019
1191474923077853184;Mon Nov 04 21:58:52 +0000 2019
1191474936356974592;Mon Nov 04 21:58:56 +0000 2019
1191474938751918082;Mon Nov 04 21:58:56 +0000 2019
1191474940295491584;Mon Nov 04 21:58:56 +0000 2019
1191474947023085568;Mon Nov 04 21:58:58 +0000 2019
1191474968573480960;Mon Nov 04 21:59:03 +0000 2019
1191474981298933761;Mon Nov 04 21:59:06 +0000 2019
1191474987644981248;Mon Nov 04 21:59:08 +0000 2019
1191474988303425541;Mon Nov 04 21:59:08 +0000 2019
1191475005768507393;Mon Nov 04 21:59:12 +0000 2019
1191475010172575749;Mon Nov 04 21:59:13 +0000 2019
1191475012882124801;Mon Nov 04 21:59:14 +0000 2019
1191475027213983744;Mon Nov 04 21:59:17 +0000 2019
1191475027482435584;Mon Nov 04 21:59:17 +0000 2019
1191475031345369093;Mon Nov 04 21:59:18 +0000 2019
1191475036428931072;Mon Nov 04 21:59:19 +0000 2019
1191475052090417153;Mon Nov 04 21:59:23 +0000 2019
1191475052455383043;Mon Nov 04 21:59:23 +0000 2019
1191475062844641282;Mon Nov 04 21:59:26 +0000 2019
1191475067726843905;Mon Nov 04 21:59:27 +0000 2019
1191475082327199744;Mon Nov 04 21:59:30 +0000 2019
1191475097170784258;Mon Nov 04 21:59:34 +0000 2019
1191475097170784258;Mon Nov 04 21:59:34 +0000 2019
1191475116158455808;Mon Nov 04 21:59:38 +0000 2019
1191475128326086657;Mon Nov 04 21:59:41 +0000 2019
1191475144746774529;Mon Nov 04 21:59:45 +0000 2019
1191475146311254016;Mon Nov 04 21:59:46 +0000 2019
1191475165751853057;Mon Nov 04 21:59:50 +0000 2019
1191475173951713281;Mon Nov 04 21:59:52 +0000 2019
1191475176401244168;Mon Nov 04 21:59:53 +0000 2019
1191475176439009281;Mon Nov 04 21:59:53 +0000 2019
1191475176585748481;Mon Nov 04 21:59:53 +0000 2019
1191475190569537536;Mon Nov 04 21:59:56 +0000 2019
1191475203500650496;Mon Nov 04 21:59:59 +0000 2019
1191475212820320257;Mon Nov 04 22:00:01 +0000 2019
1191475220831514624;Mon Nov 04 22:00:03 +0000 2019
1191475232890085376;Mon Nov 04 22:00:06 +0000 2019
1191475235142414339;Mon Nov 04 22:00:07 +0000 2019
1191475237134708738;Mon Nov 04 22:00:07 +0000 2019
1191475239437393921;Mon Nov 04 22:00:08 +0000 2019
1191475251055616001;Mon Nov 04 22:00:11 +0000 2019
1191475263760207872;Mon Nov 04 22:00:14 +0000 2019
1191475266415144961;Mon Nov 04 22:00:14 +0000 2019
1191475275567112198;Mon Nov 04 22:00:16 +0000 2019
1191475282009571329;Mon Nov 04 22:00:18 +0000 2019
1191475282437431298;Mon Nov 04 22:00:18 +0000 2019
1191475289353793538;Mon Nov 04 22:00:20 +0000 2019
1191475290368888832;Mon Nov 04 22:00:20 +0000 2019
1191475299206287363;Mon Nov 04 22:00:22 +0000 2019
1191475301378863104;Mon Nov 04 22:00:23 +0000 2019
1191475323348692992;Mon Nov 04 22:00:28 +0000 2019
1191475332831989760;Mon Nov 04 22:00:30 +0000 2019
1191475360577273856;Mon Nov 04 22:00:37 +0000 2019
1191475363391688705;Mon Nov 04 22:00:37 +0000 2019
1191475405309595649;Mon Nov 04 22:00:47 +0000 2019
1191475413341659140;Mon Nov 04 22:00:49 +0000 2019
1191475422367797248;Mon Nov 04 22:00:51 +0000 2019
1191475429661716480;Mon Nov 04 22:00:53 +0000 2019
1191475432174051328;Mon Nov 04 22:00:54 +0000 2019
1191475439996456962;Mon Nov 04 22:00:56 +0000 2019
1191475441720320004;Mon Nov 04 22:00:56 +0000 2019
1191475450394136576;Mon Nov 04 22:00:58 +0000 2019
1191475450834571270;Mon Nov 04 22:00:58 +0000 2019
1191475451589529600;Mon Nov 04 22:00:58 +0000 2019
1191475462251220992;Mon Nov 04 22:01:01 +0000 2019
1191475483508199424;Mon Nov 04 22:01:06 +0000 2019
1191475483780759556;Mon Nov 04 22:01:06 +0000 2019
1191475499337420800;Mon Nov 04 22:01:10 +0000 2019
1191475511924531200;Mon Nov 04 22:01:13 +0000 2019
1191475513782616064;Mon Nov 04 22:01:13 +0000 2019
1191475516659961856;Mon Nov 04 22:01:14 +0000 2019
1191475517196849152;Mon Nov 04 22:01:14 +0000 2019
1191475527271489536;Mon Nov 04 22:01:16 +0000 2019
1191475540911411202;Mon Nov 04 22:01:20 +0000 2019
1191475542165524483;Mon Nov 04 22:01:20 +0000 2019
1191475547152568322;Mon Nov 04 22:01:21 +0000 2019
1191475548561772548;Mon Nov 04 22:01:21 +0000 2019
1191475552781246467;Mon Nov 04 22:01:22 +0000 2019
1191475571504668673;Mon Nov 04 22:01:27 +0000 2019
1191475608825536518;Mon Nov 04 22:01:36 +0000 2019
1191475619311292417;Mon Nov 04 22:01:38 +0000 2019
1191475625606942720;Mon Nov 04 22:01:40 +0000 2019
1191475663284449280;Mon Nov 04 22:01:49 +0000 2019
1191475665519951873;Mon Nov 04 22:01:49 +0000 2019
1191475670070779905;Mon Nov 04 22:01:50 +0000 2019
1191475681584189441;Mon Nov 04 22:01:53 +0000 2019
1191475717239902208;Mon Nov 04 22:02:02 +0000 2019
1191475719571947521;Mon Nov 04 22:02:02 +0000 2019
1191475719999836160;Mon Nov 04 22:02:02 +0000 2019
1191475756146348032;Mon Nov 04 22:02:11 +0000 2019
1191475765394718727;Mon Nov 04 22:02:13 +0000 2019
1191475779789557760;Mon Nov 04 22:02:17 +0000 2019
1191475812312211457;Mon Nov 04 22:02:24 +0000 2019
1191475812656173056;Mon Nov 04 22:02:24 +0000 2019
1191475813239205890;Mon Nov 04 22:02:25 +0000 2019
1191475828397359104;Mon Nov 04 22:02:28 +0000 2019
1191475835460554757;Mon Nov 04 22:02:30 +0000 2019
1191475840946540544;Mon Nov 04 22:02:31 +0000 2019
1191475846873276416;Mon Nov 04 22:02:33 +0000 2019
1191475851008839680;Mon Nov 04 22:02:34 +0000 2019
1191475874706665477;Mon Nov 04 22:02:39 +0000 2019
1191475900690370561;Mon Nov 04 22:02:45 +0000 2019
1191475904700178433;Mon Nov 04 22:02:46 +0000 2019
1191475926426673152;Mon Nov 04 22:02:52 +0000 2019
1191475928569991177;Mon Nov 04 22:02:52 +0000 2019
1191475943610703872;Mon Nov 04 22:02:56 +0000 2019
1191475951680524289;Mon Nov 04 22:02:58 +0000 2019
1191475973117665281;Mon Nov 04 22:03:03 +0000 2019
1191475985746579456;Mon Nov 04 22:03:06 +0000 2019
1191475987244036104;Mon Nov 04 22:03:06 +0000 2019
1191475991820095488;Mon Nov 04 22:03:07 +0000 2019
1191476005631922184;Mon Nov 04 22:03:10 +0000 2019
1191476030072131585;Mon Nov 04 22:03:16 +0000 2019
1191476066499596296;Mon Nov 04 22:03:25 +0000 2019
1191476071037886464;Mon Nov 04 22:03:26 +0000 2019
1191476071612461061;Mon Nov 04 22:03:26 +0000 2019
1191476071742558208;Mon Nov 04 22:03:26 +0000 2019
1191476083532730368;Mon Nov 04 22:03:29 +0000 2019
1191476090063278081;Mon Nov 04 22:03:31 +0000 2019
1191476102155448322;Mon Nov 04 22:03:33 +0000 2019
1191476129569427458;Mon Nov 04 22:03:40 +0000 2019
1191476134334087168;Mon Nov 04 22:03:41 +0000 2019
1191476134334087168;Mon Nov 04 22:03:41 +0000 2019
1191476141309210627;Mon Nov 04 22:03:43 +0000 2019
1191476141699280898;Mon Nov 04 22:03:43 +0000 2019
1191476178135203840;Mon Nov 04 22:03:52 +0000 2019
1191476190340689920;Mon Nov 04 22:03:54 +0000 2019
1191476193293410310;Mon Nov 04 22:03:55 +0000 2019
1191476220074049543;Mon Nov 04 22:04:02 +0000 2019
1191476222414376960;Mon Nov 04 22:04:02 +0000 2019
1191476227049185286;Mon Nov 04 22:04:03 +0000 2019
1191476230815715328;Mon Nov 04 22:04:04 +0000 2019
1191476232589860866;Mon Nov 04 22:04:05 +0000 2019
1191476235433590784;Mon Nov 04 22:04:05 +0000 2019
1191476243230871554;Mon Nov 04 22:04:07 +0000 2019
1191476251279671302;Mon Nov 04 22:04:09 +0000 2019
1191476253854969856;Mon Nov 04 22:04:10 +0000 2019
1191476261471866880;Mon Nov 04 22:04:11 +0000 2019
1191476263740989445;Mon Nov 04 22:04:12 +0000 2019
1191476265632587778;Mon Nov 04 22:04:12 +0000 2019
1191476278379106304;Mon Nov 04 22:04:15 +0000 2019
1191476286977462275;Mon Nov 04 22:04:18 +0000 2019
1191476290756501507;Mon Nov 04 22:04:18 +0000 2019
1191476294938234880;Mon Nov 04 22:04:19 +0000 2019
1191476296091668485;Mon Nov 04 22:04:20 +0000 2019
1191476297916174339;Mon Nov 04 22:04:20 +0000 2019
1191476303872090113;Mon Nov 04 22:04:22 +0000 2019
1191476315557388288;Mon Nov 04 22:04:24 +0000 2019
1191476320611577856;Mon Nov 04 22:04:26 +0000 2019
1191476323526438912;Mon Nov 04 22:04:26 +0000 2019
1191476339083300865;Mon Nov 04 22:04:30 +0000 2019
1191476354405011456;Mon Nov 04 22:04:34 +0000 2019
1191476354920914949;Mon Nov 04 22:04:34 +0000 2019
1191476415641915400;Mon Nov 04 22:04:48 +0000 2019
1191476424303140873;Mon Nov 04 22:04:50 +0000 2019
1191476427868311553;Mon Nov 04 22:04:51 +0000 2019
1191476442833358848;Mon Nov 04 22:04:55 +0000 2019
1191476447745126400;Mon Nov 04 22:04:56 +0000 2019
1191476463100481537;Mon Nov 04 22:05:00 +0000 2019
1191476470264336384;Mon Nov 04 22:05:01 +0000 2019
1191476486869540864;Mon Nov 04 22:05:05 +0000 2019
1191476496323493889;Mon Nov 04 22:05:07 +0000 2019
1191476531828285443;Mon Nov 04 22:05:16 +0000 2019
1191476555270283266;Mon Nov 04 22:05:21 +0000 2019
1191476569056907265;Mon Nov 04 22:05:25 +0000 2019
1191476572404043777;Mon Nov 04 22:05:26 +0000 2019
1191476577554575360;Mon Nov 04 22:05:27 +0000 2019
1191476582176772097;Mon Nov 04 22:05:28 +0000 2019
1191476626346971138;Mon Nov 04 22:05:38 +0000 2019
1191476631602434049;Mon Nov 04 22:05:40 +0000 2019
1191476635310153728;Mon Nov 04 22:05:41 +0000 2019
1191476642046259201;Mon Nov 04 22:05:42 +0000 2019
1191476653995839489;Mon Nov 04 22:05:45 +0000 2019
1191476669388906498;Mon Nov 04 22:05:49 +0000 2019
1191476683142041602;Mon Nov 04 22:05:52 +0000 2019
1191476703064920065;Mon Nov 04 22:05:57 +0000 2019
1191476705346641920;Mon Nov 04 22:05:57 +0000 2019
1191476728994111497;Mon Nov 04 22:06:03 +0000 2019
1191476751433682950;Mon Nov 04 22:06:08 +0000 2019
1191476794018406400;Mon Nov 04 22:06:18 +0000 2019
1191476805640871936;Mon Nov 04 22:06:21 +0000 2019
1191476807746359297;Mon Nov 04 22:06:22 +0000 2019
1191476813740040195;Mon Nov 04 22:06:23 +0000 2019
1191476877480869888;Mon Nov 04 22:06:38 +0000 2019
1191476923249115137;Mon Nov 04 22:06:49 +0000 2019
1191476930610118656;Mon Nov 04 22:06:51 +0000 2019
1191476939497840648;Mon Nov 04 22:06:53 +0000 2019
1191476948855377921;Mon Nov 04 22:06:55 +0000 2019
1191476956719714305;Mon Nov 04 22:06:57 +0000 2019
1191476964680519680;Mon Nov 04 22:06:59 +0000 2019
1191476977024278534;Mon Nov 04 22:07:02 +0000 2019
1191476985190604804;Mon Nov 04 22:07:04 +0000 2019
1191476990467031040;Mon Nov 04 22:07:05 +0000 2019
1191477072025341953;Mon Nov 04 22:07:25 +0000 2019
1191477080854323201;Mon Nov 04 22:07:27 +0000 2019
1191477107483971585;Mon Nov 04 22:07:33 +0000 2019
1191477109690114049;Mon Nov 04 22:07:34 +0000 2019
1191477140971237376;Mon Nov 04 22:07:41 +0000 2019
1191477147904466944;Mon Nov 04 22:07:43 +0000 2019
1191477149103984640;Mon Nov 04 22:07:43 +0000 2019
1191477150114865153;Mon Nov 04 22:07:43 +0000 2019
1191477175368765442;Mon Nov 04 22:07:49 +0000 2019
1191477191713992704;Mon Nov 04 22:07:53 +0000 2019
1191477196994613248;Mon Nov 04 22:07:54 +0000 2019
1191477205949386752;Mon Nov 04 22:07:57 +0000 2019
1191477224245006336;Mon Nov 04 22:08:01 +0000 2019
1191477247867260928;Mon Nov 04 22:08:07 +0000 2019
1191477279207108608;Mon Nov 04 22:08:14 +0000 2019
1191477297108439041;Mon Nov 04 22:08:18 +0000 2019
1191477338468421633;Mon Nov 04 22:08:28 +0000 2019
1191477344478879749;Mon Nov 04 22:08:30 +0000 2019
1191477352011718656;Mon Nov 04 22:08:31 +0000 2019
1191477386992328704;Mon Nov 04 22:08:40 +0000 2019
1191477389764780032;Mon Nov 04 22:08:40 +0000 2019
1191477427563900928;Mon Nov 04 22:08:49 +0000 2019
1191477459377631233;Mon Nov 04 22:08:57 +0000 2019
1191477464985325569;Mon Nov 04 22:08:58 +0000 2019
1191477503027748865;Mon Nov 04 22:09:07 +0000 2019
1191477505607262210;Mon Nov 04 22:09:08 +0000 2019
1191477515233251328;Mon Nov 04 22:09:10 +0000 2019
1191477525358301184;Mon Nov 04 22:09:13 +0000 2019
1191477527124021248;Mon Nov 04 22:09:13 +0000 2019
1191477527124021248;Mon Nov 04 22:09:13 +0000 2019
1191477540063461378;Mon Nov 04 22:09:16 +0000 2019
1191477556110938112;Mon Nov 04 22:09:20 +0000 2019
1191477577623523330;Mon Nov 04 22:09:25 +0000 2019
1191477621550440448;Mon Nov 04 22:09:36 +0000 2019
1191477636297633794;Mon Nov 04 22:09:39 +0000 2019
1191477640227676166;Mon Nov 04 22:09:40 +0000 2019
1191477655100637184;Mon Nov 04 22:09:44 +0000 2019
1191477705864368134;Mon Nov 04 22:09:56 +0000 2019
1191477716392062976;Mon Nov 04 22:09:58 +0000 2019
1191477729033629696;Mon Nov 04 22:10:01 +0000 2019
1191477738223239169;Mon Nov 04 22:10:04 +0000 2019
1191477763762458626;Mon Nov 04 22:10:10 +0000 2019
1191477774097305601;Mon Nov 04 22:10:12 +0000 2019
1191477802995990528;Mon Nov 04 22:10:19 +0000 2019
1191477874647339012;Mon Nov 04 22:10:36 +0000 2019
1191477965583998977;Mon Nov 04 22:10:58 +0000 2019
1191478018704842753;Mon Nov 04 22:11:10 +0000 2019
1191478031178711044;Mon Nov 04 22:11:13 +0000 2019
1191478049767866375;Mon Nov 04 22:11:18 +0000 2019
1191478146589167625;Mon Nov 04 22:11:41 +0000 2019
1191478151161008128;Mon Nov 04 22:11:42 +0000 2019
1191478152511533057;Mon Nov 04 22:11:42 +0000 2019
1191478154117947392;Mon Nov 04 22:11:43 +0000 2019
1191478162196246528;Mon Nov 04 22:11:45 +0000 2019
1191478189186523136;Mon Nov 04 22:11:51 +0000 2019
1191478250217918465;Mon Nov 04 22:12:06 +0000 2019
1191478264671461377;Mon Nov 04 22:12:09 +0000 2019
1191478265514467328;Mon Nov 04 22:12:09 +0000 2019
1191478306518032384;Mon Nov 04 22:12:19 +0000 2019
1191478324003930112;Mon Nov 04 22:12:23 +0000 2019
1191478348209373185;Mon Nov 04 22:12:29 +0000 2019
1191478369336078337;Mon Nov 04 22:12:34 +0000 2019
1191478377317715968;Mon Nov 04 22:12:36 +0000 2019
1191478426655510528;Mon Nov 04 22:12:48 +0000 2019
1191478453083811842;Mon Nov 04 22:12:54 +0000 2019
1191478462135058432;Mon Nov 04 22:12:56 +0000 2019
1191478477104582657;Mon Nov 04 22:13:00 +0000 2019
1191478490215796736;Mon Nov 04 22:13:03 +0000 2019
1191478496616484867;Mon Nov 04 22:13:04 +0000 2019
1191478504891854852;Mon Nov 04 22:13:06 +0000 2019
1191478549653405697;Mon Nov 04 22:13:17 +0000 2019
1191478641877757954;Mon Nov 04 22:13:39 +0000 2019
1191478652644548608;Mon Nov 04 22:13:42 +0000 2019
1191478653529579520;Mon Nov 04 22:13:42 +0000 2019
1191478659472859136;Mon Nov 04 22:13:43 +0000 2019
1191478681195204612;Mon Nov 04 22:13:48 +0000 2019
1191478696856739845;Mon Nov 04 22:13:52 +0000 2019
1191478715173212160;Mon Nov 04 22:13:56 +0000 2019
1191478743585439745;Mon Nov 04 22:14:03 +0000 2019
1191478743782625284;Mon Nov 04 22:14:03 +0000 2019
1191478784622505985;Mon Nov 04 22:14:13 +0000 2019
1191478923328135168;Mon Nov 04 22:14:46 +0000 2019
1191478929309290496;Mon Nov 04 22:14:48 +0000 2019
1191478945037897733;Mon Nov 04 22:14:51 +0000 2019
1191478952403128320;Mon Nov 04 22:14:53 +0000 2019
1191478985848479744;Mon Nov 04 22:15:01 +0000 2019
1191479017502859264;Mon Nov 04 22:15:09 +0000 2019
1191479044501622785;Mon Nov 04 22:15:15 +0000 2019
1191479068350386178;Mon Nov 04 22:15:21 +0000 2019
1191479089829416960;Mon Nov 04 22:15:26 +0000 2019
1191479129088184325;Mon Nov 04 22:15:35 +0000 2019
1191479169248563200;Mon Nov 04 22:15:45 +0000 2019
1191479192036225024;Mon Nov 04 22:15:50 +0000 2019
1191479216560316416;Mon Nov 04 22:15:56 +0000 2019
1191479220746231808;Mon Nov 04 22:15:57 +0000 2019
1191479259472302080;Mon Nov 04 22:16:06 +0000 2019
1191479283828568072;Mon Nov 04 22:16:12 +0000 2019
1191479285531451393;Mon Nov 04 22:16:12 +0000 2019
1191479422311895040;Mon Nov 04 22:16:45 +0000 2019
1191479423058534401;Mon Nov 04 22:16:45 +0000 2019
1191479497666760706;Mon Nov 04 22:17:03 +0000 2019
1191479503610097664;Mon Nov 04 22:17:04 +0000 2019
1191479631381225475;Mon Nov 04 22:17:35 +0000 2019
1191479638108848129;Mon Nov 04 22:17:37 +0000 2019
1191479644144492546;Mon Nov 04 22:17:38 +0000 2019
1191479672921579520;Mon Nov 04 22:17:45 +0000 2019
1191479696812335105;Mon Nov 04 22:17:50 +0000 2019
1191479703980384256;Mon Nov 04 22:17:52 +0000 2019
1191479715502198784;Mon Nov 04 22:17:55 +0000 2019
1191479718027157505;Mon Nov 04 22:17:56 +0000 2019
1191479728101896192;Mon Nov 04 22:17:58 +0000 2019
1191479728210894848;Mon Nov 04 22:17:58 +0000 2019
1191479758594424833;Mon Nov 04 22:18:05 +0000 2019
1191479806992490496;Mon Nov 04 22:18:17 +0000 2019
1191479822305902592;Mon Nov 04 22:18:20 +0000 2019
1191479906623991809;Mon Nov 04 22:18:41 +0000 2019
1191479906733056001;Mon Nov 04 22:18:41 +0000 2019
1191479922063290368;Mon Nov 04 22:18:44 +0000 2019
1191479952102875136;Mon Nov 04 22:18:51 +0000 2019
1191479969454657537;Mon Nov 04 22:18:56 +0000 2019
1191479971346341889;Mon Nov 04 22:18:56 +0000 2019
1191479979994951682;Mon Nov 04 22:18:58 +0000 2019
1191479986013782017;Mon Nov 04 22:18:59 +0000 2019
1191479996159840256;Mon Nov 04 22:19:02 +0000 2019
1191480019744411649;Mon Nov 04 22:19:07 +0000 2019
1191480111838707714;Mon Nov 04 22:19:29 +0000 2019
1191480121594720258;Mon Nov 04 22:19:32 +0000 2019
1191480141165342726;Mon Nov 04 22:19:36 +0000 2019
1191480144701079553;Mon Nov 04 22:19:37 +0000 2019
1191480144701079553;Mon Nov 04 22:19:37 +0000 2019
1191480184920313859;Mon Nov 04 22:19:47 +0000 2019
1191480196928589824;Mon Nov 04 22:19:50 +0000 2019
1191480225659604992;Mon Nov 04 22:19:57 +0000 2019
1191480235121954819;Mon Nov 04 22:19:59 +0000 2019
1191480245158895621;Mon Nov 04 22:20:01 +0000 2019
1191480251660087297;Mon Nov 04 22:20:03 +0000 2019
1191480253589413888;Mon Nov 04 22:20:03 +0000 2019
1191480306735439873;Mon Nov 04 22:20:16 +0000 2019
1191480307322675200;Mon Nov 04 22:20:16 +0000 2019
1191480346610679810;Mon Nov 04 22:20:25 +0000 2019
1191480363811590145;Mon Nov 04 22:20:30 +0000 2019
1191480423534276608;Mon Nov 04 22:20:44 +0000 2019
1191480426503778304;Mon Nov 04 22:20:44 +0000 2019
1191480431994118150;Mon Nov 04 22:20:46 +0000 2019
1191480449337643019;Mon Nov 04 22:20:50 +0000 2019
1191480487455444992;Mon Nov 04 22:20:59 +0000 2019
1191480540702097410;Mon Nov 04 22:21:12 +0000 2019
1191480570687164417;Mon Nov 04 22:21:19 +0000 2019
1191480572641603584;Mon Nov 04 22:21:19 +0000 2019
1191480597962641409;Mon Nov 04 22:21:25 +0000 2019
1191480612248530949;Mon Nov 04 22:21:29 +0000 2019
1191480625301278720;Mon Nov 04 22:21:32 +0000 2019
1191480650311897098;Mon Nov 04 22:21:38 +0000 2019
1191480667546275840;Mon Nov 04 22:21:42 +0000 2019
1191480670499065856;Mon Nov 04 22:21:43 +0000 2019
1191480675704066049;Mon Nov 04 22:21:44 +0000 2019
1191480698869301248;Mon Nov 04 22:21:49 +0000 2019
1191480704837787649;Mon Nov 04 22:21:51 +0000 2019
1191480736144089094;Mon Nov 04 22:21:58 +0000 2019
1191480746336239619;Mon Nov 04 22:22:01 +0000 2019
1191480756260003840;Mon Nov 04 22:22:03 +0000 2019
1191480757660848129;Mon Nov 04 22:22:03 +0000 2019
1191480764552110082;Mon Nov 04 22:22:05 +0000 2019
1191480813373861889;Mon Nov 04 22:22:17 +0000 2019
1191480843795083264;Mon Nov 04 22:22:24 +0000 2019
1191480880210087936;Mon Nov 04 22:22:33 +0000 2019
1191480915257700359;Mon Nov 04 22:22:41 +0000 2019
1191480917367410688;Mon Nov 04 22:22:42 +0000 2019
1191480973273239552;Mon Nov 04 22:22:55 +0000 2019
1191481046732328963;Mon Nov 04 22:23:12 +0000 2019
1191481052151341061;Mon Nov 04 22:23:14 +0000 2019
1191481097319788544;Mon Nov 04 22:23:24 +0000 2019
1191481240177778689;Mon Nov 04 22:23:58 +0000 2019
1191481252110643201;Mon Nov 04 22:24:01 +0000 2019
1191481285954482179;Mon Nov 04 22:24:09 +0000 2019
1191481289947459584;Mon Nov 04 22:24:10 +0000 2019
1191481312361795584;Mon Nov 04 22:24:16 +0000 2019
1191481520667672576;Mon Nov 04 22:25:05 +0000 2019
1191481526317469701;Mon Nov 04 22:25:07 +0000 2019
1191481566465265664;Mon Nov 04 22:25:16 +0000 2019
1191481570944835585;Mon Nov 04 22:25:17 +0000 2019
1191481571720777730;Mon Nov 04 22:25:18 +0000 2019
1191481598463664129;Mon Nov 04 22:25:24 +0000 2019
1191481610559995905;Mon Nov 04 22:25:27 +0000 2019
1191481624900313097;Mon Nov 04 22:25:30 +0000 2019
1191481633876127744;Mon Nov 04 22:25:32 +0000 2019
1191481648702840832;Mon Nov 04 22:25:36 +0000 2019
1191481669649227776;Mon Nov 04 22:25:41 +0000 2019
1191481687718408192;Mon Nov 04 22:25:45 +0000 2019
1191481734505861121;Mon Nov 04 22:25:56 +0000 2019
1191481861480030208;Mon Nov 04 22:26:27 +0000 2019
1191481878609612802;Mon Nov 04 22:26:31 +0000 2019
1191481911723659265;Mon Nov 04 22:26:39 +0000 2019
1191482004727943168;Mon Nov 04 22:27:01 +0000 2019
1191482019848577024;Mon Nov 04 22:27:04 +0000 2019
1191482023577300992;Mon Nov 04 22:27:05 +0000 2019
1191482039628967937;Mon Nov 04 22:27:09 +0000 2019
1191482041621254144;Mon Nov 04 22:27:10 +0000 2019
1191482050278281216;Mon Nov 04 22:27:12 +0000 2019
1191482093227909121;Mon Nov 04 22:27:22 +0000 2019
1191482144247439360;Mon Nov 04 22:27:34 +0000 2019
1191482144247439360;Mon Nov 04 22:27:34 +0000 2019
1191482176451293184;Mon Nov 04 22:27:42 +0000 2019
1191482188019195904;Mon Nov 04 22:27:44 +0000 2019
1191482206247628800;Mon Nov 04 22:27:49 +0000 2019
1191482269355192326;Mon Nov 04 22:28:04 +0000 2019
1191482270923796481;Mon Nov 04 22:28:04 +0000 2019
1191482310677405697;Mon Nov 04 22:28:14 +0000 2019
1191482322614394882;Mon Nov 04 22:28:17 +0000 2019
1191482352071069702;Mon Nov 04 22:28:24 +0000 2019
1191482369276104704;Mon Nov 04 22:28:28 +0000 2019
1191482396954238976;Mon Nov 04 22:28:34 +0000 2019
1191482493821571072;Mon Nov 04 22:28:57 +0000 2019
1191482553485660160;Mon Nov 04 22:29:12 +0000 2019
1191482694489853954;Mon Nov 04 22:29:45 +0000 2019
1191482710151352322;Mon Nov 04 22:29:49 +0000 2019
1191482710608482304;Mon Nov 04 22:29:49 +0000 2019
1191482756989095941;Mon Nov 04 22:30:00 +0000 2019
1191482792514736128;Mon Nov 04 22:30:09 +0000 2019
1191482808956596225;Mon Nov 04 22:30:12 +0000 2019
1191482827738619909;Mon Nov 04 22:30:17 +0000 2019
1191482843282714626;Mon Nov 04 22:30:21 +0000 2019
1191482850203201536;Mon Nov 04 22:30:22 +0000 2019
1191482860525539328;Mon Nov 04 22:30:25 +0000 2019
1191482881731895297;Mon Nov 04 22:30:30 +0000 2019
1191482897557008385;Mon Nov 04 22:30:34 +0000 2019
1191482919866576896;Mon Nov 04 22:30:39 +0000 2019
1191482926967480320;Mon Nov 04 22:30:41 +0000 2019
1191482968038137858;Mon Nov 04 22:30:50 +0000 2019
1191482993153581056;Mon Nov 04 22:30:56 +0000 2019
1191483045955723264;Mon Nov 04 22:31:09 +0000 2019
1191483079216513024;Mon Nov 04 22:31:17 +0000 2019
1191483080080531458;Mon Nov 04 22:31:17 +0000 2019
1191483190122299395;Mon Nov 04 22:31:43 +0000 2019
1191483278596935680;Mon Nov 04 22:32:04 +0000 2019
1191483336054779904;Mon Nov 04 22:32:18 +0000 2019
1191483379331547136;Mon Nov 04 22:32:28 +0000 2019
1191483379608412160;Mon Nov 04 22:32:29 +0000 2019
1191483427373166592;Mon Nov 04 22:32:40 +0000 2019
1191483460537462793;Mon Nov 04 22:32:48 +0000 2019
1191483502774099972;Mon Nov 04 22:32:58 +0000 2019
1191483756365807617;Mon Nov 04 22:33:58 +0000 2019
1191483793435234304;Mon Nov 04 22:34:07 +0000 2019
1191483807196684291;Mon Nov 04 22:34:10 +0000 2019
1191483831221653509;Mon Nov 04 22:34:16 +0000 2019
1191484047249281025;Mon Nov 04 22:35:08 +0000 2019
1191484075384684544;Mon Nov 04 22:35:14 +0000 2019
1191484117998800896;Mon Nov 04 22:35:25 +0000 2019
1191484161086939136;Mon Nov 04 22:35:35 +0000 2019
1191484177876692993;Mon Nov 04 22:35:39 +0000 2019
1191484295971516416;Mon Nov 04 22:36:07 +0000 2019
1191484323385561089;Mon Nov 04 22:36:14 +0000 2019
1191484328078909445;Mon Nov 04 22:36:15 +0000 2019
1191484336698273792;Mon Nov 04 22:36:17 +0000 2019
1191484362077941769;Mon Nov 04 22:36:23 +0000 2019
1191484398165745666;Mon Nov 04 22:36:31 +0000 2019
1191484404679553024;Mon Nov 04 22:36:33 +0000 2019
1191484527144779778;Mon Nov 04 22:37:02 +0000 2019
1191484584812326912;Mon Nov 04 22:37:16 +0000 2019
1191484973976563712;Mon Nov 04 22:38:49 +0000 2019
1191484973976563712;Mon Nov 04 22:38:49 +0000 2019
1191485010848567296;Mon Nov 04 22:38:57 +0000 2019
1191485277640052736;Mon Nov 04 22:40:01 +0000 2019
1191485323274002432;Mon Nov 04 22:40:12 +0000 2019
1191485329829769216;Mon Nov 04 22:40:14 +0000 2019
1191485365355470848;Mon Nov 04 22:40:22 +0000 2019
1191485385303613441;Mon Nov 04 22:40:27 +0000 2019
1191485515289247745;Mon Nov 04 22:40:58 +0000 2019
1191485546784317444;Mon Nov 04 22:41:05 +0000 2019
1191485558276677632;Mon Nov 04 22:41:08 +0000 2019
1191485614199394304;Mon Nov 04 22:41:21 +0000 2019
1191485616338407425;Mon Nov 04 22:41:22 +0000 2019
1191485715185623040;Mon Nov 04 22:41:45 +0000 2019
1191485740846333954;Mon Nov 04 22:41:52 +0000 2019
1191485816863899653;Mon Nov 04 22:42:10 +0000 2019
1191485856839811073;Mon Nov 04 22:42:19 +0000 2019
1191486111832584192;Mon Nov 04 22:43:20 +0000 2019
1191486129146671104;Mon Nov 04 22:43:24 +0000 2019
1191486247094693890;Mon Nov 04 22:43:52 +0000 2019
1191486304720162816;Mon Nov 04 22:44:06 +0000 2019
1191486359380221952;Mon Nov 04 22:44:19 +0000 2019
1191486364690325504;Mon Nov 04 22:44:20 +0000 2019
1191486414174769152;Mon Nov 04 22:44:32 +0000 2019
1191486505216335874;Mon Nov 04 22:44:54 +0000 2019
1191486551206879234;Mon Nov 04 22:45:05 +0000 2019
1191486572367093760;Mon Nov 04 22:45:10 +0000 2019
1191486610879209472;Mon Nov 04 22:45:19 +0000 2019
1191486637303304197;Mon Nov 04 22:45:25 +0000 2019
1191486672036347905;Mon Nov 04 22:45:34 +0000 2019
1191486742802653186;Mon Nov 04 22:45:50 +0000 2019
1191486754978697217;Mon Nov 04 22:45:53 +0000 2019
1191486888185647104;Mon Nov 04 22:46:25 +0000 2019
1191487018607316992;Mon Nov 04 22:46:56 +0000 2019
1191487019593142272;Mon Nov 04 22:46:56 +0000 2019
1191487023292538880;Mon Nov 04 22:46:57 +0000 2019
1191487054242353153;Mon Nov 04 22:47:05 +0000 2019
1191487086731440132;Mon Nov 04 22:47:12 +0000 2019
1191487358190936064;Mon Nov 04 22:48:17 +0000 2019
1191487368316014592;Mon Nov 04 22:48:20 +0000 2019
1191487381607714816;Mon Nov 04 22:48:23 +0000 2019
1191487438658719744;Mon Nov 04 22:48:36 +0000 2019
1191487483231506432;Mon Nov 04 22:48:47 +0000 2019
1191487486033313793;Mon Nov 04 22:48:48 +0000 2019
1191487579536969728;Mon Nov 04 22:49:10 +0000 2019
1191487582313598976;Mon Nov 04 22:49:11 +0000 2019
1191487647509823490;Mon Nov 04 22:49:26 +0000 2019
1191487792339148801;Mon Nov 04 22:50:01 +0000 2019
1191487802652987392;Mon Nov 04 22:50:03 +0000 2019
1191487841978769408;Mon Nov 04 22:50:12 +0000 2019
1191487892637593600;Mon Nov 04 22:50:25 +0000 2019
1191487932739325958;Mon Nov 04 22:50:34 +0000 2019
1191487961814175746;Mon Nov 04 22:50:41 +0000 2019
1191487985721712640;Mon Nov 04 22:50:47 +0000 2019
1191488000083005443;Mon Nov 04 22:50:50 +0000 2019
1191488042038628352;Mon Nov 04 22:51:00 +0000 2019
1191488047323471873;Mon Nov 04 22:51:01 +0000 2019
1191488054957088768;Mon Nov 04 22:51:03 +0000 2019
1191488094031101952;Mon Nov 04 22:51:13 +0000 2019
1191488121952755713;Mon Nov 04 22:51:19 +0000 2019
1191488178273816576;Mon Nov 04 22:51:33 +0000 2019
1191488203297107969;Mon Nov 04 22:51:39 +0000 2019
1191488214281928705;Mon Nov 04 22:51:41 +0000 2019
1191488215817113600;Mon Nov 04 22:51:42 +0000 2019
1191488265452474383;Mon Nov 04 22:51:53 +0000 2019
1191488318191669255;Mon Nov 04 22:52:06 +0000 2019
1191488322394308608;Mon Nov 04 22:52:07 +0000 2019
1191488439868428289;Mon Nov 04 22:52:35 +0000 2019
1191488445639798784;Mon Nov 04 22:52:36 +0000 2019
1191488478493761543;Mon Nov 04 22:52:44 +0000 2019
1191488532151447552;Mon Nov 04 22:52:57 +0000 2019
1191488753304555520;Mon Nov 04 22:53:50 +0000 2019
1191488763324698628;Mon Nov 04 22:53:52 +0000 2019
1191488882115858432;Mon Nov 04 22:54:20 +0000 2019
1191488941658120199;Mon Nov 04 22:54:35 +0000 2019
1191489000793620480;Mon Nov 04 22:54:49 +0000 2019
1191489399491563520;Mon Nov 04 22:56:24 +0000 2019
1191489414607900674;Mon Nov 04 22:56:27 +0000 2019
1191489567481901057;Mon Nov 04 22:57:04 +0000 2019
1191489590097526786;Mon Nov 04 22:57:09 +0000 2019
1191489627611373569;Mon Nov 04 22:57:18 +0000 2019
1191489627611373569;Mon Nov 04 22:57:18 +0000 2019
1191489718116061184;Mon Nov 04 22:57:40 +0000 2019
1191489788030935040;Mon Nov 04 22:57:56 +0000 2019
1191489817923719168;Mon Nov 04 22:58:04 +0000 2019
1191490118445649922;Mon Nov 04 22:59:15 +0000 2019
1191490154407612417;Mon Nov 04 22:59:24 +0000 2019
1191490217301204994;Mon Nov 04 22:59:39 +0000 2019
1191490234107801612;Mon Nov 04 22:59:43 +0000 2019
1191490307088621570;Mon Nov 04 23:00:00 +0000 2019
1191490312088293377;Mon Nov 04 23:00:01 +0000 2019
1191490316525850626;Mon Nov 04 23:00:02 +0000 2019
1191490605320429568;Mon Nov 04 23:01:11 +0000 2019
1191490651386458112;Mon Nov 04 23:01:22 +0000 2019
1191490823109648384;Mon Nov 04 23:02:03 +0000 2019
1191490892957388801;Mon Nov 04 23:02:20 +0000 2019
1191491103884742657;Mon Nov 04 23:03:10 +0000 2019
1191491145655828485;Mon Nov 04 23:03:20 +0000 2019
1191491320281477122;Mon Nov 04 23:04:02 +0000 2019
1191491358013509632;Mon Nov 04 23:04:11 +0000 2019
1191491397452533762;Mon Nov 04 23:04:20 +0000 2019
1191491446584594432;Mon Nov 04 23:04:32 +0000 2019
1191491470601150464;Mon Nov 04 23:04:38 +0000 2019
1191491494378692609;Mon Nov 04 23:04:43 +0000 2019
1191491509876658177;Mon Nov 04 23:04:47 +0000 2019
1191491765603389445;Mon Nov 04 23:05:48 +0000 2019
1191491780476321798;Mon Nov 04 23:05:51 +0000 2019
1191491827930714113;Mon Nov 04 23:06:03 +0000 2019
1191491877184430082;Mon Nov 04 23:06:15 +0000 2019
1191491883090022406;Mon Nov 04 23:06:16 +0000 2019
1191491917101633536;Mon Nov 04 23:06:24 +0000 2019
1191492068503367681;Mon Nov 04 23:07:00 +0000 2019
1191492113386618882;Mon Nov 04 23:07:11 +0000 2019
1191492192809967622;Mon Nov 04 23:07:30 +0000 2019
1191492388801449984;Mon Nov 04 23:08:17 +0000 2019
1191492417884770309;Mon Nov 04 23:08:23 +0000 2019
1191492535857889280;Mon Nov 04 23:08:52 +0000 2019
1191492597988106240;Mon Nov 04 23:09:06 +0000 2019
1191492695652483072;Mon Nov 04 23:09:30 +0000 2019
1191492744474243072;Mon Nov 04 23:09:41 +0000 2019
1191492785100197891;Mon Nov 04 23:09:51 +0000 2019
1191493026515955713;Mon Nov 04 23:10:49 +0000 2019
1191493062222069762;Mon Nov 04 23:10:57 +0000 2019
1191493400614322179;Mon Nov 04 23:12:18 +0000 2019
1191493592310788096;Mon Nov 04 23:13:03 +0000 2019
1191493644542455809;Mon Nov 04 23:13:16 +0000 2019
1191493840739454978;Mon Nov 04 23:14:03 +0000 2019
1191494024357666816;Mon Nov 04 23:14:46 +0000 2019
1191494141458423808;Mon Nov 04 23:15:14 +0000 2019
1191494394052071428;Mon Nov 04 23:16:15 +0000 2019
1191494471088771073;Mon Nov 04 23:16:33 +0000 2019
1191494471109816321;Mon Nov 04 23:16:33 +0000 2019
1191494529515446273;Mon Nov 04 23:16:47 +0000 2019
1191494645492199425;Mon Nov 04 23:17:15 +0000 2019
1191494786571788290;Mon Nov 04 23:17:48 +0000 2019
1191494837155106817;Mon Nov 04 23:18:00 +0000 2019
1191494842540527616;Mon Nov 04 23:18:02 +0000 2019
1191494851130527746;Mon Nov 04 23:18:04 +0000 2019
1191494899599892481;Mon Nov 04 23:18:15 +0000 2019
1191494958345273345;Mon Nov 04 23:18:29 +0000 2019
1191495102298021889;Mon Nov 04 23:19:03 +0000 2019
1191495148980625408;Mon Nov 04 23:19:15 +0000 2019
1191495194216189957;Mon Nov 04 23:19:25 +0000 2019
1191495237425913858;Mon Nov 04 23:19:36 +0000 2019
1191495426530324481;Mon Nov 04 23:20:21 +0000 2019
1191495531220160513;Mon Nov 04 23:20:46 +0000 2019
1191495620558761984;Mon Nov 04 23:21:07 +0000 2019
1191495653194715139;Mon Nov 04 23:21:15 +0000 2019
1191495686430310400;Mon Nov 04 23:21:23 +0000 2019
1191495824682967045;Mon Nov 04 23:21:56 +0000 2019
1191495828084592645;Mon Nov 04 23:21:56 +0000 2019
1191495914709553152;Mon Nov 04 23:22:17 +0000 2019
1191495997710618624;Mon Nov 04 23:22:37 +0000 2019
1191496290993094656;Mon Nov 04 23:23:47 +0000 2019
1191496368268947457;Mon Nov 04 23:24:05 +0000 2019
1191496404360929284;Mon Nov 04 23:24:14 +0000 2019
1191496444798230529;Mon Nov 04 23:24:24 +0000 2019
1191496455158149120;Mon Nov 04 23:24:26 +0000 2019
1191496463542554625;Mon Nov 04 23:24:28 +0000 2019
1191496512221720576;Mon Nov 04 23:24:40 +0000 2019
1191496517305225217;Mon Nov 04 23:24:41 +0000 2019
1191496536204726272;Mon Nov 04 23:24:45 +0000 2019
1191496605813411840;Mon Nov 04 23:25:02 +0000 2019
1191496625493041152;Mon Nov 04 23:25:07 +0000 2019
1191496666622373889;Mon Nov 04 23:25:16 +0000 2019
1191496791059058689;Mon Nov 04 23:25:46 +0000 2019
1191496802207510529;Mon Nov 04 23:25:49 +0000 2019
1191496802530480131;Mon Nov 04 23:25:49 +0000 2019
1191496847908638727;Mon Nov 04 23:26:00 +0000 2019
1191496970193555457;Mon Nov 04 23:26:29 +0000 2019
1191497232413077504;Mon Nov 04 23:27:31 +0000 2019
1191497306228580353;Mon Nov 04 23:27:49 +0000 2019
1191497317381267456;Mon Nov 04 23:27:52 +0000 2019
1191497323282653189;Mon Nov 04 23:27:53 +0000 2019
1191497456703463424;Mon Nov 04 23:28:25 +0000 2019
1191497458175684609;Mon Nov 04 23:28:25 +0000 2019
1191497579072282624;Mon Nov 04 23:28:54 +0000 2019
1191497616540028928;Mon Nov 04 23:29:03 +0000 2019
1191497713893957638;Mon Nov 04 23:29:26 +0000 2019
1191497726099435521;Mon Nov 04 23:29:29 +0000 2019
1191497735217852416;Mon Nov 04 23:29:31 +0000 2019
1191497735217852416;Mon Nov 04 23:29:31 +0000 2019
1191497770579959814;Mon Nov 04 23:29:40 +0000 2019
1191497797557792771;Mon Nov 04 23:29:46 +0000 2019
1191497874980233216;Mon Nov 04 23:30:05 +0000 2019
1191497932652060672;Mon Nov 04 23:30:18 +0000 2019
1191497935705559040;Mon Nov 04 23:30:19 +0000 2019
1191498013589614593;Mon Nov 04 23:30:38 +0000 2019
1191498038809939968;Mon Nov 04 23:30:44 +0000 2019
1191498103951691776;Mon Nov 04 23:30:59 +0000 2019
1191498113770557440;Mon Nov 04 23:31:01 +0000 2019
1191498175707672576;Mon Nov 04 23:31:16 +0000 2019
1191498183953862656;Mon Nov 04 23:31:18 +0000 2019
1191498186352922624;Mon Nov 04 23:31:19 +0000 2019
1191498301692162048;Mon Nov 04 23:31:46 +0000 2019
1191498372043223041;Mon Nov 04 23:32:03 +0000 2019
1191498409498365959;Mon Nov 04 23:32:12 +0000 2019
1191498471913775104;Mon Nov 04 23:32:27 +0000 2019
1191498477404131328;Mon Nov 04 23:32:28 +0000 2019
1191498496135827457;Mon Nov 04 23:32:33 +0000 2019
1191498548510183425;Mon Nov 04 23:32:45 +0000 2019
1191498612246810630;Mon Nov 04 23:33:00 +0000 2019
1191498694845186048;Mon Nov 04 23:33:20 +0000 2019
1191498711169404929;Mon Nov 04 23:33:24 +0000 2019
1191498766450343936;Mon Nov 04 23:33:37 +0000 2019
1191498766865649664;Mon Nov 04 23:33:37 +0000 2019
1191498933576650759;Mon Nov 04 23:34:17 +0000 2019
1191498979051212800;Mon Nov 04 23:34:28 +0000 2019
1191499017110409217;Mon Nov 04 23:34:37 +0000 2019
1191499027248041985;Mon Nov 04 23:34:39 +0000 2019
1191499116364419072;Mon Nov 04 23:35:00 +0000 2019
1191499153572016130;Mon Nov 04 23:35:09 +0000 2019
1191499169661366272;Mon Nov 04 23:35:13 +0000 2019
1191499413996408832;Mon Nov 04 23:36:11 +0000 2019
1191499425052581889;Mon Nov 04 23:36:14 +0000 2019
1191499425358786560;Mon Nov 04 23:36:14 +0000 2019
1191499540744081408;Mon Nov 04 23:36:42 +0000 2019
1191499547824050176;Mon Nov 04 23:36:43 +0000 2019
1191499767647473664;Mon Nov 04 23:37:36 +0000 2019
1191499932307513345;Mon Nov 04 23:38:15 +0000 2019
1191499939131600896;Mon Nov 04 23:38:17 +0000 2019
1191499952435924992;Mon Nov 04 23:38:20 +0000 2019
1191499964419072000;Mon Nov 04 23:38:23 +0000 2019
1191499980479049728;Mon Nov 04 23:38:27 +0000 2019
1191500025085464576;Mon Nov 04 23:38:37 +0000 2019
1191500033281155073;Mon Nov 04 23:38:39 +0000 2019
1191500048267395074;Mon Nov 04 23:38:43 +0000 2019
1191500059319377920;Mon Nov 04 23:38:45 +0000 2019
1191500121642618881;Mon Nov 04 23:39:00 +0000 2019
1191500127262912512;Mon Nov 04 23:39:01 +0000 2019
1191500149715013632;Mon Nov 04 23:39:07 +0000 2019
1191500183814717440;Mon Nov 04 23:39:15 +0000 2019
1191500212264681478;Mon Nov 04 23:39:22 +0000 2019
1191500239573835776;Mon Nov 04 23:39:28 +0000 2019
1191500263233933314;Mon Nov 04 23:39:34 +0000 2019
1191500268476805120;Mon Nov 04 23:39:35 +0000 2019
1191500316639977473;Mon Nov 04 23:39:47 +0000 2019
1191500404019912705;Mon Nov 04 23:40:07 +0000 2019
1191500424471298048;Mon Nov 04 23:40:12 +0000 2019
1191500438107033602;Mon Nov 04 23:40:16 +0000 2019
1191500581615153158;Mon Nov 04 23:40:50 +0000 2019
1191500600514678788;Mon Nov 04 23:40:54 +0000 2019
1191500629061058561;Mon Nov 04 23:41:01 +0000 2019
1191500639412592645;Mon Nov 04 23:41:04 +0000 2019
1191500649252438016;Mon Nov 04 23:41:06 +0000 2019
1191500665861873667;Mon Nov 04 23:41:10 +0000 2019
1191500683897425920;Mon Nov 04 23:41:14 +0000 2019
1191500836897087488;Mon Nov 04 23:41:51 +0000 2019
1191500846841942016;Mon Nov 04 23:41:53 +0000 2019
1191500906661064704;Mon Nov 04 23:42:07 +0000 2019
1191500925288013824;Mon Nov 04 23:42:12 +0000 2019
1191501002937110529;Mon Nov 04 23:42:30 +0000 2019
1191501014534369286;Mon Nov 04 23:42:33 +0000 2019
1191501023736717314;Mon Nov 04 23:42:35 +0000 2019
1191501099984969728;Mon Nov 04 23:42:53 +0000 2019
1191501103503937536;Mon Nov 04 23:42:54 +0000 2019
1191501114006528001;Mon Nov 04 23:42:57 +0000 2019
1191501204423090176;Mon Nov 04 23:43:18 +0000 2019
1191501315995815937;Mon Nov 04 23:43:45 +0000 2019
1191501326901006336;Mon Nov 04 23:43:48 +0000 2019
1191501351609606150;Mon Nov 04 23:43:53 +0000 2019
1191501387080851456;Mon Nov 04 23:44:02 +0000 2019
1191501434644303875;Mon Nov 04 23:44:13 +0000 2019
1191501483814117377;Mon Nov 04 23:44:25 +0000 2019
1191501556128124930;Mon Nov 04 23:44:42 +0000 2019
1191501588810076161;Mon Nov 04 23:44:50 +0000 2019
1191501625740996609;Mon Nov 04 23:44:59 +0000 2019
1191501680468221952;Mon Nov 04 23:45:12 +0000 2019
1191501852023672833;Mon Nov 04 23:45:53 +0000 2019
1191501855412625409;Mon Nov 04 23:45:54 +0000 2019
1191501933489602566;Mon Nov 04 23:46:12 +0000 2019
1191502026523467776;Mon Nov 04 23:46:34 +0000 2019
1191502028696117248;Mon Nov 04 23:46:35 +0000 2019
1191502123277705217;Mon Nov 04 23:46:57 +0000 2019
1191502178260791296;Mon Nov 04 23:47:10 +0000 2019
1191502209898430464;Mon Nov 04 23:47:18 +0000 2019
1191502233394921475;Mon Nov 04 23:47:24 +0000 2019
1191502236041519104;Mon Nov 04 23:47:24 +0000 2019
1191502285148446720;Mon Nov 04 23:47:36 +0000 2019
1191502415855525888;Mon Nov 04 23:48:07 +0000 2019
1191502433681313792;Mon Nov 04 23:48:11 +0000 2019
1191502433681313792;Mon Nov 04 23:48:11 +0000 2019
1191502434574774272;Mon Nov 04 23:48:12 +0000 2019
1191502592771346433;Mon Nov 04 23:48:49 +0000 2019
1191502633829306374;Mon Nov 04 23:48:59 +0000 2019
1191502718986342403;Mon Nov 04 23:49:19 +0000 2019
1191502723872690177;Mon Nov 04 23:49:21 +0000 2019
1191502841950691329;Mon Nov 04 23:49:49 +0000 2019
1191502882710925314;Mon Nov 04 23:49:58 +0000 2019
1191502907721605120;Mon Nov 04 23:50:04 +0000 2019
1191502950767706113;Mon Nov 04 23:50:15 +0000 2019
1191502973177868288;Mon Nov 04 23:50:20 +0000 2019
1191503007969660928;Mon Nov 04 23:50:28 +0000 2019
1191503035077402624;Mon Nov 04 23:50:35 +0000 2019
1191503082359791616;Mon Nov 04 23:50:46 +0000 2019
1191503157056196609;Mon Nov 04 23:51:04 +0000 2019
1191503445007699968;Mon Nov 04 23:52:13 +0000 2019
1191503476783800322;Mon Nov 04 23:52:20 +0000 2019
1191503477849182208;Mon Nov 04 23:52:20 +0000 2019
1191503509876858880;Mon Nov 04 23:52:28 +0000 2019
1191503640550354945;Mon Nov 04 23:52:59 +0000 2019
1191503745324142593;Mon Nov 04 23:53:24 +0000 2019
1191503803243216899;Mon Nov 04 23:53:38 +0000 2019
1191503836722151424;Mon Nov 04 23:53:46 +0000 2019
1191503863645396992;Mon Nov 04 23:53:52 +0000 2019
1191503932985683968;Mon Nov 04 23:54:09 +0000 2019
1191503961808941056;Mon Nov 04 23:54:16 +0000 2019
1191504005450649600;Mon Nov 04 23:54:26 +0000 2019
1191504050648485889;Mon Nov 04 23:54:37 +0000 2019
1191504098559954947;Mon Nov 04 23:54:48 +0000 2019
1191504113051340801;Mon Nov 04 23:54:52 +0000 2019
1191504137793482752;Mon Nov 04 23:54:58 +0000 2019
1191504150036721670;Mon Nov 04 23:55:01 +0000 2019
1191504158609825793;Mon Nov 04 23:55:03 +0000 2019
1191504192432672768;Mon Nov 04 23:55:11 +0000 2019
1191504216709386242;Mon Nov 04 23:55:16 +0000 2019
1191504240512053249;Mon Nov 04 23:55:22 +0000 2019
1191504249143869443;Mon Nov 04 23:55:24 +0000 2019
1191504258912391168;Mon Nov 04 23:55:27 +0000 2019
1191504306341654528;Mon Nov 04 23:55:38 +0000 2019
1191504315174789120;Mon Nov 04 23:55:40 +0000 2019
1191504361446428673;Mon Nov 04 23:55:51 +0000 2019
1191504400726077441;Mon Nov 04 23:56:00 +0000 2019
1191504433085067265;Mon Nov 04 23:56:08 +0000 2019
1191504578224803841;Mon Nov 04 23:56:43 +0000 2019
1191504594846801922;Mon Nov 04 23:56:47 +0000 2019
1191504602564366336;Mon Nov 04 23:56:48 +0000 2019
1191504624248901638;Mon Nov 04 23:56:54 +0000 2019
1191504689017360384;Mon Nov 04 23:57:09 +0000 2019
1191504808479473665;Mon Nov 04 23:57:38 +0000 2019
1191504928440754177;Mon Nov 04 23:58:06 +0000 2019
1191505064965427201;Mon Nov 04 23:58:39 +0000 2019
1191505065397362697;Mon Nov 04 23:58:39 +0000 2019
1191505136889278465;Mon Nov 04 23:58:56 +0000 2019
1191505140521586692;Mon Nov 04 23:58:57 +0000 2019
1191505140571869196;Mon Nov 04 23:58:57 +0000 2019
1191505200621608960;Mon Nov 04 23:59:11 +0000 2019
1191505208083468288;Mon Nov 04 23:59:13 +0000 2019
1191505303986200578;Mon Nov 04 23:59:36 +0000 2019
1191505396260900869;Mon Nov 04 23:59:58 +0000 2019
1191505556269420544;Tue Nov 05 00:00:36 +0000 2019
1191505626054221825;Tue Nov 05 00:00:53 +0000 2019
1191505629048905728;Tue Nov 05 00:00:53 +0000 2019
1191505661751963648;Tue Nov 05 00:01:01 +0000 2019
1191505742550966273;Tue Nov 05 00:01:20 +0000 2019
1191505859412709377;Tue Nov 05 00:01:48 +0000 2019
1191505983664787456;Tue Nov 05 00:02:18 +0000 2019
1191506038098464769;Tue Nov 05 00:02:31 +0000 2019
1191506045576896513;Tue Nov 05 00:02:33 +0000 2019
1191506084260962304;Tue Nov 05 00:02:42 +0000 2019
1191506107933626368;Tue Nov 05 00:02:47 +0000 2019
1191506113453318144;Tue Nov 05 00:02:49 +0000 2019
1191506211000213506;Tue Nov 05 00:03:12 +0000 2019
1191506318282121219;Tue Nov 05 00:03:38 +0000 2019
1191506575501996032;Tue Nov 05 00:04:39 +0000 2019
1191506652127780866;Tue Nov 05 00:04:57 +0000 2019
1191506870357430274;Tue Nov 05 00:05:49 +0000 2019
1191507013395787776;Tue Nov 05 00:06:23 +0000 2019
1191507043359895554;Tue Nov 05 00:06:30 +0000 2019
1191507088750465024;Tue Nov 05 00:06:41 +0000 2019
1191507126881079296;Tue Nov 05 00:06:50 +0000 2019
1191507334645911555;Tue Nov 05 00:07:40 +0000 2019
1191507434336063490;Tue Nov 05 00:08:04 +0000 2019
1191507457530576897;Tue Nov 05 00:08:09 +0000 2019
1191507489008898048;Tue Nov 05 00:08:17 +0000 2019
1191507502942367745;Tue Nov 05 00:08:20 +0000 2019
1191507523758678021;Tue Nov 05 00:08:25 +0000 2019
1191507814767828993;Tue Nov 05 00:09:34 +0000 2019
1191507853217030144;Tue Nov 05 00:09:44 +0000 2019
1191507977381072897;Tue Nov 05 00:10:13 +0000 2019
1191508051351801857;Tue Nov 05 00:10:31 +0000 2019
1191508261310287873;Tue Nov 05 00:11:21 +0000 2019
1191508298555707395;Tue Nov 05 00:11:30 +0000 2019
1191508340783890432;Tue Nov 05 00:11:40 +0000 2019
1191508371280670721;Tue Nov 05 00:11:47 +0000 2019
1191508498581983232;Tue Nov 05 00:12:17 +0000 2019
1191508551572869120;Tue Nov 05 00:12:30 +0000 2019
1191508723971309569;Tue Nov 05 00:13:11 +0000 2019
1191508922735222784;Tue Nov 05 00:13:59 +0000 2019
1191509024019288066;Tue Nov 05 00:14:23 +0000 2019
1191509046844698630;Tue Nov 05 00:14:28 +0000 2019
1191509046844698630;Tue Nov 05 00:14:28 +0000 2019
1191509062149533697;Tue Nov 05 00:14:32 +0000 2019
1191509091102994432;Tue Nov 05 00:14:39 +0000 2019
1191509197864816643;Tue Nov 05 00:15:04 +0000 2019
1191509311568195584;Tue Nov 05 00:15:31 +0000 2019
1191509335555358720;Tue Nov 05 00:15:37 +0000 2019
1191509413888233472;Tue Nov 05 00:15:56 +0000 2019
1191509506678767616;Tue Nov 05 00:16:18 +0000 2019
1191509751219326976;Tue Nov 05 00:17:16 +0000 2019
1191509771742044161;Tue Nov 05 00:17:21 +0000 2019
1191509776901038085;Tue Nov 05 00:17:22 +0000 2019
1191510155793444864;Tue Nov 05 00:18:52 +0000 2019
1191510250098241537;Tue Nov 05 00:19:15 +0000 2019
1191510261510918145;Tue Nov 05 00:19:18 +0000 2019
1191510301927194625;Tue Nov 05 00:19:27 +0000 2019
1191510529707323398;Tue Nov 05 00:20:22 +0000 2019
1191510668362551296;Tue Nov 05 00:20:55 +0000 2019
1191510674863796227;Tue Nov 05 00:20:56 +0000 2019
1191510760050089991;Tue Nov 05 00:21:17 +0000 2019
1191510907026841601;Tue Nov 05 00:21:52 +0000 2019
1191511111847284736;Tue Nov 05 00:22:40 +0000 2019
1191511128721043461;Tue Nov 05 00:22:44 +0000 2019
1191511278835163138;Tue Nov 05 00:23:20 +0000 2019
1191511346006900736;Tue Nov 05 00:23:36 +0000 2019
1191511387975168003;Tue Nov 05 00:23:46 +0000 2019
1191511419453419520;Tue Nov 05 00:23:54 +0000 2019
1191511445999161346;Tue Nov 05 00:24:00 +0000 2019
1191511482221105152;Tue Nov 05 00:24:09 +0000 2019
1191511581252816906;Tue Nov 05 00:24:32 +0000 2019
1191512206673895428;Tue Nov 05 00:27:01 +0000 2019
1191512232628277248;Tue Nov 05 00:27:08 +0000 2019
1191512285728129026;Tue Nov 05 00:27:20 +0000 2019
1191512504750485504;Tue Nov 05 00:28:13 +0000 2019
1191512600946888707;Tue Nov 05 00:28:35 +0000 2019
1191512679044833281;Tue Nov 05 00:28:54 +0000 2019
1191512866077265926;Tue Nov 05 00:29:39 +0000 2019
1191513100681388033;Tue Nov 05 00:30:35 +0000 2019
1191513446552100866;Tue Nov 05 00:31:57 +0000 2019
1191513728023453697;Tue Nov 05 00:33:04 +0000 2019
1191513833220792321;Tue Nov 05 00:33:29 +0000 2019
1191513984282873857;Tue Nov 05 00:34:05 +0000 2019
1191514003903852544;Tue Nov 05 00:34:10 +0000 2019
1191514074296795136;Tue Nov 05 00:34:27 +0000 2019
1191514082911883265;Tue Nov 05 00:34:29 +0000 2019
1191514173521453056;Tue Nov 05 00:34:50 +0000 2019
1191514804172869632;Tue Nov 05 00:37:21 +0000 2019
1191514842630373377;Tue Nov 05 00:37:30 +0000 2019
1191514860489789442;Tue Nov 05 00:37:34 +0000 2019
1191515001103753218;Tue Nov 05 00:38:08 +0000 2019
1191515003477733376;Tue Nov 05 00:38:08 +0000 2019
1191515141990432768;Tue Nov 05 00:38:41 +0000 2019
1191515716878508038;Tue Nov 05 00:40:58 +0000 2019
1191515922709852171;Tue Nov 05 00:41:47 +0000 2019
1191516039575744514;Tue Nov 05 00:42:15 +0000 2019
1191516056474603521;Tue Nov 05 00:42:19 +0000 2019
1191516218538246145;Tue Nov 05 00:42:58 +0000 2019
1191516306492862464;Tue Nov 05 00:43:19 +0000 2019
1191516412541644806;Tue Nov 05 00:43:44 +0000 2019
1191516437095026689;Tue Nov 05 00:43:50 +0000 2019
1191516540597940224;Tue Nov 05 00:44:15 +0000 2019
1191516636978798592;Tue Nov 05 00:44:38 +0000 2019
1191516781430689793;Tue Nov 05 00:45:12 +0000 2019
1191516797113110528;Tue Nov 05 00:45:16 +0000 2019
1191516829212200961;Tue Nov 05 00:45:24 +0000 2019
1191516920996073472;Tue Nov 05 00:45:45 +0000 2019
1191517125762002944;Tue Nov 05 00:46:34 +0000 2019
1191517129218154504;Tue Nov 05 00:46:35 +0000 2019
1191517281962078208;Tue Nov 05 00:47:11 +0000 2019
1191517364032036868;Tue Nov 05 00:47:31 +0000 2019
1191517548212346898;Tue Nov 05 00:48:15 +0000 2019
1191517562313617408;Tue Nov 05 00:48:18 +0000 2019
1191517654718275586;Tue Nov 05 00:48:40 +0000 2019
1191517773282906115;Tue Nov 05 00:49:09 +0000 2019
1191517810729590785;Tue Nov 05 00:49:18 +0000 2019
1191517974441664512;Tue Nov 05 00:49:57 +0000 2019
1191518010294575104;Tue Nov 05 00:50:05 +0000 2019
1191518173021032448;Tue Nov 05 00:50:44 +0000 2019
1191518307146510336;Tue Nov 05 00:51:16 +0000 2019
1191518369826127874;Tue Nov 05 00:51:31 +0000 2019
1191518514819092481;Tue Nov 05 00:52:05 +0000 2019
1191518546649657345;Tue Nov 05 00:52:13 +0000 2019
1191518590954082319;Tue Nov 05 00:52:24 +0000 2019
1191518709694812160;Tue Nov 05 00:52:52 +0000 2019
1191518714455302144;Tue Nov 05 00:52:53 +0000 2019
1191518716476973056;Tue Nov 05 00:52:54 +0000 2019
1191518811477991425;Tue Nov 05 00:53:16 +0000 2019
1191519076809674752;Tue Nov 05 00:54:19 +0000 2019
1191519480524034049;Tue Nov 05 00:55:56 +0000 2019
1191519794413084672;Tue Nov 05 00:57:11 +0000 2019
1191519935895408645;Tue Nov 05 00:57:44 +0000 2019
1191520312120299520;Tue Nov 05 00:59:14 +0000 2019
1191520395230359552;Tue Nov 05 00:59:34 +0000 2019
1191520534351241220;Tue Nov 05 01:00:07 +0000 2019
1191520550268624898;Tue Nov 05 01:00:11 +0000 2019
1191520596334727168;Tue Nov 05 01:00:22 +0000 2019
1191520644787245058;Tue Nov 05 01:00:33 +0000 2019
1191520746335588352;Tue Nov 05 01:00:57 +0000 2019
1191520746834669570;Tue Nov 05 01:00:58 +0000 2019
1191520814845349889;Tue Nov 05 01:01:14 +0000 2019
1191521037424496642;Tue Nov 05 01:02:07 +0000 2019
1191521037424496642;Tue Nov 05 01:02:07 +0000 2019
1191521193519669248;Tue Nov 05 01:02:44 +0000 2019
1191521194534735874;Tue Nov 05 01:02:44 +0000 2019
1191521334557364224;Tue Nov 05 01:03:18 +0000 2019
1191521389142061057;Tue Nov 05 01:03:31 +0000 2019
1191521396226170885;Tue Nov 05 01:03:32 +0000 2019
1191521664938459139;Tue Nov 05 01:04:36 +0000 2019
1191522202191106049;Tue Nov 05 01:06:45 +0000 2019
1191522424145285120;Tue Nov 05 01:07:37 +0000 2019
1191522555737362432;Tue Nov 05 01:08:09 +0000 2019
1191522586561114112;Tue Nov 05 01:08:16 +0000 2019
1191522927663108097;Tue Nov 05 01:09:38 +0000 2019
1191523062753222656;Tue Nov 05 01:10:10 +0000 2019
1191523211630071808;Tue Nov 05 01:10:45 +0000 2019
1191523255133208582;Tue Nov 05 01:10:56 +0000 2019
1191523348435603456;Tue Nov 05 01:11:18 +0000 2019
1191523604388831232;Tue Nov 05 01:12:19 +0000 2019
1191523624064176128;Tue Nov 05 01:12:24 +0000 2019
1191523653516713986;Tue Nov 05 01:12:31 +0000 2019
1191523837696978945;Tue Nov 05 01:13:15 +0000 2019
1191523840897114112;Tue Nov 05 01:13:15 +0000 2019
1191523900494098432;Tue Nov 05 01:13:29 +0000 2019
1191523908031254529;Tue Nov 05 01:13:31 +0000 2019
1191524028227506177;Tue Nov 05 01:14:00 +0000 2019
1191524097341214721;Tue Nov 05 01:14:16 +0000 2019
1191524255197999104;Tue Nov 05 01:14:54 +0000 2019
1191524256498278406;Tue Nov 05 01:14:54 +0000 2019
1191524298978156547;Tue Nov 05 01:15:04 +0000 2019
1191524556462284800;Tue Nov 05 01:16:06 +0000 2019
1191524589836345344;Tue Nov 05 01:16:14 +0000 2019
1191524733336068097;Tue Nov 05 01:16:48 +0000 2019
1191525011934367744;Tue Nov 05 01:17:54 +0000 2019
1191525198023053313;Tue Nov 05 01:18:39 +0000 2019
1191525485924278274;Tue Nov 05 01:19:47 +0000 2019
1191525990712979457;Tue Nov 05 01:21:48 +0000 2019
1191526390241345536;Tue Nov 05 01:23:23 +0000 2019
1191526438215802885;Tue Nov 05 01:23:35 +0000 2019
1191526561775849472;Tue Nov 05 01:24:04 +0000 2019
1191526790679977984;Tue Nov 05 01:24:59 +0000 2019
1191527129760051200;Tue Nov 05 01:26:19 +0000 2019
1191527140434595840;Tue Nov 05 01:26:22 +0000 2019
1191527387894292480;Tue Nov 05 01:27:21 +0000 2019
1191527535852605440;Tue Nov 05 01:27:56 +0000 2019
1191528048920813574;Tue Nov 05 01:29:59 +0000 2019
1191528592699744258;Tue Nov 05 01:32:08 +0000 2019
1191528999786307584;Tue Nov 05 01:33:45 +0000 2019
1191529815809150977;Tue Nov 05 01:37:00 +0000 2019
1191530034600849413;Tue Nov 05 01:37:52 +0000 2019
1191530105262215169;Tue Nov 05 01:38:09 +0000 2019
1191530422410326016;Tue Nov 05 01:39:24 +0000 2019
1191530918307082241;Tue Nov 05 01:41:23 +0000 2019
1191531268502171648;Tue Nov 05 01:42:46 +0000 2019
1191531437100539904;Tue Nov 05 01:43:26 +0000 2019
1191531835735642119;Tue Nov 05 01:45:01 +0000 2019
1191532000731107328;Tue Nov 05 01:45:41 +0000 2019
1191532424028729345;Tue Nov 05 01:47:22 +0000 2019
1191532512209702912;Tue Nov 05 01:47:43 +0000 2019
1191532530551414784;Tue Nov 05 01:47:47 +0000 2019
1191533017673719808;Tue Nov 05 01:49:43 +0000 2019
1191533107796742144;Tue Nov 05 01:50:05 +0000 2019
1191533214495629320;Tue Nov 05 01:50:30 +0000 2019
1191533293386313729;Tue Nov 05 01:50:49 +0000 2019
1191533323987947520;Tue Nov 05 01:50:56 +0000 2019
1191533418904989697;Tue Nov 05 01:51:19 +0000 2019
1191533703572402176;Tue Nov 05 01:52:27 +0000 2019
1191534279232241664;Tue Nov 05 01:54:44 +0000 2019
1191534344738881537;Tue Nov 05 01:55:00 +0000 2019
1191534451962056706;Tue Nov 05 01:55:25 +0000 2019
1191534485130665985;Tue Nov 05 01:55:33 +0000 2019
1191535106579685376;Tue Nov 05 01:58:01 +0000 2019
1191535472008409088;Tue Nov 05 01:59:28 +0000 2019
1191535520100302848;Tue Nov 05 01:59:40 +0000 2019
1191536004085272576;Tue Nov 05 02:01:35 +0000 2019
1191536053334794247;Tue Nov 05 02:01:47 +0000 2019
1191536934696505356;Tue Nov 05 02:05:17 +0000 2019
1191537001964691458;Tue Nov 05 02:05:33 +0000 2019
1191537146190016512;Tue Nov 05 02:06:07 +0000 2019
1191537393234526213;Tue Nov 05 02:07:06 +0000 2019
1191537479947608064;Tue Nov 05 02:07:27 +0000 2019
1191537623342469121;Tue Nov 05 02:08:01 +0000 2019
1191537747300888576;Tue Nov 05 02:08:31 +0000 2019
1191537794893647872;Tue Nov 05 02:08:42 +0000 2019
1191537815428964353;Tue Nov 05 02:08:47 +0000 2019
1191537825684086784;Tue Nov 05 02:08:50 +0000 2019
1191538020115189761;Tue Nov 05 02:09:36 +0000 2019
1191538292761726976;Tue Nov 05 02:10:41 +0000 2019
1191538322184773637;Tue Nov 05 02:10:48 +0000 2019
1191538336063787011;Tue Nov 05 02:10:51 +0000 2019
1191538529324675072;Tue Nov 05 02:11:37 +0000 2019
1191538802113863681;Tue Nov 05 02:12:42 +0000 2019
1191539235247050753;Tue Nov 05 02:14:26 +0000 2019
1191539292243451904;Tue Nov 05 02:14:39 +0000 2019
1191539471294054401;Tue Nov 05 02:15:22 +0000 2019
1191539519310442496;Tue Nov 05 02:15:33 +0000 2019
1191539582753550336;Tue Nov 05 02:15:48 +0000 2019
1191539658850746368;Tue Nov 05 02:16:07 +0000 2019
1191539838664744962;Tue Nov 05 02:16:49 +0000 2019
1191539865164361732;Tue Nov 05 02:16:56 +0000 2019
1191539911826059264;Tue Nov 05 02:17:07 +0000 2019
1191539957640450049;Tue Nov 05 02:17:18 +0000 2019
1191539957640450049;Tue Nov 05 02:17:18 +0000 2019
1191539978620289025;Tue Nov 05 02:17:23 +0000 2019
1191540185135296512;Tue Nov 05 02:18:12 +0000 2019
1191540209957122050;Tue Nov 05 02:18:18 +0000 2019
1191540226067435520;Tue Nov 05 02:18:22 +0000 2019
1191540228625981440;Tue Nov 05 02:18:22 +0000 2019
1191540364773134337;Tue Nov 05 02:18:55 +0000 2019
1191541162802368514;Tue Nov 05 02:22:05 +0000 2019
1191541366180007936;Tue Nov 05 02:22:54 +0000 2019
1191541415605657600;Tue Nov 05 02:23:05 +0000 2019
1191541590747230208;Tue Nov 05 02:23:47 +0000 2019
1191541729352200193;Tue Nov 05 02:24:20 +0000 2019
1191541771525902337;Tue Nov 05 02:24:30 +0000 2019
1191541790542839808;Tue Nov 05 02:24:35 +0000 2019
1191541952698826752;Tue Nov 05 02:25:13 +0000 2019
1191542521429712897;Tue Nov 05 02:27:29 +0000 2019
1191543032694394880;Tue Nov 05 02:29:31 +0000 2019
1191543044023169025;Tue Nov 05 02:29:34 +0000 2019
1191543154815766529;Tue Nov 05 02:30:00 +0000 2019
1191543237099577344;Tue Nov 05 02:30:20 +0000 2019
1191543548019118080;Tue Nov 05 02:31:34 +0000 2019
1191543740747390982;Tue Nov 05 02:32:20 +0000 2019
1191544020729815045;Tue Nov 05 02:33:27 +0000 2019
1191544158911107072;Tue Nov 05 02:33:59 +0000 2019
1191544180901851136;Tue Nov 05 02:34:05 +0000 2019
1191544196429238275;Tue Nov 05 02:34:08 +0000 2019
1191544287382642689;Tue Nov 05 02:34:30 +0000 2019
1191544453162569728;Tue Nov 05 02:35:10 +0000 2019
1191544473114873856;Tue Nov 05 02:35:14 +0000 2019
1191544493750849537;Tue Nov 05 02:35:19 +0000 2019
1191544530362875904;Tue Nov 05 02:35:28 +0000 2019
1191544575753629696;Tue Nov 05 02:35:39 +0000 2019
1191544718271889408;Tue Nov 05 02:36:13 +0000 2019
1191544947318636545;Tue Nov 05 02:37:07 +0000 2019
1191545015320895488;Tue Nov 05 02:37:24 +0000 2019
1191545039819886594;Tue Nov 05 02:37:29 +0000 2019
1191545154139803654;Tue Nov 05 02:37:57 +0000 2019
1191545468486144003;Tue Nov 05 02:39:12 +0000 2019
1191545596861136897;Tue Nov 05 02:39:42 +0000 2019
1191545668663422977;Tue Nov 05 02:39:59 +0000 2019
1191546322119282689;Tue Nov 05 02:42:35 +0000 2019
1191546343799631872;Tue Nov 05 02:42:40 +0000 2019
1191546597789896705;Tue Nov 05 02:43:41 +0000 2019
1191546641163137024;Tue Nov 05 02:43:51 +0000 2019
1191547145024942080;Tue Nov 05 02:45:51 +0000 2019
1191547250268393472;Tue Nov 05 02:46:16 +0000 2019
1191547332749340672;Tue Nov 05 02:46:36 +0000 2019
1191547397979197444;Tue Nov 05 02:46:52 +0000 2019
1191547620348563456;Tue Nov 05 02:47:45 +0000 2019
1191547654427287552;Tue Nov 05 02:47:53 +0000 2019
1191548098096574469;Tue Nov 05 02:49:39 +0000 2019
1191548221363040257;Tue Nov 05 02:50:08 +0000 2019
1191548722695606272;Tue Nov 05 02:52:08 +0000 2019
1191549368245063680;Tue Nov 05 02:54:41 +0000 2019
1191549372145819648;Tue Nov 05 02:54:42 +0000 2019
1191549384850395136;Tue Nov 05 02:54:45 +0000 2019
1191550073697710080;Tue Nov 05 02:57:30 +0000 2019
1191550150684098561;Tue Nov 05 02:57:48 +0000 2019
1191550445036220418;Tue Nov 05 02:58:58 +0000 2019
1191550468964704262;Tue Nov 05 02:59:04 +0000 2019
1191550491131551744;Tue Nov 05 02:59:09 +0000 2019
1191550525499740160;Tue Nov 05 02:59:17 +0000 2019
1191550653228818432;Tue Nov 05 02:59:48 +0000 2019
1191550699823357952;Tue Nov 05 02:59:59 +0000 2019
1191550713450651648;Tue Nov 05 03:00:02 +0000 2019
1191550791921917952;Tue Nov 05 03:00:21 +0000 2019
1191550794899873792;Tue Nov 05 03:00:22 +0000 2019
1191550938512809984;Tue Nov 05 03:00:56 +0000 2019
1191550954484703232;Tue Nov 05 03:01:00 +0000 2019
1191551000299163648;Tue Nov 05 03:01:11 +0000 2019
1191551007102251008;Tue Nov 05 03:01:12 +0000 2019
1191551072910921729;Tue Nov 05 03:01:28 +0000 2019
1191551094486384641;Tue Nov 05 03:01:33 +0000 2019
1191551102732427265;Tue Nov 05 03:01:35 +0000 2019
1191551161087746048;Tue Nov 05 03:01:49 +0000 2019
1191551373722210306;Tue Nov 05 03:02:40 +0000 2019
1191551482925064194;Tue Nov 05 03:03:06 +0000 2019
1191551518232719360;Tue Nov 05 03:03:14 +0000 2019
1191551602542497792;Tue Nov 05 03:03:34 +0000 2019
1191551623358644224;Tue Nov 05 03:03:39 +0000 2019
1191551734944022528;Tue Nov 05 03:04:06 +0000 2019
1191552015786291200;Tue Nov 05 03:05:13 +0000 2019
1191552277389156353;Tue Nov 05 03:06:15 +0000 2019
1191552376253157376;Tue Nov 05 03:06:39 +0000 2019
1191552426966495232;Tue Nov 05 03:06:51 +0000 2019
1191552487796412416;Tue Nov 05 03:07:05 +0000 2019
1191552525591334913;Tue Nov 05 03:07:14 +0000 2019
1191552555140165632;Tue Nov 05 03:07:21 +0000 2019
1191552639248543744;Tue Nov 05 03:07:41 +0000 2019
1191552920556392450;Tue Nov 05 03:08:48 +0000 2019
1191553097207861249;Tue Nov 05 03:09:31 +0000 2019
1191553113305616384;Tue Nov 05 03:09:34 +0000 2019
1191553166925541376;Tue Nov 05 03:09:47 +0000 2019
1191553234516746240;Tue Nov 05 03:10:03 +0000 2019
1191553320843911170;Tue Nov 05 03:10:24 +0000 2019
1191553495977144320;Tue Nov 05 03:11:06 +0000 2019
1191553507901530112;Tue Nov 05 03:11:08 +0000 2019
1191553604877987840;Tue Nov 05 03:11:32 +0000 2019
1191554012488835077;Tue Nov 05 03:13:09 +0000 2019
1191554013013172224;Tue Nov 05 03:13:09 +0000 2019
1191554013013172224;Tue Nov 05 03:13:09 +0000 2019
1191554070839988229;Tue Nov 05 03:13:23 +0000 2019
1191554449623392256;Tue Nov 05 03:14:53 +0000 2019
1191554584633888768;Tue Nov 05 03:15:25 +0000 2019
1191554807112306689;Tue Nov 05 03:16:18 +0000 2019
1191554846681452547;Tue Nov 05 03:16:28 +0000 2019
1191554941036507137;Tue Nov 05 03:16:50 +0000 2019
1191555863103909893;Tue Nov 05 03:20:30 +0000 2019
1191555991101419520;Tue Nov 05 03:21:00 +0000 2019
1191556035317829633;Tue Nov 05 03:21:11 +0000 2019
1191556151592267778;Tue Nov 05 03:21:39 +0000 2019
1191556228356464640;Tue Nov 05 03:21:57 +0000 2019
1191556229560250368;Tue Nov 05 03:21:57 +0000 2019
1191556408837394435;Tue Nov 05 03:22:40 +0000 2019
1191556597895577600;Tue Nov 05 03:23:25 +0000 2019
1191556918378205184;Tue Nov 05 03:24:42 +0000 2019
1191557021935513602;Tue Nov 05 03:25:06 +0000 2019
1191557537881034752;Tue Nov 05 03:27:09 +0000 2019
1191557695955972096;Tue Nov 05 03:27:47 +0000 2019
1191558002681270273;Tue Nov 05 03:29:00 +0000 2019
1191558094289088514;Tue Nov 05 03:29:22 +0000 2019
1191558162895310848;Tue Nov 05 03:29:38 +0000 2019
1191558255161618432;Tue Nov 05 03:30:00 +0000 2019
1191558308773203969;Tue Nov 05 03:30:13 +0000 2019
1191558516592562176;Tue Nov 05 03:31:03 +0000 2019
1191558576831188993;Tue Nov 05 03:31:17 +0000 2019
1191558617142611969;Tue Nov 05 03:31:27 +0000 2019
1191558654736113664;Tue Nov 05 03:31:36 +0000 2019
1191558675565076481;Tue Nov 05 03:31:41 +0000 2019
1191559288214478848;Tue Nov 05 03:34:07 +0000 2019
1191559653878116352;Tue Nov 05 03:35:34 +0000 2019
1191559933084471296;Tue Nov 05 03:36:40 +0000 2019
1191559956287373312;Tue Nov 05 03:36:46 +0000 2019
1191559993541251072;Tue Nov 05 03:36:55 +0000 2019
1191560106590244864;Tue Nov 05 03:37:22 +0000 2019
1191560250391846912;Tue Nov 05 03:37:56 +0000 2019
1191560480197947397;Tue Nov 05 03:38:51 +0000 2019
1191560691418828804;Tue Nov 05 03:39:41 +0000 2019
1191561381151203328;Tue Nov 05 03:42:26 +0000 2019
1191561397542572033;Tue Nov 05 03:42:29 +0000 2019
1191561638480093185;Tue Nov 05 03:43:27 +0000 2019
1191562276316336129;Tue Nov 05 03:45:59 +0000 2019
1191563016728436742;Tue Nov 05 03:48:56 +0000 2019
1191563337718521856;Tue Nov 05 03:50:12 +0000 2019
1191563384795402240;Tue Nov 05 03:50:23 +0000 2019
1191563583857016832;Tue Nov 05 03:51:11 +0000 2019
1191563600214872064;Tue Nov 05 03:51:15 +0000 2019
1191564042625785856;Tue Nov 05 03:53:00 +0000 2019
1191564355663474689;Tue Nov 05 03:54:15 +0000 2019
1191564928844541952;Tue Nov 05 03:56:31 +0000 2019
1191565251470381056;Tue Nov 05 03:57:48 +0000 2019
1191565614818701317;Tue Nov 05 03:59:15 +0000 2019
1191565832066867200;Tue Nov 05 04:00:07 +0000 2019
1191565996508794880;Tue Nov 05 04:00:46 +0000 2019
1191566815434067968;Tue Nov 05 04:04:01 +0000 2019
1191566894236676096;Tue Nov 05 04:04:20 +0000 2019
1191567248751824896;Tue Nov 05 04:05:45 +0000 2019
1191567478025003009;Tue Nov 05 04:06:39 +0000 2019
1191568112342241280;Tue Nov 05 04:09:10 +0000 2019
1191568413501591553;Tue Nov 05 04:10:22 +0000 2019
1191568561225043968;Tue Nov 05 04:10:57 +0000 2019
1191568848039895045;Tue Nov 05 04:12:06 +0000 2019
1191569103552679936;Tue Nov 05 04:13:07 +0000 2019
1191569773634699266;Tue Nov 05 04:15:46 +0000 2019
1191569774062526465;Tue Nov 05 04:15:47 +0000 2019
1191569947480199169;Tue Nov 05 04:16:28 +0000 2019
1191570003033808896;Tue Nov 05 04:16:41 +0000 2019
1191570899922759681;Tue Nov 05 04:20:15 +0000 2019
1191570976812797952;Tue Nov 05 04:20:33 +0000 2019
1191571289208762368;Tue Nov 05 04:21:48 +0000 2019
1191571486160674816;Tue Nov 05 04:22:35 +0000 2019
1191572035702591489;Tue Nov 05 04:24:46 +0000 2019
1191572681788973056;Tue Nov 05 04:27:20 +0000 2019
1191572909497749504;Tue Nov 05 04:28:14 +0000 2019
1191573231779663872;Tue Nov 05 04:29:31 +0000 2019
1191573763185356800;Tue Nov 05 04:31:38 +0000 2019
1191574839636586496;Tue Nov 05 04:35:54 +0000 2019
1191575039453356033;Tue Nov 05 04:36:42 +0000 2019
1191575354613358592;Tue Nov 05 04:37:57 +0000 2019
1191575423290937344;Tue Nov 05 04:38:13 +0000 2019
1191575529901694976;Tue Nov 05 04:38:39 +0000 2019
1191575803349344258;Tue Nov 05 04:39:44 +0000 2019
1191577857350422528;Tue Nov 05 04:47:54 +0000 2019
1191578084920774657;Tue Nov 05 04:48:48 +0000 2019
1191579426099740672;Tue Nov 05 04:54:08 +0000 2019
1191579878468018176;Tue Nov 05 04:55:56 +0000 2019
1191580387492978688;Tue Nov 05 04:57:57 +0000 2019
1191581560413343745;Tue Nov 05 05:02:37 +0000 2019
1191581830434168834;Tue Nov 05 05:03:41 +0000 2019
1191582501170503680;Tue Nov 05 05:06:21 +0000 2019
1191584093642874880;Tue Nov 05 05:12:41 +0000 2019
1191585196921020416;Tue Nov 05 05:17:04 +0000 2019
1191586111174430721;Tue Nov 05 05:20:42 +0000 2019
1191590052775780352;Tue Nov 05 05:36:21 +0000 2019
1191598834616545280;Tue Nov 05 06:11:15 +0000 2019
1191604077068726272;Tue Nov 05 06:32:05 +0000 2019
1191609569149161472;Tue Nov 05 06:53:54 +0000 2019
1191609784383881216;Tue Nov 05 06:54:46 +0000 2019
1191610115180388353;Tue Nov 05 06:56:05 +0000 2019
1191610165046468608;Tue Nov 05 06:56:17 +0000 2019
1191610165046468608;Tue Nov 05 06:56:17 +0000 2019
1191610392121876480;Tue Nov 05 06:57:11 +0000 2019
1191610661924745217;Tue Nov 05 06:58:15 +0000 2019
1191610703355863040;Tue Nov 05 06:58:25 +0000 2019
1191611370661449728;Tue Nov 05 07:01:04 +0000 2019
1191612956146053120;Tue Nov 05 07:07:22 +0000 2019
1191614233177407488;Tue Nov 05 07:12:26 +0000 2019
1191614960998244352;Tue Nov 05 07:15:20 +0000 2019
1191615948115062784;Tue Nov 05 07:19:15 +0000 2019
1191616563100758021;Tue Nov 05 07:21:42 +0000 2019
1191616678527950850;Tue Nov 05 07:22:09 +0000 2019
1191618034152230912;Tue Nov 05 07:27:33 +0000 2019
1191620308320563200;Tue Nov 05 07:36:35 +0000 2019
1191622829042806785;Tue Nov 05 07:46:36 +0000 2019
1191623321873526784;Tue Nov 05 07:48:33 +0000 2019
1191623712820387841;Tue Nov 05 07:50:07 +0000 2019
1191626861555732480;Tue Nov 05 08:02:37 +0000 2019
1191628914768195584;Tue Nov 05 08:10:47 +0000 2019
1191629011446829056;Tue Nov 05 08:11:10 +0000 2019
1191629055050833921;Tue Nov 05 08:11:20 +0000 2019
1191629096796729345;Tue Nov 05 08:11:30 +0000 2019
1191630167686426624;Tue Nov 05 08:15:46 +0000 2019
1191633540489924608;Tue Nov 05 08:29:10 +0000 2019
1191637484159033345;Tue Nov 05 08:44:50 +0000 2019
1191638895991119873;Tue Nov 05 08:50:27 +0000 2019
1191642388747436034;Tue Nov 05 09:04:19 +0000 2019
1191642892114300928;Tue Nov 05 09:06:19 +0000 2019
1191644730909700096;Tue Nov 05 09:13:38 +0000 2019
1191646170516459520;Tue Nov 05 09:19:21 +0000 2019
1191648298811179008;Tue Nov 05 09:27:48 +0000 2019
1191649501087502336;Tue Nov 05 09:32:35 +0000 2019
1191650634728198146;Tue Nov 05 09:37:05 +0000 2019
1191650856065744896;Tue Nov 05 09:37:58 +0000 2019
1191651767425150976;Tue Nov 05 09:41:35 +0000 2019
1191654963899969537;Tue Nov 05 09:54:17 +0000 2019
1191656812602445825;Tue Nov 05 10:01:38 +0000 2019
1191660406441414656;Tue Nov 05 10:15:55 +0000 2019
1191663478592933889;Tue Nov 05 10:28:07 +0000 2019
1191663553570324486;Tue Nov 05 10:28:25 +0000 2019
1191663802862968832;Tue Nov 05 10:29:25 +0000 2019
1191663887499907073;Tue Nov 05 10:29:45 +0000 2019
1191664391940452353;Tue Nov 05 10:31:45 +0000 2019
1191664789828882432;Tue Nov 05 10:33:20 +0000 2019
1191665008834498560;Tue Nov 05 10:34:12 +0000 2019
1191665097162276864;Tue Nov 05 10:34:33 +0000 2019
1191665140837572609;Tue Nov 05 10:34:44 +0000 2019
1191665225596096512;Tue Nov 05 10:35:04 +0000 2019
1191665261436428289;Tue Nov 05 10:35:13 +0000 2019
1191665621882359808;Tue Nov 05 10:36:38 +0000 2019
1191665730380582912;Tue Nov 05 10:37:04 +0000 2019
1191666295026016256;Tue Nov 05 10:39:19 +0000 2019
1191666726368370691;Tue Nov 05 10:41:02 +0000 2019
1191666799709962240;Tue Nov 05 10:41:19 +0000 2019
1191666822225022976;Tue Nov 05 10:41:25 +0000 2019
1191667932620869632;Tue Nov 05 10:45:49 +0000 2019
1191667976082247687;Tue Nov 05 10:46:00 +0000 2019
1191668061994131456;Tue Nov 05 10:46:20 +0000 2019
1191669069696638976;Tue Nov 05 10:50:21 +0000 2019
1191669150453817345;Tue Nov 05 10:50:40 +0000 2019
1191671352522104832;Tue Nov 05 10:59:25 +0000 2019
1191672464843128838;Tue Nov 05 11:03:50 +0000 2019
1191672552843882496;Tue Nov 05 11:04:11 +0000 2019
1191674405509877760;Tue Nov 05 11:11:33 +0000 2019
1191674889469677569;Tue Nov 05 11:13:28 +0000 2019
1191675200179494914;Tue Nov 05 11:14:42 +0000 2019
1191675480426106880;Tue Nov 05 11:15:49 +0000 2019
1191676376627200000;Tue Nov 05 11:19:23 +0000 2019
1191676625127198720;Tue Nov 05 11:20:22 +0000 2019
1191678458067329025;Tue Nov 05 11:27:39 +0000 2019
1191679514616705026;Tue Nov 05 11:31:51 +0000 2019
1191680033582137344;Tue Nov 05 11:33:55 +0000 2019
1191681393681670147;Tue Nov 05 11:39:19 +0000 2019
1191681540281028609;Tue Nov 05 11:39:54 +0000 2019
1191682591650467840;Tue Nov 05 11:44:04 +0000 2019
1191683302551367680;Tue Nov 05 11:46:54 +0000 2019
1191683419668983809;Tue Nov 05 11:47:22 +0000 2019
1191685053195132928;Tue Nov 05 11:53:51 +0000 2019
1191686121459245056;Tue Nov 05 11:58:06 +0000 2019
1191686955664367616;Tue Nov 05 12:01:25 +0000 2019
1191687250486145024;Tue Nov 05 12:02:35 +0000 2019
1191687319239249921;Tue Nov 05 12:02:52 +0000 2019
1191687477322493954;Tue Nov 05 12:03:29 +0000 2019
1191687593676677121;Tue Nov 05 12:03:57 +0000 2019
1191687846874296321;Tue Nov 05 12:04:57 +0000 2019
1191688822087663616;Tue Nov 05 12:08:50 +0000 2019
1191688866517913600;Tue Nov 05 12:09:00 +0000 2019
1191689203568009216;Tue Nov 05 12:10:21 +0000 2019
1191690322247593984;Tue Nov 05 12:14:48 +0000 2019
1191690788696207365;Tue Nov 05 12:16:39 +0000 2019
1191691525970972672;Tue Nov 05 12:19:35 +0000 2019
1191693053020516354;Tue Nov 05 12:25:39 +0000 2019
1191693467564548096;Tue Nov 05 12:27:17 +0000 2019
1191693573005172736;Tue Nov 05 12:27:43 +0000 2019
1191696899633483776;Tue Nov 05 12:40:56 +0000 2019
1191697955943862273;Tue Nov 05 12:45:08 +0000 2019
1191698821887205376;Tue Nov 05 12:48:34 +0000 2019
1191700280234119170;Tue Nov 05 12:54:22 +0000 2019
1191701001683841025;Tue Nov 05 12:57:14 +0000 2019
1191704421383778305;Tue Nov 05 13:10:49 +0000 2019
1191704459354791936;Tue Nov 05 13:10:58 +0000 2019
1191704459354791936;Tue Nov 05 13:10:58 +0000 2019
1191705419493888000;Tue Nov 05 13:14:47 +0000 2019
1191705472266637318;Tue Nov 05 13:15:00 +0000 2019
1191705477383630848;Tue Nov 05 13:15:01 +0000 2019
1191705700185059329;Tue Nov 05 13:15:54 +0000 2019
1191705951994138624;Tue Nov 05 13:16:54 +0000 2019
1191706096584548352;Tue Nov 05 13:17:28 +0000 2019
1191709656965619712;Tue Nov 05 13:31:37 +0000 2019
1191710828682260480;Tue Nov 05 13:36:17 +0000 2019
1191711385895493633;Tue Nov 05 13:38:29 +0000 2019
1191711982635900929;Tue Nov 05 13:40:52 +0000 2019
1191712378494365697;Tue Nov 05 13:42:26 +0000 2019
1191714157084790786;Tue Nov 05 13:49:30 +0000 2019
1191714310009044994;Tue Nov 05 13:50:07 +0000 2019
1191714864659648513;Tue Nov 05 13:52:19 +0000 2019
1191714943994941441;Tue Nov 05 13:52:38 +0000 2019
1191716089081860096;Tue Nov 05 13:57:11 +0000 2019
1191717768808321024;Tue Nov 05 14:03:51 +0000 2019
1191718454497366016;Tue Nov 05 14:06:35 +0000 2019
1191721019968512000;Tue Nov 05 14:16:46 +0000 2019
1191722050345459712;Tue Nov 05 14:20:52 +0000 2019
1191723123860803584;Tue Nov 05 14:25:08 +0000 2019
1191725255167004673;Tue Nov 05 14:33:36 +0000 2019
1191727301668589568;Tue Nov 05 14:41:44 +0000 2019
1191728071717670914;Tue Nov 05 14:44:48 +0000 2019
1191729095698255872;Tue Nov 05 14:48:52 +0000 2019
1191729649853829122;Tue Nov 05 14:51:04 +0000 2019
1191729884118310912;Tue Nov 05 14:52:00 +0000 2019
1191729895992373254;Tue Nov 05 14:52:03 +0000 2019
1191730057812889600;Tue Nov 05 14:52:41 +0000 2019
1191731142157905922;Tue Nov 05 14:57:00 +0000 2019
1191731263985594369;Tue Nov 05 14:57:29 +0000 2019
1191734293783031808;Tue Nov 05 15:09:31 +0000 2019
1191734900216479745;Tue Nov 05 15:11:56 +0000 2019
1191735489440763904;Tue Nov 05 15:14:16 +0000 2019
1191738230275821568;Tue Nov 05 15:25:10 +0000 2019
1191738450204073991;Tue Nov 05 15:26:02 +0000 2019
1191738616441122818;Tue Nov 05 15:26:42 +0000 2019
1191740521519157250;Tue Nov 05 15:34:16 +0000 2019
1191744323773222912;Tue Nov 05 15:49:22 +0000 2019
1191746996735893504;Tue Nov 05 16:00:00 +0000 2019
1191747237661069312;Tue Nov 05 16:00:57 +0000 2019
1191748114681610242;Tue Nov 05 16:04:26 +0000 2019
1191750273502531584;Tue Nov 05 16:13:01 +0000 2019
1191755285792219136;Tue Nov 05 16:32:56 +0000 2019
1191758037423407106;Tue Nov 05 16:43:52 +0000 2019
1191759016222965760;Tue Nov 05 16:47:45 +0000 2019
1191765692997099520;Tue Nov 05 17:14:17 +0000 2019
1191768323475656704;Tue Nov 05 17:24:44 +0000 2019
1191770346082459648;Tue Nov 05 17:32:47 +0000 2019
1191771449251549184;Tue Nov 05 17:37:10 +0000 2019
1191777197029122050;Tue Nov 05 18:00:00 +0000 2019
1191780132329021442;Tue Nov 05 18:11:40 +0000 2019
1191781422295658500;Tue Nov 05 18:16:47 +0000 2019
1191787346183819269;Tue Nov 05 18:40:20 +0000 2019
1191789251643482113;Tue Nov 05 18:47:54 +0000 2019
1191801142512099330;Tue Nov 05 19:35:09 +0000 2019
1191806718189027328;Tue Nov 05 19:57:18 +0000 2019
1191807360295145476;Tue Nov 05 19:59:52 +0000 2019
1191807395414102027;Tue Nov 05 20:00:00 +0000 2019
1191808356060663809;Tue Nov 05 20:03:49 +0000 2019
1191808855090585605;Tue Nov 05 20:05:48 +0000 2019
1191828102525194241;Tue Nov 05 21:22:17 +0000 2019
1191829250476855296;Tue Nov 05 21:26:51 +0000 2019
1191832778943475712;Tue Nov 05 21:40:52 +0000 2019
1191835213879488512;Tue Nov 05 21:50:32 +0000 2019
1191835544159969281;Tue Nov 05 21:51:51 +0000 2019
1191835555044179968;Tue Nov 05 21:51:54 +0000 2019
1191835571318067200;Tue Nov 05 21:51:58 +0000 2019
1191835728843595777;Tue Nov 05 21:52:35 +0000 2019
1191837139450892288;Tue Nov 05 21:58:11 +0000 2019
1191839881334419456;Tue Nov 05 22:09:05 +0000 2019
1191841294223630337;Tue Nov 05 22:14:42 +0000 2019
1191849332930220034;Tue Nov 05 22:46:39 +0000 2019
1191849789148794880;Tue Nov 05 22:48:27 +0000 2019
1191851295340138496;Tue Nov 05 22:54:26 +0000 2019
1191853871540375556;Tue Nov 05 23:04:41 +0000 2019
1191855514294145029;Tue Nov 05 23:11:12 +0000 2019
1191857512062111751;Tue Nov 05 23:19:09 +0000 2019
1191869071911993344;Wed Nov 06 00:05:05 +0000 2019
1191872528265994240;Wed Nov 06 00:18:49 +0000 2019
1191877261873631233;Wed Nov 06 00:37:37 +0000 2019
1191877954193760261;Wed Nov 06 00:40:22 +0000 2019
1191879171083063296;Wed Nov 06 00:45:13 +0000 2019
1191885051157454849;Wed Nov 06 01:08:35 +0000 2019
1191888914803568643;Wed Nov 06 01:23:56 +0000 2019
1191889061885153285;Wed Nov 06 01:24:31 +0000 2019
1191891609929076737;Wed Nov 06 01:34:38 +0000 2019
1191907964912836611;Wed Nov 06 02:39:38 +0000 2019
1191914418906574849;Wed Nov 06 03:05:16 +0000 2019
1191927075000635393;Wed Nov 06 03:55:34 +0000 2019
1191927606792380417;Wed Nov 06 03:57:41 +0000 2019
1191933494592712704;Wed Nov 06 04:21:04 +0000 2019
1191958029304041473;Wed Nov 06 05:58:34 +0000 2019
1191962092477321216;Wed Nov 06 06:14:43 +0000 2019
1191988543775625218;Wed Nov 06 07:59:49 +0000 2019
1191998525585924096;Wed Nov 06 08:39:29 +0000 2019
1192016002260852736;Wed Nov 06 09:48:56 +0000 2019
1192037647759396864;Wed Nov 06 11:14:56 +0000 2019
1192102964963553281;Wed Nov 06 15:34:29 +0000 2019