1209780470034108416;Wed Dec 25 10:18:35 +0000 2019
1209699132027346944;Wed Dec 25 04:55:22 +0000 2019
1209605694585835520;Tue Dec 24 22:44:05 +0000 2019
1209593628361973760;Tue Dec 24 21:56:08 +0000 2019
1209574000185270274;Tue Dec 24 20:38:09 +0000 2019
1209573733830139904;Tue Dec 24 20:37:05 +0000 2019
1209552802164432896;Tue Dec 24 19:13:55 +0000 2019
1209552064013094914;Tue Dec 24 19:10:59 +0000 2019
1209551897721524225;Tue Dec 24 19:10:19 +0000 2019
1209542160938389505;Tue Dec 24 18:31:38 +0000 2019
1208927354766155776;Mon Dec 23 01:48:36 +0000 2019
1208570658155909120;Sun Dec 22 02:11:13 +0000 2019
1208534232315957257;Sat Dec 21 23:46:29 +0000 2019
1208534073917919233;Sat Dec 21 23:45:51 +0000 2019
1208533436367015938;Sat Dec 21 23:43:19 +0000 2019
1208533406633603072;Sat Dec 21 23:43:12 +0000 2019
1208532998515253255;Sat Dec 21 23:41:34 +0000 2019
1207869993683181569;Fri Dec 20 03:47:02 +0000 2019
1207668513651011586;Thu Dec 19 14:26:25 +0000 2019
1207425013399207936;Wed Dec 18 22:18:50 +0000 2019
1207413699088175105;Wed Dec 18 21:33:53 +0000 2019
1207413641202548737;Wed Dec 18 21:33:39 +0000 2019
1207413625620709376;Wed Dec 18 21:33:35 +0000 2019
1207408499065589761;Wed Dec 18 21:13:13 +0000 2019
1207401178323132416;Wed Dec 18 20:44:07 +0000 2019
1207396037004054532;Wed Dec 18 20:23:42 +0000 2019
1207382727751802886;Wed Dec 18 19:30:49 +0000 2019
1207382182689492999;Wed Dec 18 19:28:39 +0000 2019
1207382060672913409;Wed Dec 18 19:28:09 +0000 2019
1207363748253642753;Wed Dec 18 18:15:23 +0000 2019
1207360509231747073;Wed Dec 18 18:02:31 +0000 2019
1207360165521117186;Wed Dec 18 18:01:09 +0000 2019
1207360076928999430;Wed Dec 18 18:00:48 +0000 2019
1207350556504793088;Wed Dec 18 17:22:58 +0000 2019
1207307735412424711;Wed Dec 18 14:32:49 +0000 2019
1207300876903354368;Wed Dec 18 14:05:34 +0000 2019
1207296173578444800;Wed Dec 18 13:46:52 +0000 2019
1207294930759995392;Wed Dec 18 13:41:56 +0000 2019
1207294469470601218;Wed Dec 18 13:40:06 +0000 2019
1207292701235929090;Wed Dec 18 13:33:05 +0000 2019
1207290591509397504;Wed Dec 18 13:24:42 +0000 2019
1207289963177529346;Wed Dec 18 13:22:12 +0000 2019
1207119989700014080;Wed Dec 18 02:06:47 +0000 2019
1207097023763226629;Wed Dec 18 00:35:31 +0000 2019
1207096915390795781;Wed Dec 18 00:35:06 +0000 2019
1207096590520897536;Wed Dec 18 00:33:48 +0000 2019
1207096252459929600;Wed Dec 18 00:32:28 +0000 2019
1207093009503805440;Wed Dec 18 00:19:34 +0000 2019
1207059197583613957;Tue Dec 17 22:05:13 +0000 2019
1207057379591905281;Tue Dec 17 21:57:59 +0000 2019
1207057378539167745;Tue Dec 17 21:57:59 +0000 2019
1207056249315119106;Tue Dec 17 21:53:30 +0000 2019
1207056249315119106;Tue Dec 17 21:53:30 +0000 2019
1207056249315119106;Tue Dec 17 21:53:30 +0000 2019
1207056249315119106;Tue Dec 17 21:53:30 +0000 2019
1207056249315119106;Tue Dec 17 21:53:30 +0000 2019
1207056249315119106;Tue Dec 17 21:53:30 +0000 2019
1207056249315119106;Tue Dec 17 21:53:30 +0000 2019
1207056249315119106;Tue Dec 17 21:53:30 +0000 2019
1207056249315119106;Tue Dec 17 21:53:30 +0000 2019
1207056249315119106;Tue Dec 17 21:53:30 +0000 2019
1207056249315119106;Tue Dec 17 21:53:30 +0000 2019
1207056249315119106;Tue Dec 17 21:53:30 +0000 2019
1207056249315119106;Tue Dec 17 21:53:30 +0000 2019
1207056249315119106;Tue Dec 17 21:53:30 +0000 2019
1207056249315119106;Tue Dec 17 21:53:30 +0000 2019
1207056249315119106;Tue Dec 17 21:53:30 +0000 2019
1207056249315119106;Tue Dec 17 21:53:30 +0000 2019
1207056249315119106;Tue Dec 17 21:53:30 +0000 2019
