1207175777474748416;Wed Dec 18 05:48:28 +0000 2019
1207181027317178370;Wed Dec 18 06:09:19 +0000 2019
1207214654499557376;Wed Dec 18 08:22:57 +0000 2019
1207215160659759104;Wed Dec 18 08:24:57 +0000 2019
1207263874019401729;Wed Dec 18 11:38:32 +0000 2019
1207267506362179586;Wed Dec 18 11:52:58 +0000 2019
1207289963177529346;Wed Dec 18 13:22:12 +0000 2019
1207290591509397504;Wed Dec 18 13:24:42 +0000 2019
1207292701235929090;Wed Dec 18 13:33:05 +0000 2019
1207293659592478720;Wed Dec 18 13:36:53 +0000 2019
1207294469470601218;Wed Dec 18 13:40:06 +0000 2019
1207294930759995392;Wed Dec 18 13:41:56 +0000 2019
1207296173578444800;Wed Dec 18 13:46:52 +0000 2019
1207300876903354368;Wed Dec 18 14:05:34 +0000 2019
1207307735412424711;Wed Dec 18 14:32:49 +0000 2019
1207307902169554944;Wed Dec 18 14:33:29 +0000 2019
1207328532902404098;Wed Dec 18 15:55:27 +0000 2019
1207332072253034496;Wed Dec 18 16:09:31 +0000 2019
1207338990300471296;Wed Dec 18 16:37:01 +0000 2019
1207339385450115073;Wed Dec 18 16:38:35 +0000 2019
1207343651355054085;Wed Dec 18 16:55:32 +0000 2019
1207350556504793088;Wed Dec 18 17:22:58 +0000 2019
1207360076928999430;Wed Dec 18 18:00:48 +0000 2019
1207360165521117186;Wed Dec 18 18:01:09 +0000 2019
1207360509231747073;Wed Dec 18 18:02:31 +0000 2019
1207363578354970625;Wed Dec 18 18:14:43 +0000 2019
1207363748253642753;Wed Dec 18 18:15:23 +0000 2019
1207382060672913409;Wed Dec 18 19:28:09 +0000 2019
1207382182689492999;Wed Dec 18 19:28:39 +0000 2019
1207382727751802886;Wed Dec 18 19:30:49 +0000 2019
1207388541304606722;Wed Dec 18 19:53:55 +0000 2019
1207388944142352388;Wed Dec 18 19:55:31 +0000 2019
1207396037004054532;Wed Dec 18 20:23:42 +0000 2019
1207397239037026306;Wed Dec 18 20:28:28 +0000 2019
1207401178323132416;Wed Dec 18 20:44:07 +0000 2019
1207401533307932672;Wed Dec 18 20:45:32 +0000 2019
1207401875517165570;Wed Dec 18 20:46:54 +0000 2019
1207402637831921665;Wed Dec 18 20:49:55 +0000 2019
1207408499065589761;Wed Dec 18 21:13:13 +0000 2019
1207413625620709376;Wed Dec 18 21:33:35 +0000 2019
1207413641202548737;Wed Dec 18 21:33:39 +0000 2019
1207413699088175105;Wed Dec 18 21:33:53 +0000 2019
1207414079247118336;Wed Dec 18 21:35:23 +0000 2019
1207416631867183105;Wed Dec 18 21:45:32 +0000 2019
1207425013399207936;Wed Dec 18 22:18:50 +0000 2019
1207426999884668928;Wed Dec 18 22:26:44 +0000 2019
1207435462664699905;Wed Dec 18 23:00:22 +0000 2019
1207443557541384193;Wed Dec 18 23:32:31 +0000 2019
1207445636146253827;Wed Dec 18 23:40:47 +0000 2019
1207461513264545792;Thu Dec 19 00:43:52 +0000 2019
1207464957723521027;Thu Dec 19 00:57:34 +0000 2019
1207488741801111553;Thu Dec 19 02:32:04 +0000 2019
1207502785807372289;Thu Dec 19 03:27:53 +0000 2019
1207537055510728704;Thu Dec 19 05:44:03 +0000 2019
1207642163418451968;Thu Dec 19 12:41:43 +0000 2019
1207660466719383553;Thu Dec 19 13:54:27 +0000 2019
1207661039128584193;Thu Dec 19 13:56:43 +0000 2019
1207661892287766534;Thu Dec 19 14:00:07 +0000 2019
1207662866222002178;Thu Dec 19 14:03:59 +0000 2019
1207663124171689986;Thu Dec 19 14:05:00 +0000 2019
1207666130275487749;Thu Dec 19 14:16:57 +0000 2019
1207666444701331456;Thu Dec 19 14:18:12 +0000 2019
1207668513651011586;Thu Dec 19 14:26:25 +0000 2019
1207679479608303616;Thu Dec 19 15:10:00 +0000 2019
1207679479608303616;Thu Dec 19 15:10:00 +0000 2019
1207679830965280773;Thu Dec 19 15:11:23 +0000 2019
1207680711517495296;Thu Dec 19 15:14:53 +0000 2019
1207681151965519874;Thu Dec 19 15:16:38 +0000 2019
1207681341250256898;Thu Dec 19 15:17:24 +0000 2019
1207681583081312256;Thu Dec 19 15:18:21 +0000 2019
1207682467991293952;Thu Dec 19 15:21:52 +0000 2019
1207683559751897088;Thu Dec 19 15:26:12 +0000 2019
1207685060230623233;Thu Dec 19 15:32:10 +0000 2019
1207687694714855425;Thu Dec 19 15:42:38 +0000 2019
1207691956899471362;Thu Dec 19 15:59:35 +0000 2019
1207692128224190467;Thu Dec 19 16:00:15 +0000 2019
1207692829700411392;Thu Dec 19 16:03:03 +0000 2019
1207692878383853569;Thu Dec 19 16:03:14 +0000 2019
1207692891319144448;Thu Dec 19 16:03:17 +0000 2019
1207692892963246080;Thu Dec 19 16:03:18 +0000 2019
1207693233037418496;Thu Dec 19 16:04:39 +0000 2019
1207694881172475906;Thu Dec 19 16:11:12 +0000 2019
1207695247452639233;Thu Dec 19 16:12:39 +0000 2019
1207695849461047296;Thu Dec 19 16:15:03 +0000 2019
1207695879005757448;Thu Dec 19 16:15:10 +0000 2019
1207696210347413505;Thu Dec 19 16:16:29 +0000 2019
1207696380485087232;Thu Dec 19 16:17:09 +0000 2019
1207696908002697216;Thu Dec 19 16:19:15 +0000 2019
1207697039641006080;Thu Dec 19 16:19:46 +0000 2019
1207697217999572993;Thu Dec 19 16:20:29 +0000 2019
1207697641297137664;Thu Dec 19 16:22:10 +0000 2019
1207697888156905472;Thu Dec 19 16:23:09 +0000 2019
1207697965600661505;Thu Dec 19 16:23:27 +0000 2019
1207698027789639681;Thu Dec 19 16:23:42 +0000 2019
1207699041552912384;Thu Dec 19 16:27:44 +0000 2019
1207699740386717697;Thu Dec 19 16:30:30 +0000 2019
1207700498373103617;Thu Dec 19 16:33:31 +0000 2019
1207700819761606656;Thu Dec 19 16:34:48 +0000 2019
1207700880033767431;Thu Dec 19 16:35:02 +0000 2019
1207701269844054017;Thu Dec 19 16:36:35 +0000 2019
1207701322172190726;Thu Dec 19 16:36:47 +0000 2019
1207701496260939777;Thu Dec 19 16:37:29 +0000 2019
1207701813933355009;Thu Dec 19 16:38:45 +0000 2019
1207702036780900354;Thu Dec 19 16:39:38 +0000 2019
1207702147426594817;Thu Dec 19 16:40:04 +0000 2019
1207702593079783424;Thu Dec 19 16:41:50 +0000 2019
1207702651951026178;Thu Dec 19 16:42:04 +0000 2019
1207702805030592523;Thu Dec 19 16:42:41 +0000 2019
1207702891655507973;Thu Dec 19 16:43:02 +0000 2019
1207702909615562753;Thu Dec 19 16:43:06 +0000 2019
1207702929521741824;Thu Dec 19 16:43:11 +0000 2019
1207702983292702725;Thu Dec 19 16:43:23 +0000 2019
1207703119276195840;Thu Dec 19 16:43:56 +0000 2019
1207703184908718082;Thu Dec 19 16:44:11 +0000 2019
1207703457198686210;Thu Dec 19 16:45:16 +0000 2019
1207703495530426369;Thu Dec 19 16:45:26 +0000 2019
1207703634575843328;Thu Dec 19 16:45:59 +0000 2019
1207703837026459653;Thu Dec 19 16:46:47 +0000 2019
1207704132297121794;Thu Dec 19 16:47:57 +0000 2019
1207704155806154752;Thu Dec 19 16:48:03 +0000 2019
1207704588977131521;Thu Dec 19 16:49:46 +0000 2019
1207704677808259072;Thu Dec 19 16:50:07 +0000 2019
1207705101462360064;Thu Dec 19 16:51:48 +0000 2019
1207705227304095745;Thu Dec 19 16:52:18 +0000 2019
1207705823062974464;Thu Dec 19 16:54:40 +0000 2019
1207705845871599616;Thu Dec 19 16:54:46 +0000 2019
1207705917443080192;Thu Dec 19 16:55:03 +0000 2019
1207706150734614528;Thu Dec 19 16:55:59 +0000 2019
1207706185543098380;Thu Dec 19 16:56:07 +0000 2019
1207706319840432128;Thu Dec 19 16:56:39 +0000 2019
1207706813443051520;Thu Dec 19 16:58:37 +0000 2019
1207707046713479168;Thu Dec 19 16:59:32 +0000 2019
1207707134856744961;Thu Dec 19 16:59:53 +0000 2019
1207707418072932353;Thu Dec 19 17:01:01 +0000 2019
1207707426805420034;Thu Dec 19 17:01:03 +0000 2019
1207707659161473024;Thu Dec 19 17:01:58 +0000 2019
1207707682674745345;Thu Dec 19 17:02:04 +0000 2019
1207707809145589762;Thu Dec 19 17:02:34 +0000 2019
1207708414270418945;Thu Dec 19 17:04:58 +0000 2019
1207708491898589186;Thu Dec 19 17:05:17 +0000 2019
1207708830794166272;Thu Dec 19 17:06:38 +0000 2019
1207709608715997185;Thu Dec 19 17:09:43 +0000 2019
1207710062740955138;Thu Dec 19 17:11:31 +0000 2019
1207710138322358272;Thu Dec 19 17:11:49 +0000 2019
1207710469622050816;Thu Dec 19 17:13:08 +0000 2019
1207710796031152128;Thu Dec 19 17:14:26 +0000 2019
1207710822216224769;Thu Dec 19 17:14:32 +0000 2019
1207710824028164098;Thu Dec 19 17:14:33 +0000 2019
1207710863089709056;Thu Dec 19 17:14:42 +0000 2019
1207711288308178947;Thu Dec 19 17:16:23 +0000 2019
1207711322705743872;Thu Dec 19 17:16:32 +0000 2019
1207711776768430080;Thu Dec 19 17:18:20 +0000 2019
1207711878765518851;Thu Dec 19 17:18:44 +0000 2019
1207712600353595399;Thu Dec 19 17:21:36 +0000 2019
1207712680565465088;Thu Dec 19 17:21:55 +0000 2019
1207712758139150337;Thu Dec 19 17:22:14 +0000 2019
1207712768591323139;Thu Dec 19 17:22:16 +0000 2019
1207712879543275520;Thu Dec 19 17:22:43 +0000 2019
1207712945309978624;Thu Dec 19 17:22:59 +0000 2019
1207713097508642816;Thu Dec 19 17:23:35 +0000 2019
1207713155717246977;Thu Dec 19 17:23:49 +0000 2019
1207713207722401792;Thu Dec 19 17:24:01 +0000 2019
1207713222557622273;Thu Dec 19 17:24:05 +0000 2019
1207713289511329793;Thu Dec 19 17:24:21 +0000 2019
1207713289511329793;Thu Dec 19 17:24:21 +0000 2019
1207713299044978689;Thu Dec 19 17:24:23 +0000 2019
1207713525944205313;Thu Dec 19 17:25:17 +0000 2019
1207713795373748225;Thu Dec 19 17:26:21 +0000 2019
1207714179093843968;Thu Dec 19 17:27:53 +0000 2019
1207714238912962565;Thu Dec 19 17:28:07 +0000 2019
1207714258336792578;Thu Dec 19 17:28:12 +0000 2019
1207714422329946119;Thu Dec 19 17:28:51 +0000 2019
1207714511119147017;Thu Dec 19 17:29:12 +0000 2019
1207714571529666561;Thu Dec 19 17:29:26 +0000 2019
1207714640643416065;Thu Dec 19 17:29:43 +0000 2019
1207714771891560448;Thu Dec 19 17:30:14 +0000 2019
1207714798181527553;Thu Dec 19 17:30:20 +0000 2019
1207715219348348934;Thu Dec 19 17:32:01 +0000 2019
1207715293247737857;Thu Dec 19 17:32:18 +0000 2019
1207715436697137152;Thu Dec 19 17:32:53 +0000 2019
1207715549133889538;Thu Dec 19 17:33:19 +0000 2019
1207715660211449856;Thu Dec 19 17:33:46 +0000 2019
1207715673578844160;Thu Dec 19 17:33:49 +0000 2019
1207715797633839104;Thu Dec 19 17:34:19 +0000 2019
1207715809260376064;Thu Dec 19 17:34:21 +0000 2019
1207716028618330121;Thu Dec 19 17:35:14 +0000 2019
1207716090022944770;Thu Dec 19 17:35:28 +0000 2019
1207716157115043840;Thu Dec 19 17:35:44 +0000 2019
1207716355157438464;Thu Dec 19 17:36:32 +0000 2019
1207716554604978176;Thu Dec 19 17:37:19 +0000 2019
1207716622758232064;Thu Dec 19 17:37:35 +0000 2019
1207716667922534401;Thu Dec 19 17:37:46 +0000 2019
1207716828992212992;Thu Dec 19 17:38:24 +0000 2019
1207716867634352130;Thu Dec 19 17:38:34 +0000 2019
1207716978363895808;Thu Dec 19 17:39:00 +0000 2019
1207716994851778561;Thu Dec 19 17:39:04 +0000 2019
1207717053190332416;Thu Dec 19 17:39:18 +0000 2019
1207717318274506752;Thu Dec 19 17:40:21 +0000 2019
1207717484587032581;Thu Dec 19 17:41:01 +0000 2019
1207717608507822081;Thu Dec 19 17:41:30 +0000 2019
1207717740548698113;Thu Dec 19 17:42:02 +0000 2019
1207717746017996801;Thu Dec 19 17:42:03 +0000 2019
1207717890251730944;Thu Dec 19 17:42:38 +0000 2019
1207718107357339648;Thu Dec 19 17:43:29 +0000 2019
1207718303520763909;Thu Dec 19 17:44:16 +0000 2019
1207718323934388226;Thu Dec 19 17:44:21 +0000 2019
1207718464632377345;Thu Dec 19 17:44:54 +0000 2019
1207718665321406464;Thu Dec 19 17:45:42 +0000 2019
1207718821655646208;Thu Dec 19 17:46:20 +0000 2019
1207718839095611393;Thu Dec 19 17:46:24 +0000 2019
1207718917608759301;Thu Dec 19 17:46:42 +0000 2019
1207719033832906753;Thu Dec 19 17:47:10 +0000 2019
1207719114208403456;Thu Dec 19 17:47:29 +0000 2019
1207719179677130752;Thu Dec 19 17:47:45 +0000 2019
1207719252150628354;Thu Dec 19 17:48:02 +0000 2019
1207719490806525952;Thu Dec 19 17:48:59 +0000 2019
1207719509664157704;Thu Dec 19 17:49:04 +0000 2019
1207719747443462144;Thu Dec 19 17:50:00 +0000 2019
1207719796839780358;Thu Dec 19 17:50:12 +0000 2019
1207719807648440320;Thu Dec 19 17:50:15 +0000 2019
1207719955929714688;Thu Dec 19 17:50:50 +0000 2019
1207719959004090368;Thu Dec 19 17:50:51 +0000 2019
1207719972803362816;Thu Dec 19 17:50:54 +0000 2019
1207720048728641536;Thu Dec 19 17:51:12 +0000 2019
1207720109164376065;Thu Dec 19 17:51:27 +0000 2019
1207720288697430016;Thu Dec 19 17:52:09 +0000 2019
1207720314651783170;Thu Dec 19 17:52:16 +0000 2019
1207720561490747399;Thu Dec 19 17:53:14 +0000 2019
1207720711898447873;Thu Dec 19 17:53:50 +0000 2019
1207720753531117568;Thu Dec 19 17:54:00 +0000 2019
1207720754521001984;Thu Dec 19 17:54:00 +0000 2019
1207720898746310657;Thu Dec 19 17:54:35 +0000 2019
1207721217228255235;Thu Dec 19 17:55:51 +0000 2019
1207721249113346055;Thu Dec 19 17:55:58 +0000 2019
1207721460955066369;Thu Dec 19 17:56:49 +0000 2019
1207721485462310917;Thu Dec 19 17:56:55 +0000 2019
1207721562713083905;Thu Dec 19 17:57:13 +0000 2019
1207721586222096386;Thu Dec 19 17:57:19 +0000 2019
1207721599421599744;Thu Dec 19 17:57:22 +0000 2019
1207721766627561473;Thu Dec 19 17:58:02 +0000 2019
1207721849385365504;Thu Dec 19 17:58:21 +0000 2019
1207722032147947521;Thu Dec 19 17:59:05 +0000 2019
1207722077375156224;Thu Dec 19 17:59:16 +0000 2019
1207722201161621506;Thu Dec 19 17:59:45 +0000 2019
1207722589600329729;Thu Dec 19 18:01:18 +0000 2019
1207722695829442561;Thu Dec 19 18:01:43 +0000 2019
1207723062432534528;Thu Dec 19 18:03:11 +0000 2019
1207723074919051265;Thu Dec 19 18:03:14 +0000 2019
1207723087657152516;Thu Dec 19 18:03:17 +0000 2019
1207723192799903751;Thu Dec 19 18:03:42 +0000 2019
1207723567527399426;Thu Dec 19 18:05:11 +0000 2019
1207723687174123525;Thu Dec 19 18:05:40 +0000 2019
1207723808045617156;Thu Dec 19 18:06:08 +0000 2019
1207724092767571968;Thu Dec 19 18:07:16 +0000 2019
1207724149743013889;Thu Dec 19 18:07:30 +0000 2019
1207724251211616256;Thu Dec 19 18:07:54 +0000 2019
1207724471353774082;Thu Dec 19 18:08:47 +0000 2019
1207724540173963267;Thu Dec 19 18:09:03 +0000 2019
1207724544032722945;Thu Dec 19 18:09:04 +0000 2019
1207724958593552385;Thu Dec 19 18:10:43 +0000 2019
1207725014725910528;Thu Dec 19 18:10:56 +0000 2019
1207725042903203840;Thu Dec 19 18:11:03 +0000 2019
1207725257467015170;Thu Dec 19 18:11:54 +0000 2019
1207725287070404611;Thu Dec 19 18:12:01 +0000 2019
1207725287070404611;Thu Dec 19 18:12:01 +0000 2019
1207725539139735552;Thu Dec 19 18:13:01 +0000 2019
1207725615719362561;Thu Dec 19 18:13:19 +0000 2019
1207726047187361863;Thu Dec 19 18:15:02 +0000 2019
1207726144218378241;Thu Dec 19 18:15:25 +0000 2019
1207726551766310916;Thu Dec 19 18:17:03 +0000 2019
1207726673124347905;Thu Dec 19 18:17:32 +0000 2019
1207726883804237824;Thu Dec 19 18:18:22 +0000 2019
1207727254161281031;Thu Dec 19 18:19:50 +0000 2019
1207727293071843328;Thu Dec 19 18:19:59 +0000 2019
1207727362353311744;Thu Dec 19 18:20:16 +0000 2019
1207727486232137730;Thu Dec 19 18:20:45 +0000 2019
1207727584995352583;Thu Dec 19 18:21:09 +0000 2019
1207728078379765760;Thu Dec 19 18:23:07 +0000 2019
1207728250874712070;Thu Dec 19 18:23:48 +0000 2019
1207728297947340802;Thu Dec 19 18:23:59 +0000 2019
1207728470454915072;Thu Dec 19 18:24:40 +0000 2019
1207728493058019329;Thu Dec 19 18:24:45 +0000 2019
1207728546120159238;Thu Dec 19 18:24:58 +0000 2019
1207728555435724801;Thu Dec 19 18:25:00 +0000 2019
1207729046798426112;Thu Dec 19 18:26:57 +0000 2019
1207729086837207040;Thu Dec 19 18:27:07 +0000 2019
1207729480237801473;Thu Dec 19 18:28:41 +0000 2019
1207729651583307776;Thu Dec 19 18:29:22 +0000 2019
1207730432877498369;Thu Dec 19 18:32:28 +0000 2019
1207730569511079939;Thu Dec 19 18:33:00 +0000 2019
1207730699735879683;Thu Dec 19 18:33:32 +0000 2019
1207730768728002568;Thu Dec 19 18:33:48 +0000 2019
1207730831671922689;Thu Dec 19 18:34:03 +0000 2019
1207730934138777604;Thu Dec 19 18:34:27 +0000 2019
1207730972155768834;Thu Dec 19 18:34:36 +0000 2019
1207731243737133057;Thu Dec 19 18:35:41 +0000 2019
1207731457210359808;Thu Dec 19 18:36:32 +0000 2019
1207731535539064838;Thu Dec 19 18:36:51 +0000 2019
1207731708340121610;Thu Dec 19 18:37:32 +0000 2019
1207732290178207754;Thu Dec 19 18:39:51 +0000 2019
1207732400920367109;Thu Dec 19 18:40:17 +0000 2019
1207732452501917697;Thu Dec 19 18:40:29 +0000 2019
1207732624703270912;Thu Dec 19 18:41:10 +0000 2019
1207732825816018948;Thu Dec 19 18:41:58 +0000 2019
1207733064169918464;Thu Dec 19 18:42:55 +0000 2019
1207733431242756097;Thu Dec 19 18:44:23 +0000 2019
1207734023608553472;Thu Dec 19 18:46:44 +0000 2019
1207734239158030339;Thu Dec 19 18:47:35 +0000 2019
1207734314219298817;Thu Dec 19 18:47:53 +0000 2019
1207735154720092165;Thu Dec 19 18:51:14 +0000 2019
1207735356558389249;Thu Dec 19 18:52:02 +0000 2019
1207736214373249025;Thu Dec 19 18:55:26 +0000 2019
1207736951861895168;Thu Dec 19 18:58:22 +0000 2019
1207738405104291840;Thu Dec 19 19:04:09 +0000 2019
1207739754479005696;Thu Dec 19 19:09:30 +0000 2019
1207739781477752832;Thu Dec 19 19:09:37 +0000 2019
1207739835508822016;Thu Dec 19 19:09:50 +0000 2019
1207739861115064321;Thu Dec 19 19:09:56 +0000 2019
1207740072008835073;Thu Dec 19 19:10:46 +0000 2019
1207740132989779970;Thu Dec 19 19:11:01 +0000 2019
1207740277739466753;Thu Dec 19 19:11:35 +0000 2019
1207740715679260677;Thu Dec 19 19:13:20 +0000 2019
1207741089706364928;Thu Dec 19 19:14:49 +0000 2019
1207741108073246720;Thu Dec 19 19:14:53 +0000 2019
1207741224431607811;Thu Dec 19 19:15:21 +0000 2019
1207741319684198400;Thu Dec 19 19:15:44 +0000 2019
1207741360893284352;Thu Dec 19 19:15:53 +0000 2019
1207741688187441153;Thu Dec 19 19:17:11 +0000 2019
1207741925433991170;Thu Dec 19 19:18:08 +0000 2019
1207742276530843650;Thu Dec 19 19:19:32 +0000 2019
1207742542638469120;Thu Dec 19 19:20:35 +0000 2019
1207742635663929346;Thu Dec 19 19:20:57 +0000 2019
1207743202264068097;Thu Dec 19 19:23:12 +0000 2019
1207743509639421953;Thu Dec 19 19:24:26 +0000 2019
1207743587892506624;Thu Dec 19 19:24:44 +0000 2019
1207743769304547328;Thu Dec 19 19:25:28 +0000 2019
1207744456507744266;Thu Dec 19 19:28:11 +0000 2019
1207744663777624066;Thu Dec 19 19:29:01 +0000 2019
1207744805951942656;Thu Dec 19 19:29:35 +0000 2019
1207745046075842560;Thu Dec 19 19:30:32 +0000 2019
1207745319913562112;Thu Dec 19 19:31:37 +0000 2019
1207745860093825024;Thu Dec 19 19:33:46 +0000 2019
1207745959217844225;Thu Dec 19 19:34:10 +0000 2019
1207746041229062145;Thu Dec 19 19:34:29 +0000 2019
1207746049659588609;Thu Dec 19 19:34:31 +0000 2019
1207746207835197441;Thu Dec 19 19:35:09 +0000 2019
1207746361736732672;Thu Dec 19 19:35:46 +0000 2019
1207746855339081728;Thu Dec 19 19:37:43 +0000 2019
1207746884355448839;Thu Dec 19 19:37:50 +0000 2019
1207747415085912065;Thu Dec 19 19:39:57 +0000 2019
1207747491837489152;Thu Dec 19 19:40:15 +0000 2019
1207747596758003714;Thu Dec 19 19:40:40 +0000 2019
1207748651973525505;Thu Dec 19 19:44:52 +0000 2019
1207749018127912961;Thu Dec 19 19:46:19 +0000 2019
1207749405065072641;Thu Dec 19 19:47:51 +0000 2019
1207749586204479495;Thu Dec 19 19:48:34 +0000 2019
1207749855470379010;Thu Dec 19 19:49:39 +0000 2019
1207750095783026688;Thu Dec 19 19:50:36 +0000 2019
1207750469818486785;Thu Dec 19 19:52:05 +0000 2019
1207750494803890177;Thu Dec 19 19:52:11 +0000 2019
1207750761662308354;Thu Dec 19 19:53:15 +0000 2019
1207751039937581059;Thu Dec 19 19:54:21 +0000 2019
1207751433535344641;Thu Dec 19 19:55:55 +0000 2019
1207751500128235521;Thu Dec 19 19:56:11 +0000 2019
1207751500128235521;Thu Dec 19 19:56:11 +0000 2019
1207752172059934721;Thu Dec 19 19:58:51 +0000 2019
1207752229152788480;Thu Dec 19 19:59:05 +0000 2019
1207752385290031105;Thu Dec 19 19:59:42 +0000 2019
1207752606996729858;Thu Dec 19 20:00:35 +0000 2019
1207752940682960897;Thu Dec 19 20:01:54 +0000 2019
1207753053287440384;Thu Dec 19 20:02:21 +0000 2019
1207753359450619907;Thu Dec 19 20:03:34 +0000 2019
1207753375422521344;Thu Dec 19 20:03:38 +0000 2019
1207753393072214017;Thu Dec 19 20:03:42 +0000 2019
1207753702993530880;Thu Dec 19 20:04:56 +0000 2019
1207754410891382785;Thu Dec 19 20:07:45 +0000 2019
1207754427702161411;Thu Dec 19 20:07:49 +0000 2019
1207754570195230721;Thu Dec 19 20:08:23 +0000 2019
1207754762940243975;Thu Dec 19 20:09:09 +0000 2019
1207754776798224384;Thu Dec 19 20:09:12 +0000 2019
1207755242500165633;Thu Dec 19 20:11:03 +0000 2019
1207755409429278721;Thu Dec 19 20:11:43 +0000 2019
1207756097639124992;Thu Dec 19 20:14:27 +0000 2019
1207756433871327233;Thu Dec 19 20:15:47 +0000 2019
1207756982549131264;Thu Dec 19 20:17:58 +0000 2019
1207757535408742401;Thu Dec 19 20:20:10 +0000 2019
1207757754124963843;Thu Dec 19 20:21:02 +0000 2019
1207757829165256711;Thu Dec 19 20:21:20 +0000 2019
1207758642877009926;Thu Dec 19 20:24:34 +0000 2019
1207758785978212354;Thu Dec 19 20:25:08 +0000 2019
1207759728740372490;Thu Dec 19 20:28:53 +0000 2019
1207759875226439686;Thu Dec 19 20:29:28 +0000 2019
1207760256962646022;Thu Dec 19 20:30:59 +0000 2019
1207760748220440578;Thu Dec 19 20:32:56 +0000 2019
1207761772188450823;Thu Dec 19 20:37:00 +0000 2019
1207761809954017282;Thu Dec 19 20:37:09 +0000 2019
1207762372649267200;Thu Dec 19 20:39:23 +0000 2019
1207762596977356800;Thu Dec 19 20:40:16 +0000 2019
1207762694583001088;Thu Dec 19 20:40:40 +0000 2019
1207762760764985348;Thu Dec 19 20:40:55 +0000 2019
1207762952213946370;Thu Dec 19 20:41:41 +0000 2019
1207763825644228610;Thu Dec 19 20:45:09 +0000 2019
1207764552579985413;Thu Dec 19 20:48:03 +0000 2019
1207764584045563905;Thu Dec 19 20:48:10 +0000 2019
1207766287323205635;Thu Dec 19 20:54:56 +0000 2019
1207766531519778823;Thu Dec 19 20:55:54 +0000 2019
1207768034489905153;Thu Dec 19 21:01:53 +0000 2019
1207768447884693512;Thu Dec 19 21:03:31 +0000 2019
1207769433688739846;Thu Dec 19 21:07:26 +0000 2019
1207769635770306567;Thu Dec 19 21:08:15 +0000 2019
1207769907947081730;Thu Dec 19 21:09:19 +0000 2019
1207770141620146179;Thu Dec 19 21:10:15 +0000 2019
1207770268782993408;Thu Dec 19 21:10:46 +0000 2019
1207770437729554432;Thu Dec 19 21:11:26 +0000 2019
1207770508919365633;Thu Dec 19 21:11:43 +0000 2019
1207770721113575431;Thu Dec 19 21:12:33 +0000 2019
1207771072361369615;Thu Dec 19 21:13:57 +0000 2019
1207771605851672585;Thu Dec 19 21:16:04 +0000 2019
1207772434847469573;Thu Dec 19 21:19:22 +0000 2019
1207772788343349249;Thu Dec 19 21:20:46 +0000 2019
1207773049375920153;Thu Dec 19 21:21:48 +0000 2019
1207773252694806529;Thu Dec 19 21:22:37 +0000 2019
1207773608778633223;Thu Dec 19 21:24:02 +0000 2019
1207773990493851654;Thu Dec 19 21:25:33 +0000 2019
1207774126619815936;Thu Dec 19 21:26:05 +0000 2019
1207774196656422912;Thu Dec 19 21:26:22 +0000 2019
1207774416920293376;Thu Dec 19 21:27:15 +0000 2019
1207775320234967040;Thu Dec 19 21:30:50 +0000 2019
1207775419073728513;Thu Dec 19 21:31:13 +0000 2019
1207775491077181440;Thu Dec 19 21:31:31 +0000 2019
1207776003541667844;Thu Dec 19 21:33:33 +0000 2019
1207776094126051329;Thu Dec 19 21:33:54 +0000 2019
1207776229027450895;Thu Dec 19 21:34:27 +0000 2019
1207776400087891968;Thu Dec 19 21:35:07 +0000 2019
1207776550713790469;Thu Dec 19 21:35:43 +0000 2019
1207777091183403008;Thu Dec 19 21:37:52 +0000 2019
1207777097256710146;Thu Dec 19 21:37:54 +0000 2019
1207777135756222464;Thu Dec 19 21:38:03 +0000 2019
1207777276810674176;Thu Dec 19 21:38:36 +0000 2019
1207777307873751040;Thu Dec 19 21:38:44 +0000 2019
1207777414887161856;Thu Dec 19 21:39:09 +0000 2019
1207778158474407937;Thu Dec 19 21:42:07 +0000 2019
1207778313277755392;Thu Dec 19 21:42:43 +0000 2019
1207778907509985281;Thu Dec 19 21:45:05 +0000 2019
1207779793309257733;Thu Dec 19 21:48:36 +0000 2019
1207780011471716352;Thu Dec 19 21:49:28 +0000 2019
1207780614990114817;Thu Dec 19 21:51:52 +0000 2019
1207780812613128192;Thu Dec 19 21:52:39 +0000 2019
1207781012861833216;Thu Dec 19 21:53:27 +0000 2019
1207781276620591105;Thu Dec 19 21:54:30 +0000 2019
1207781461056802816;Thu Dec 19 21:55:14 +0000 2019
1207781797859332096;Thu Dec 19 21:56:34 +0000 2019
1207782188537851907;Thu Dec 19 21:58:07 +0000 2019
1207782697491423232;Thu Dec 19 22:00:09 +0000 2019
1207782878312116224;Thu Dec 19 22:00:52 +0000 2019
1207783566370856960;Thu Dec 19 22:03:36 +0000 2019
1207783619097440256;Thu Dec 19 22:03:48 +0000 2019
1207783669622067200;Thu Dec 19 22:04:01 +0000 2019
1207783924778356737;Thu Dec 19 22:05:01 +0000 2019
1207784726284709888;Thu Dec 19 22:08:12 +0000 2019
1207784935265853441;Thu Dec 19 22:09:02 +0000 2019
1207785337914871808;Thu Dec 19 22:10:38 +0000 2019
1207785354574680065;Thu Dec 19 22:10:42 +0000 2019
1207785413709975553;Thu Dec 19 22:10:56 +0000 2019
1207785413709975553;Thu Dec 19 22:10:56 +0000 2019
1207785478243725317;Thu Dec 19 22:11:12 +0000 2019
1207785940913135618;Thu Dec 19 22:13:02 +0000 2019
1207787046061912064;Thu Dec 19 22:17:26 +0000 2019
1207787133286547456;Thu Dec 19 22:17:46 +0000 2019
1207787412719636480;Thu Dec 19 22:18:53 +0000 2019
1207787709781164033;Thu Dec 19 22:20:04 +0000 2019
1207787810478055425;Thu Dec 19 22:20:28 +0000 2019
1207787902102581253;Thu Dec 19 22:20:50 +0000 2019
1207787939234754560;Thu Dec 19 22:20:58 +0000 2019
1207788355875938306;Thu Dec 19 22:22:38 +0000 2019
1207789144891674625;Thu Dec 19 22:25:46 +0000 2019
1207790337596497920;Thu Dec 19 22:30:30 +0000 2019
1207790366340124672;Thu Dec 19 22:30:37 +0000 2019
1207790537958449153;Thu Dec 19 22:31:18 +0000 2019
1207790754082574336;Thu Dec 19 22:32:10 +0000 2019
1207790788912058368;Thu Dec 19 22:32:18 +0000 2019
1207790994202284032;Thu Dec 19 22:33:07 +0000 2019
1207791017505767424;Thu Dec 19 22:33:12 +0000 2019
1207791307340632070;Thu Dec 19 22:34:22 +0000 2019
1207791485892124672;Thu Dec 19 22:35:04 +0000 2019
1207792692710776832;Thu Dec 19 22:39:52 +0000 2019
1207792850567647232;Thu Dec 19 22:40:29 +0000 2019
1207793231817261059;Thu Dec 19 22:42:00 +0000 2019
1207793376495620096;Thu Dec 19 22:42:35 +0000 2019
1207793691500392448;Thu Dec 19 22:43:50 +0000 2019
1207793987454717952;Thu Dec 19 22:45:00 +0000 2019
1207794243059748866;Thu Dec 19 22:46:01 +0000 2019
1207794825271087104;Thu Dec 19 22:48:20 +0000 2019
1207795098332934145;Thu Dec 19 22:49:25 +0000 2019
1207795320018669573;Thu Dec 19 22:50:18 +0000 2019
1207795519420010502;Thu Dec 19 22:51:06 +0000 2019
1207795997725876226;Thu Dec 19 22:53:00 +0000 2019
1207796667317182464;Thu Dec 19 22:55:39 +0000 2019
1207797222173282305;Thu Dec 19 22:57:52 +0000 2019
1207797261490622465;Thu Dec 19 22:58:01 +0000 2019
1207797315613929473;Thu Dec 19 22:58:14 +0000 2019
1207798017790754818;Thu Dec 19 23:01:01 +0000 2019
1207798047771627521;Thu Dec 19 23:01:09 +0000 2019
1207798307440988160;Thu Dec 19 23:02:10 +0000 2019
1207798314831351808;Thu Dec 19 23:02:12 +0000 2019
1207799662402527236;Thu Dec 19 23:07:34 +0000 2019
1207800289388048389;Thu Dec 19 23:10:03 +0000 2019
1207801888764317696;Thu Dec 19 23:16:24 +0000 2019
1207802840565112833;Thu Dec 19 23:20:11 +0000 2019
1207803019309568005;Thu Dec 19 23:20:54 +0000 2019
1207803177048977408;Thu Dec 19 23:21:31 +0000 2019
1207804107085488129;Thu Dec 19 23:25:13 +0000 2019
1207804808050155520;Thu Dec 19 23:28:00 +0000 2019
1207804900635299842;Thu Dec 19 23:28:22 +0000 2019
1207806237913559046;Thu Dec 19 23:33:41 +0000 2019
1207806502871982080;Thu Dec 19 23:34:44 +0000 2019
1207806742219894786;Thu Dec 19 23:35:41 +0000 2019
1207807119547863041;Thu Dec 19 23:37:11 +0000 2019
1207807216620834822;Thu Dec 19 23:37:35 +0000 2019
1207807392160858114;Thu Dec 19 23:38:16 +0000 2019
1207807505490993152;Thu Dec 19 23:38:43 +0000 2019
1207811024734367745;Thu Dec 19 23:52:42 +0000 2019
1207812094957101062;Thu Dec 19 23:56:58 +0000 2019
1207813777367928833;Fri Dec 20 00:03:39 +0000 2019
1207814161473966081;Fri Dec 20 00:05:10 +0000 2019
1207815522345246720;Fri Dec 20 00:10:35 +0000 2019
1207815967381893121;Fri Dec 20 00:12:21 +0000 2019
1207816268662870022;Fri Dec 20 00:13:33 +0000 2019
1207819550974205952;Fri Dec 20 00:26:35 +0000 2019
1207821298874884097;Fri Dec 20 00:33:32 +0000 2019
1207822237446922240;Fri Dec 20 00:37:16 +0000 2019
1207823394814734341;Fri Dec 20 00:41:52 +0000 2019
1207823645302763520;Fri Dec 20 00:42:51 +0000 2019
1207824007866785793;Fri Dec 20 00:44:18 +0000 2019
1207824177857613825;Fri Dec 20 00:44:58 +0000 2019
1207824186573574147;Fri Dec 20 00:45:01 +0000 2019
1207824409886633984;Fri Dec 20 00:45:54 +0000 2019
1207825042236747777;Fri Dec 20 00:48:25 +0000 2019
1207825193915293696;Fri Dec 20 00:49:01 +0000 2019
1207825323523543046;Fri Dec 20 00:49:32 +0000 2019
1207825559515992064;Fri Dec 20 00:50:28 +0000 2019
1207825822737977345;Fri Dec 20 00:51:31 +0000 2019
1207825997183234049;Fri Dec 20 00:52:12 +0000 2019
1207826011401936897;Fri Dec 20 00:52:16 +0000 2019
1207826103978606592;Fri Dec 20 00:52:38 +0000 2019
1207826224422301696;Fri Dec 20 00:53:06 +0000 2019
1207826494694871040;Fri Dec 20 00:54:11 +0000 2019
1207826573115580421;Fri Dec 20 00:54:30 +0000 2019
1207827238051352576;Fri Dec 20 00:57:08 +0000 2019
1207827709453320193;Fri Dec 20 00:59:00 +0000 2019
1207827913766318081;Fri Dec 20 00:59:49 +0000 2019
1207827937078206465;Fri Dec 20 00:59:55 +0000 2019
1207827998189268994;Fri Dec 20 01:00:09 +0000 2019
1207828121510203392;Fri Dec 20 01:00:39 +0000 2019
1207828918759284737;Fri Dec 20 01:03:49 +0000 2019
1207829430925774849;Fri Dec 20 01:05:51 +0000 2019
1207830186949038080;Fri Dec 20 01:08:51 +0000 2019
1207830351596400641;Fri Dec 20 01:09:30 +0000 2019
1207830424359231493;Fri Dec 20 01:09:48 +0000 2019
1207830567787671552;Fri Dec 20 01:10:22 +0000 2019
1207830783899131904;Fri Dec 20 01:11:13 +0000 2019
1207830975922802689;Fri Dec 20 01:11:59 +0000 2019
1207831253174640642;Fri Dec 20 01:13:05 +0000 2019
1207831316978372608;Fri Dec 20 01:13:21 +0000 2019
1207831316978372608;Fri Dec 20 01:13:21 +0000 2019
1207831737893605376;Fri Dec 20 01:15:01 +0000 2019
1207831749734125570;Fri Dec 20 01:15:04 +0000 2019
1207831849097220098;Fri Dec 20 01:15:27 +0000 2019
1207832056706809856;Fri Dec 20 01:16:17 +0000 2019
1207832358793158656;Fri Dec 20 01:17:29 +0000 2019
1207832552402227200;Fri Dec 20 01:18:15 +0000 2019
1207832688209616899;Fri Dec 20 01:18:47 +0000 2019
1207833039201587206;Fri Dec 20 01:20:11 +0000 2019
1207833201605070848;Fri Dec 20 01:20:50 +0000 2019
1207833273843552256;Fri Dec 20 01:21:07 +0000 2019
1207833294596923398;Fri Dec 20 01:21:12 +0000 2019
1207833353900179457;Fri Dec 20 01:21:26 +0000 2019
1207833571433615361;Fri Dec 20 01:22:18 +0000 2019
1207833626018271232;Fri Dec 20 01:22:31 +0000 2019
1207833751792865280;Fri Dec 20 01:23:01 +0000 2019
1207834441802010624;Fri Dec 20 01:25:46 +0000 2019
1207835175683592195;Fri Dec 20 01:28:41 +0000 2019
1207835763351736320;Fri Dec 20 01:31:01 +0000 2019
1207837117608534016;Fri Dec 20 01:36:24 +0000 2019
1207837483867738112;Fri Dec 20 01:37:51 +0000 2019
1207838034814746624;Fri Dec 20 01:40:02 +0000 2019
1207839124574613504;Fri Dec 20 01:44:22 +0000 2019
1207840083690369024;Fri Dec 20 01:48:11 +0000 2019
1207841902566899712;Fri Dec 20 01:55:24 +0000 2019
1207842499097743366;Fri Dec 20 01:57:47 +0000 2019
1207844176366374912;Fri Dec 20 02:04:26 +0000 2019
1207844494764396551;Fri Dec 20 02:05:42 +0000 2019
1207845251903361025;Fri Dec 20 02:08:43 +0000 2019
1207845528400257024;Fri Dec 20 02:09:49 +0000 2019
1207845708537245697;Fri Dec 20 02:10:32 +0000 2019
1207846264748093440;Fri Dec 20 02:12:44 +0000 2019
1207846654533128192;Fri Dec 20 02:14:17 +0000 2019
1207846878538272768;Fri Dec 20 02:15:11 +0000 2019
1207847312510332929;Fri Dec 20 02:16:54 +0000 2019
1207848864151158787;Fri Dec 20 02:23:04 +0000 2019
1207849526876409856;Fri Dec 20 02:25:42 +0000 2019
1207850050593939457;Fri Dec 20 02:27:47 +0000 2019
1207850127035117569;Fri Dec 20 02:28:05 +0000 2019
1207850230907101184;Fri Dec 20 02:28:30 +0000 2019
1207850321705414656;Fri Dec 20 02:28:52 +0000 2019
1207850858580500485;Fri Dec 20 02:31:00 +0000 2019
1207852014882963456;Fri Dec 20 02:35:35 +0000 2019
1207853565521346560;Fri Dec 20 02:41:45 +0000 2019
1207853928886480896;Fri Dec 20 02:43:12 +0000 2019
1207854106817257474;Fri Dec 20 02:43:54 +0000 2019
1207854259846438912;Fri Dec 20 02:44:31 +0000 2019
1207854747547586560;Fri Dec 20 02:46:27 +0000 2019
1207854860865097728;Fri Dec 20 02:46:54 +0000 2019
1207855812472950784;Fri Dec 20 02:50:41 +0000 2019
1207856101917646850;Fri Dec 20 02:51:50 +0000 2019
1207856380973068288;Fri Dec 20 02:52:56 +0000 2019
1207856658111770624;Fri Dec 20 02:54:02 +0000 2019
1207857017022533632;Fri Dec 20 02:55:28 +0000 2019
1207857675154968576;Fri Dec 20 02:58:05 +0000 2019
1207857946132197378;Fri Dec 20 02:59:09 +0000 2019
1207858036984946688;Fri Dec 20 02:59:31 +0000 2019
1207858046812278785;Fri Dec 20 02:59:33 +0000 2019
1207858139347005441;Fri Dec 20 02:59:55 +0000 2019
1207858296897626115;Fri Dec 20 03:00:33 +0000 2019
1207858378715942913;Fri Dec 20 03:00:53 +0000 2019
1207858411838353408;Fri Dec 20 03:01:00 +0000 2019
1207858671348330498;Fri Dec 20 03:02:02 +0000 2019
1207858727170260992;Fri Dec 20 03:02:16 +0000 2019
1207859043248812033;Fri Dec 20 03:03:31 +0000 2019
1207859849305964546;Fri Dec 20 03:06:43 +0000 2019
1207860153351102464;Fri Dec 20 03:07:56 +0000 2019
1207860163299991553;Fri Dec 20 03:07:58 +0000 2019
1207860943369261057;Fri Dec 20 03:11:04 +0000 2019
1207861720997339136;Fri Dec 20 03:14:09 +0000 2019
1207862116864184321;Fri Dec 20 03:15:44 +0000 2019
1207862134627086336;Fri Dec 20 03:15:48 +0000 2019
1207862639004659714;Fri Dec 20 03:17:48 +0000 2019
1207862946363256832;Fri Dec 20 03:19:02 +0000 2019
1207863160125964289;Fri Dec 20 03:19:53 +0000 2019
1207863241139015681;Fri Dec 20 03:20:12 +0000 2019
1207863290770198528;Fri Dec 20 03:20:24 +0000 2019
1207863444747239424;Fri Dec 20 03:21:00 +0000 2019
1207864018972684288;Fri Dec 20 03:23:17 +0000 2019
1207864427091046406;Fri Dec 20 03:24:55 +0000 2019
1207865100692082689;Fri Dec 20 03:27:35 +0000 2019
1207865459539939328;Fri Dec 20 03:29:01 +0000 2019
1207865957911318533;Fri Dec 20 03:31:00 +0000 2019
1207865976479289344;Fri Dec 20 03:31:04 +0000 2019
1207865982976495621;Fri Dec 20 03:31:06 +0000 2019
1207868292246986753;Fri Dec 20 03:40:16 +0000 2019
1207869030788411392;Fri Dec 20 03:43:12 +0000 2019
1207869197507874816;Fri Dec 20 03:43:52 +0000 2019
1207869989996441601;Fri Dec 20 03:47:01 +0000 2019
1207869993683181569;Fri Dec 20 03:47:02 +0000 2019
1207870515781816320;Fri Dec 20 03:49:06 +0000 2019
1207871666434560001;Fri Dec 20 03:53:41 +0000 2019
1207872782144614405;Fri Dec 20 03:58:07 +0000 2019
1207872968329768960;Fri Dec 20 03:58:51 +0000 2019
1207873125536452609;Fri Dec 20 03:59:28 +0000 2019
1207873425395634176;Fri Dec 20 04:00:40 +0000 2019
1207875683491438592;Fri Dec 20 04:09:38 +0000 2019
1207876138300772357;Fri Dec 20 04:11:27 +0000 2019
1207877278585249793;Fri Dec 20 04:15:59 +0000 2019
1207877743943270400;Fri Dec 20 04:17:50 +0000 2019
1207877743943270400;Fri Dec 20 04:17:50 +0000 2019
1207878353048473602;Fri Dec 20 04:20:15 +0000 2019
1207878661757636608;Fri Dec 20 04:21:28 +0000 2019
1207879097441038337;Fri Dec 20 04:23:12 +0000 2019
1207880508753006592;Fri Dec 20 04:28:49 +0000 2019
1207880749690605568;Fri Dec 20 04:29:46 +0000 2019
1207882317999554565;Fri Dec 20 04:36:00 +0000 2019
1207882727955058689;Fri Dec 20 04:37:38 +0000 2019
1207883425241276416;Fri Dec 20 04:40:24 +0000 2019
1207884150939750400;Fri Dec 20 04:43:17 +0000 2019
1207884752092647424;Fri Dec 20 04:45:40 +0000 2019
1207885172244434945;Fri Dec 20 04:47:21 +0000 2019
1207886496050466817;Fri Dec 20 04:52:36 +0000 2019
1207895451854409728;Fri Dec 20 05:28:11 +0000 2019
1207906143030464513;Fri Dec 20 06:10:40 +0000 2019
1207926314595999744;Fri Dec 20 07:30:50 +0000 2019
1207926718792642560;Fri Dec 20 07:32:26 +0000 2019
1207949288950697984;Fri Dec 20 09:02:07 +0000 2019
1207952398486032390;Fri Dec 20 09:14:29 +0000 2019
1207956508287344640;Fri Dec 20 09:30:48 +0000 2019
1207961456366571520;Fri Dec 20 09:50:28 +0000 2019
1207962162980933632;Fri Dec 20 09:53:17 +0000 2019
1207962762086932481;Fri Dec 20 09:55:40 +0000 2019
1207963191109701632;Fri Dec 20 09:57:22 +0000 2019
1207964288800972802;Fri Dec 20 10:01:43 +0000 2019
1207965539106205696;Fri Dec 20 10:06:42 +0000 2019
1207966474838654977;Fri Dec 20 10:10:25 +0000 2019
1207966961302491137;Fri Dec 20 10:12:21 +0000 2019
1207967189640331267;Fri Dec 20 10:13:15 +0000 2019
1207967513981673472;Fri Dec 20 10:14:32 +0000 2019
1207967570109833216;Fri Dec 20 10:14:46 +0000 2019
1207967622681284608;Fri Dec 20 10:14:58 +0000 2019
1207968324786774017;Fri Dec 20 10:17:46 +0000 2019
1207969424151629825;Fri Dec 20 10:22:08 +0000 2019
1207970181898743809;Fri Dec 20 10:25:09 +0000 2019
1207970292448055297;Fri Dec 20 10:25:35 +0000 2019
1207970608107212800;Fri Dec 20 10:26:50 +0000 2019
1207973230570553345;Fri Dec 20 10:37:15 +0000 2019
1207973639087366145;Fri Dec 20 10:38:53 +0000 2019
1207974214814326784;Fri Dec 20 10:41:10 +0000 2019
1207976034110464000;Fri Dec 20 10:48:24 +0000 2019
1207976090603532290;Fri Dec 20 10:48:37 +0000 2019
1207978394517946368;Fri Dec 20 10:57:47 +0000 2019
1207978632137912323;Fri Dec 20 10:58:43 +0000 2019
1207979772594147328;Fri Dec 20 11:03:15 +0000 2019
1207980219975512064;Fri Dec 20 11:05:02 +0000 2019
1207980555318497280;Fri Dec 20 11:06:22 +0000 2019
1207980578693373953;Fri Dec 20 11:06:27 +0000 2019
1207980694003208195;Fri Dec 20 11:06:55 +0000 2019
1207981808652038145;Fri Dec 20 11:11:21 +0000 2019
1207981863098294272;Fri Dec 20 11:11:34 +0000 2019
1207982140345860096;Fri Dec 20 11:12:40 +0000 2019
1207982192514736134;Fri Dec 20 11:12:52 +0000 2019
1207982210738991104;Fri Dec 20 11:12:56 +0000 2019
1207982216439095296;Fri Dec 20 11:12:58 +0000 2019
1207982810608414720;Fri Dec 20 11:15:19 +0000 2019
1207983114934476801;Fri Dec 20 11:16:32 +0000 2019
1207983197096730626;Fri Dec 20 11:16:52 +0000 2019
1207983355054166016;Fri Dec 20 11:17:29 +0000 2019
1207983457676210176;Fri Dec 20 11:17:54 +0000 2019
1207983603377954821;Fri Dec 20 11:18:28 +0000 2019
1207983610122387457;Fri Dec 20 11:18:30 +0000 2019
1207983833813049344;Fri Dec 20 11:19:23 +0000 2019
1207984043909898240;Fri Dec 20 11:20:13 +0000 2019
1207984465311674368;Fri Dec 20 11:21:54 +0000 2019
1207984700763123713;Fri Dec 20 11:22:50 +0000 2019
1207984792769323008;Fri Dec 20 11:23:12 +0000 2019
1207984801032155148;Fri Dec 20 11:23:14 +0000 2019
1207984924751486976;Fri Dec 20 11:23:43 +0000 2019
1207984974143664128;Fri Dec 20 11:23:55 +0000 2019
1207985035036561408;Fri Dec 20 11:24:10 +0000 2019
1207985338947395584;Fri Dec 20 11:25:22 +0000 2019
1207985363647631360;Fri Dec 20 11:25:28 +0000 2019
1207985378923335681;Fri Dec 20 11:25:32 +0000 2019
1207985913663557632;Fri Dec 20 11:27:39 +0000 2019
1207985952347570177;Fri Dec 20 11:27:48 +0000 2019
1207986201023660032;Fri Dec 20 11:28:48 +0000 2019
1207986211782057984;Fri Dec 20 11:28:50 +0000 2019
1207986474605580289;Fri Dec 20 11:29:53 +0000 2019
1207986484017537024;Fri Dec 20 11:29:55 +0000 2019
1207986526547779585;Fri Dec 20 11:30:05 +0000 2019
1207986705799819265;Fri Dec 20 11:30:48 +0000 2019
1207986775483977728;Fri Dec 20 11:31:05 +0000 2019
1207986854420725761;Fri Dec 20 11:31:24 +0000 2019
1207986864269012993;Fri Dec 20 11:31:26 +0000 2019
1207987042883387392;Fri Dec 20 11:32:08 +0000 2019
1207987201495187456;Fri Dec 20 11:32:46 +0000 2019
1207987313634091013;Fri Dec 20 11:33:13 +0000 2019
1207987605037625344;Fri Dec 20 11:34:23 +0000 2019
1207987780690882560;Fri Dec 20 11:35:04 +0000 2019
1207988357680304130;Fri Dec 20 11:37:22 +0000 2019
1207988366173704192;Fri Dec 20 11:37:24 +0000 2019
1207988378710499329;Fri Dec 20 11:37:27 +0000 2019
1207988492053155840;Fri Dec 20 11:37:54 +0000 2019
1207988841006718976;Fri Dec 20 11:39:17 +0000 2019
1207988889966829568;Fri Dec 20 11:39:29 +0000 2019
1207988946782883841;Fri Dec 20 11:39:42 +0000 2019
1207989071148146689;Fri Dec 20 11:40:12 +0000 2019
1207989251415191552;Fri Dec 20 11:40:55 +0000 2019
1207989737434300416;Fri Dec 20 11:42:51 +0000 2019
1207989737434300416;Fri Dec 20 11:42:51 +0000 2019
1207989950655934464;Fri Dec 20 11:43:42 +0000 2019
1207990117757050880;Fri Dec 20 11:44:22 +0000 2019
1207991571548975105;Fri Dec 20 11:50:08 +0000 2019
1207992017080455175;Fri Dec 20 11:51:54 +0000 2019
1207992538847760385;Fri Dec 20 11:53:59 +0000 2019
1207992560490291201;Fri Dec 20 11:54:04 +0000 2019
1207993398860427266;Fri Dec 20 11:57:24 +0000 2019
1207993449523351552;Fri Dec 20 11:57:36 +0000 2019
1207993832551391232;Fri Dec 20 11:59:07 +0000 2019
1207993895793156096;Fri Dec 20 11:59:22 +0000 2019
1207993965066240000;Fri Dec 20 11:59:39 +0000 2019
1207993987111489538;Fri Dec 20 11:59:44 +0000 2019
1207994055562596352;Fri Dec 20 12:00:00 +0000 2019
1207995087516557312;Fri Dec 20 12:04:06 +0000 2019
1207995207654035456;Fri Dec 20 12:04:35 +0000 2019
1207995807301013504;Fri Dec 20 12:06:58 +0000 2019
1207996391508852736;Fri Dec 20 12:09:17 +0000 2019
1207996585461866498;Fri Dec 20 12:10:04 +0000 2019
1207997599137107968;Fri Dec 20 12:14:05 +0000 2019
1207997937177047041;Fri Dec 20 12:15:26 +0000 2019
1207998317403234305;Fri Dec 20 12:16:57 +0000 2019
1207998504062324737;Fri Dec 20 12:17:41 +0000 2019
1207998652788158464;Fri Dec 20 12:18:17 +0000 2019
1208000186125094914;Fri Dec 20 12:24:22 +0000 2019
1208000340559351815;Fri Dec 20 12:24:59 +0000 2019
1208000947131166720;Fri Dec 20 12:27:24 +0000 2019
1208000982631800832;Fri Dec 20 12:27:32 +0000 2019
1208001239339950080;Fri Dec 20 12:28:33 +0000 2019
1208002569945206786;Fri Dec 20 12:33:50 +0000 2019
1208002654263226368;Fri Dec 20 12:34:11 +0000 2019
1208002747343278081;Fri Dec 20 12:34:33 +0000 2019
1208003135190577153;Fri Dec 20 12:36:05 +0000 2019
1208003264727388160;Fri Dec 20 12:36:36 +0000 2019
1208003273308946435;Fri Dec 20 12:36:38 +0000 2019
1208003353537662981;Fri Dec 20 12:36:57 +0000 2019
1208003605409812480;Fri Dec 20 12:37:57 +0000 2019
1208003711148138497;Fri Dec 20 12:38:23 +0000 2019
1208003750977253376;Fri Dec 20 12:38:32 +0000 2019
1208005028746858496;Fri Dec 20 12:43:37 +0000 2019
1208005198033108992;Fri Dec 20 12:44:17 +0000 2019
1208005632340746240;Fri Dec 20 12:46:01 +0000 2019
1208006166112018434;Fri Dec 20 12:48:08 +0000 2019
1208006195040133122;Fri Dec 20 12:48:15 +0000 2019
1208006290062086145;Fri Dec 20 12:48:37 +0000 2019
1208006570178760704;Fri Dec 20 12:49:44 +0000 2019
1208006819207163904;Fri Dec 20 12:50:44 +0000 2019
1208006992855552000;Fri Dec 20 12:51:25 +0000 2019
1208007023331336194;Fri Dec 20 12:51:32 +0000 2019
1208007259931832321;Fri Dec 20 12:52:29 +0000 2019
1208007503470059525;Fri Dec 20 12:53:27 +0000 2019
1208007520511569920;Fri Dec 20 12:53:31 +0000 2019
1208007701613154305;Fri Dec 20 12:54:14 +0000 2019
1208008100734734336;Fri Dec 20 12:55:49 +0000 2019
1208009869913153537;Fri Dec 20 13:02:51 +0000 2019
1208010018425061377;Fri Dec 20 13:03:26 +0000 2019
1208011099246858243;Fri Dec 20 13:07:44 +0000 2019
1208011245066113024;Fri Dec 20 13:08:19 +0000 2019
1208011785464352768;Fri Dec 20 13:10:28 +0000 2019
1208011969384648704;Fri Dec 20 13:11:11 +0000 2019
1208012329465634819;Fri Dec 20 13:12:37 +0000 2019
1208013060025339904;Fri Dec 20 13:15:31 +0000 2019
1208013455313326081;Fri Dec 20 13:17:06 +0000 2019
1208013734679064576;Fri Dec 20 13:18:12 +0000 2019
1208015464925974528;Fri Dec 20 13:25:05 +0000 2019
1208015601618345984;Fri Dec 20 13:25:37 +0000 2019
1208015869269495808;Fri Dec 20 13:26:41 +0000 2019
1208015923220799489;Fri Dec 20 13:26:54 +0000 2019
1208016145535639553;Fri Dec 20 13:27:47 +0000 2019
1208016475937820674;Fri Dec 20 13:29:06 +0000 2019
1208017221508882433;Fri Dec 20 13:32:04 +0000 2019
1208017441910968320;Fri Dec 20 13:32:56 +0000 2019
1208017604964737024;Fri Dec 20 13:33:35 +0000 2019
1208018018867064833;Fri Dec 20 13:35:14 +0000 2019
1208019003492503552;Fri Dec 20 13:39:08 +0000 2019
1208019114771537920;Fri Dec 20 13:39:35 +0000 2019
1208019946359398400;Fri Dec 20 13:42:53 +0000 2019
1208019953389096961;Fri Dec 20 13:42:55 +0000 2019
1208020061014962177;Fri Dec 20 13:43:21 +0000 2019
1208021766267908096;Fri Dec 20 13:50:07 +0000 2019
1208022009571151875;Fri Dec 20 13:51:05 +0000 2019
1208022653723959296;Fri Dec 20 13:53:39 +0000 2019
1208022802768564225;Fri Dec 20 13:54:14 +0000 2019
1208022950835900416;Fri Dec 20 13:54:50 +0000 2019
1208023219996938241;Fri Dec 20 13:55:54 +0000 2019
1208023346102845441;Fri Dec 20 13:56:24 +0000 2019
1208023489342521344;Fri Dec 20 13:56:58 +0000 2019
1208024143800799232;Fri Dec 20 13:59:34 +0000 2019
1208026688501829632;Fri Dec 20 14:09:41 +0000 2019
1208027117486821379;Fri Dec 20 14:11:23 +0000 2019
1208027243831812096;Fri Dec 20 14:11:53 +0000 2019
1208027597965320193;Fri Dec 20 14:13:18 +0000 2019
1208030516429111302;Fri Dec 20 14:24:53 +0000 2019
1208030852497711104;Fri Dec 20 14:26:14 +0000 2019
1208031736480878594;Fri Dec 20 14:29:44 +0000 2019
1208032365454544896;Fri Dec 20 14:32:14 +0000 2019
1208034258889170944;Fri Dec 20 14:39:46 +0000 2019
1208034580990742529;Fri Dec 20 14:41:02 +0000 2019
1208034595528224774;Fri Dec 20 14:41:06 +0000 2019
1208035224694771712;Fri Dec 20 14:43:36 +0000 2019
1208035224694771712;Fri Dec 20 14:43:36 +0000 2019
1208037110197968896;Fri Dec 20 14:51:05 +0000 2019
1208037609466998785;Fri Dec 20 14:53:05 +0000 2019
1208038502916640768;Fri Dec 20 14:56:38 +0000 2019
1208041198046367749;Fri Dec 20 15:07:20 +0000 2019
1208041332821901314;Fri Dec 20 15:07:52 +0000 2019
1208042990981263360;Fri Dec 20 15:14:28 +0000 2019
1208044737300701185;Fri Dec 20 15:21:24 +0000 2019
1208044915717881858;Fri Dec 20 15:22:06 +0000 2019
1208045307008823297;Fri Dec 20 15:23:40 +0000 2019
1208047462935605248;Fri Dec 20 15:32:14 +0000 2019
1208050224406695937;Fri Dec 20 15:43:12 +0000 2019
1208050823219027969;Fri Dec 20 15:45:35 +0000 2019
1208052405423738894;Fri Dec 20 15:51:52 +0000 2019
1208052626782380033;Fri Dec 20 15:52:45 +0000 2019
1208053848801206273;Fri Dec 20 15:57:36 +0000 2019
1208055447976067073;Fri Dec 20 16:03:58 +0000 2019
1208059303824896001;Fri Dec 20 16:19:17 +0000 2019
1208059694968967169;Fri Dec 20 16:20:50 +0000 2019
1208060566998261766;Fri Dec 20 16:24:18 +0000 2019
1208060824541159425;Fri Dec 20 16:25:19 +0000 2019
1208061038018662400;Fri Dec 20 16:26:10 +0000 2019
1208061821233631238;Fri Dec 20 16:29:17 +0000 2019
1208063457200922629;Fri Dec 20 16:35:47 +0000 2019
1208065836646313984;Fri Dec 20 16:45:14 +0000 2019
1208067917918720000;Fri Dec 20 16:53:31 +0000 2019
1208068025464819712;Fri Dec 20 16:53:56 +0000 2019
1208071388076134401;Fri Dec 20 17:07:18 +0000 2019
1208072201397821441;Fri Dec 20 17:10:32 +0000 2019
1208072298961473538;Fri Dec 20 17:10:55 +0000 2019
1208072622514331652;Fri Dec 20 17:12:12 +0000 2019
1208074220040785920;Fri Dec 20 17:18:33 +0000 2019
1208074425314283521;Fri Dec 20 17:19:22 +0000 2019
1208075026731294720;Fri Dec 20 17:21:45 +0000 2019
1208076063777144832;Fri Dec 20 17:25:53 +0000 2019
1208076157083693056;Fri Dec 20 17:26:15 +0000 2019
1208082151020908545;Fri Dec 20 17:50:04 +0000 2019
1208083403054239744;Fri Dec 20 17:55:03 +0000 2019
1208084425461899265;Fri Dec 20 17:59:06 +0000 2019
1208087309318574081;Fri Dec 20 18:10:34 +0000 2019
1208088671850774528;Fri Dec 20 18:15:59 +0000 2019
1208088701793918976;Fri Dec 20 18:16:06 +0000 2019
1208090813022064640;Fri Dec 20 18:24:29 +0000 2019
1208094534724440064;Fri Dec 20 18:39:17 +0000 2019
1208100560286748672;Fri Dec 20 19:03:13 +0000 2019
1208103006597718017;Fri Dec 20 19:12:56 +0000 2019
1208111811167477760;Fri Dec 20 19:47:56 +0000 2019
1208115293056319495;Fri Dec 20 20:01:46 +0000 2019
1208122990178770945;Fri Dec 20 20:32:21 +0000 2019
1208126190441111554;Fri Dec 20 20:45:04 +0000 2019
1208128079920553986;Fri Dec 20 20:52:34 +0000 2019
1208135506170728448;Fri Dec 20 21:22:05 +0000 2019
1208135539720892416;Fri Dec 20 21:22:13 +0000 2019
1208135559639654402;Fri Dec 20 21:22:18 +0000 2019
1208142611514568704;Fri Dec 20 21:50:19 +0000 2019
1208145341100507139;Fri Dec 20 22:01:10 +0000 2019
1208151921355370502;Fri Dec 20 22:27:19 +0000 2019
1208156981988646912;Fri Dec 20 22:47:25 +0000 2019
1208159018541371392;Fri Dec 20 22:55:31 +0000 2019
1208166006671192065;Fri Dec 20 23:23:17 +0000 2019
1208182046952169473;Sat Dec 21 00:27:01 +0000 2019
1208184705373356032;Sat Dec 21 00:37:35 +0000 2019
1208193935199395841;Sat Dec 21 01:14:15 +0000 2019
1208194428931911680;Sat Dec 21 01:16:13 +0000 2019
1208196097853837313;Sat Dec 21 01:22:51 +0000 2019
1208198965340102656;Sat Dec 21 01:34:15 +0000 2019
1208201355057389568;Sat Dec 21 01:43:44 +0000 2019
1208215930490241024;Sat Dec 21 02:41:40 +0000 2019
1208217784855023618;Sat Dec 21 02:49:02 +0000 2019
1208221816193536000;Sat Dec 21 03:05:03 +0000 2019
1208227633802153985;Sat Dec 21 03:28:10 +0000 2019
1208236149682135041;Sat Dec 21 04:02:00 +0000 2019
1208283071142858753;Sat Dec 21 07:08:27 +0000 2019
1208296446677716992;Sat Dec 21 08:01:36 +0000 2019
1208339760273592320;Sat Dec 21 10:53:43 +0000 2019
1208340046258098177;Sat Dec 21 10:54:51 +0000 2019
1208344571823972354;Sat Dec 21 11:12:50 +0000 2019
1208346971154591745;Sat Dec 21 11:22:22 +0000 2019
1208348621239934976;Sat Dec 21 11:28:55 +0000 2019
1208387791618498560;Sat Dec 21 14:04:34 +0000 2019
1208399231712681985;Sat Dec 21 14:50:02 +0000 2019
1208399299492626434;Sat Dec 21 14:50:18 +0000 2019
1208399498063552524;Sat Dec 21 14:51:05 +0000 2019
1208400596182679555;Sat Dec 21 14:55:27 +0000 2019
1208401005735530496;Sat Dec 21 14:57:05 +0000 2019
1208401193711652869;Sat Dec 21 14:57:50 +0000 2019
1208401301551357952;Sat Dec 21 14:58:15 +0000 2019
1208401688010334213;Sat Dec 21 14:59:48 +0000 2019
1208401932181745664;Sat Dec 21 15:00:46 +0000 2019
1208402116823470085;Sat Dec 21 15:01:30 +0000 2019
1208403466462400512;Sat Dec 21 15:06:52 +0000 2019
1208404065924866048;Sat Dec 21 15:09:15 +0000 2019
1208405009647460353;Sat Dec 21 15:13:00 +0000 2019
1208405273381101570;Sat Dec 21 15:14:02 +0000 2019
1208405483880636416;Sat Dec 21 15:14:53 +0000 2019
1208406420380618754;Sat Dec 21 15:18:36 +0000 2019
1208406810237063168;Sat Dec 21 15:20:09 +0000 2019
1208407102156398597;Sat Dec 21 15:21:18 +0000 2019
1208409120761663488;Sat Dec 21 15:29:20 +0000 2019
1208409903401971712;Sat Dec 21 15:32:26 +0000 2019
1208409903401971712;Sat Dec 21 15:32:26 +0000 2019
1208411868328529920;Sat Dec 21 15:40:15 +0000 2019
1208412319224602629;Sat Dec 21 15:42:02 +0000 2019
1208417274237005824;Sat Dec 21 16:01:44 +0000 2019
1208418923890331648;Sat Dec 21 16:08:17 +0000 2019
1208421258184056837;Sat Dec 21 16:17:33 +0000 2019
1208422896848310279;Sat Dec 21 16:24:04 +0000 2019
1208423728155123713;Sat Dec 21 16:27:22 +0000 2019
1208423788737695744;Sat Dec 21 16:27:37 +0000 2019
1208424031923425280;Sat Dec 21 16:28:35 +0000 2019
1208424442893946880;Sat Dec 21 16:30:13 +0000 2019
1208424957614510082;Sat Dec 21 16:32:16 +0000 2019
1208426333266685952;Sat Dec 21 16:37:43 +0000 2019
1208430126918189056;Sat Dec 21 16:52:48 +0000 2019
1208430475213180928;Sat Dec 21 16:54:11 +0000 2019
1208430734047924224;Sat Dec 21 16:55:13 +0000 2019
1208431206867644416;Sat Dec 21 16:57:05 +0000 2019
1208432939987550209;Sat Dec 21 17:03:59 +0000 2019
1208434341904338950;Sat Dec 21 17:09:33 +0000 2019
1208435669434941441;Sat Dec 21 17:14:49 +0000 2019
1208437858094272512;Sat Dec 21 17:23:31 +0000 2019
1208440629136678913;Sat Dec 21 17:34:32 +0000 2019
1208441002505232385;Sat Dec 21 17:36:01 +0000 2019
1208441390935560193;Sat Dec 21 17:37:34 +0000 2019
1208450608522547208;Sat Dec 21 18:14:11 +0000 2019
1208451329166888961;Sat Dec 21 18:17:03 +0000 2019
1208454585674682369;Sat Dec 21 18:29:59 +0000 2019
1208460805122985985;Sat Dec 21 18:54:42 +0000 2019
1208461951501770752;Sat Dec 21 18:59:16 +0000 2019
1208462432659746818;Sat Dec 21 19:01:10 +0000 2019
1208463365586202624;Sat Dec 21 19:04:53 +0000 2019
1208465848203132928;Sat Dec 21 19:14:45 +0000 2019
1208466003438579722;Sat Dec 21 19:15:22 +0000 2019
1208467457637093377;Sat Dec 21 19:21:08 +0000 2019
1208467594329698305;Sat Dec 21 19:21:41 +0000 2019
1208470248166494212;Sat Dec 21 19:32:14 +0000 2019
1208470561325752322;Sat Dec 21 19:33:28 +0000 2019
1208472719462928384;Sat Dec 21 19:42:03 +0000 2019
1208473688150024194;Sat Dec 21 19:45:54 +0000 2019
1208476051548098561;Sat Dec 21 19:55:17 +0000 2019
1208481408836132875;Sat Dec 21 20:16:35 +0000 2019
1208482150976303106;Sat Dec 21 20:19:31 +0000 2019
1208484789218631680;Sat Dec 21 20:30:00 +0000 2019
1208488289562505216;Sat Dec 21 20:43:55 +0000 2019
1208489324666335244;Sat Dec 21 20:48:02 +0000 2019
1208490709877239810;Sat Dec 21 20:53:32 +0000 2019
1208492311375687682;Sat Dec 21 20:59:54 +0000 2019
1208497309509664770;Sat Dec 21 21:19:46 +0000 2019
1208498880112930816;Sat Dec 21 21:26:00 +0000 2019
1208499322913988622;Sat Dec 21 21:27:46 +0000 2019
1208512202375864325;Sat Dec 21 22:18:56 +0000 2019
1208512740899393538;Sat Dec 21 22:21:05 +0000 2019
1208526529766014977;Sat Dec 21 23:15:52 +0000 2019
1208531051863248898;Sat Dec 21 23:33:50 +0000 2019
1208532998515253255;Sat Dec 21 23:41:34 +0000 2019
1208533187082801152;Sat Dec 21 23:42:19 +0000 2019
1208533406633603072;Sat Dec 21 23:43:12 +0000 2019
1208533436367015938;Sat Dec 21 23:43:19 +0000 2019
1208534073917919233;Sat Dec 21 23:45:51 +0000 2019
1208534232315957257;Sat Dec 21 23:46:29 +0000 2019
1208536853365870594;Sat Dec 21 23:56:54 +0000 2019
1208538257144918016;Sun Dec 22 00:02:28 +0000 2019
1208540435968397312;Sun Dec 22 00:11:08 +0000 2019
1208540627836788739;Sun Dec 22 00:11:53 +0000 2019
1208541655831384064;Sun Dec 22 00:15:59 +0000 2019
1208544321110233088;Sun Dec 22 00:26:34 +0000 2019
1208544357239971841;Sun Dec 22 00:26:43 +0000 2019
1208544922653073409;Sun Dec 22 00:28:57 +0000 2019
1208546156533432321;Sun Dec 22 00:33:52 +0000 2019
1208550761279479809;Sun Dec 22 00:52:09 +0000 2019
1208554157482921984;Sun Dec 22 01:05:39 +0000 2019
1208554479441846272;Sun Dec 22 01:06:56 +0000 2019
1208554757129936896;Sun Dec 22 01:08:02 +0000 2019
1208568459304538112;Sun Dec 22 02:02:29 +0000 2019
1208570482313875456;Sun Dec 22 02:10:31 +0000 2019
1208570658155909120;Sun Dec 22 02:11:13 +0000 2019
1208570724342026240;Sun Dec 22 02:11:29 +0000 2019
1208572598457643008;Sun Dec 22 02:18:56 +0000 2019
1208575159503872001;Sun Dec 22 02:29:06 +0000 2019
1208575501364805634;Sun Dec 22 02:30:28 +0000 2019
1208576644098772992;Sun Dec 22 02:35:00 +0000 2019
1208579410699444224;Sun Dec 22 02:46:00 +0000 2019
1208582341578416129;Sun Dec 22 02:57:39 +0000 2019
1208587265993330689;Sun Dec 22 03:17:13 +0000 2019
1208588293069258752;Sun Dec 22 03:21:18 +0000 2019
1208594777727492096;Sun Dec 22 03:47:04 +0000 2019
1208601877765599232;Sun Dec 22 04:15:17 +0000 2019
1208602240317083649;Sun Dec 22 04:16:43 +0000 2019
1208603646977626112;Sun Dec 22 04:22:18 +0000 2019
1208605536633180161;Sun Dec 22 04:29:49 +0000 2019
1208612618178617346;Sun Dec 22 04:57:57 +0000 2019
1208616604390612992;Sun Dec 22 05:13:48 +0000 2019
1208635595964211202;Sun Dec 22 06:29:16 +0000 2019
1208668462706515968;Sun Dec 22 08:39:52 +0000 2019
1208687990895259648;Sun Dec 22 09:57:28 +0000 2019
1208689291632824321;Sun Dec 22 10:02:38 +0000 2019
1208692568994779141;Sun Dec 22 10:15:39 +0000 2019
1208697981526007808;Sun Dec 22 10:37:09 +0000 2019
1208716434144149506;Sun Dec 22 11:50:29 +0000 2019
1208717728388919296;Sun Dec 22 11:55:37 +0000 2019
1208717728388919296;Sun Dec 22 11:55:37 +0000 2019
1208717795829133312;Sun Dec 22 11:55:54 +0000 2019
1208719900333740042;Sun Dec 22 12:04:15 +0000 2019
1208736981678727170;Sun Dec 22 13:12:08 +0000 2019
1208743603704672256;Sun Dec 22 13:38:27 +0000 2019
1208747008703565824;Sun Dec 22 13:51:58 +0000 2019
1208752860999094273;Sun Dec 22 14:15:14 +0000 2019
1208757363538382850;Sun Dec 22 14:33:07 +0000 2019
1208757573907816448;Sun Dec 22 14:33:57 +0000 2019
1208778694627606529;Sun Dec 22 15:57:53 +0000 2019
1208783029570813953;Sun Dec 22 16:15:07 +0000 2019
1208787357081706501;Sun Dec 22 16:32:18 +0000 2019
1208799641745186816;Sun Dec 22 17:21:07 +0000 2019
1208801664515239937;Sun Dec 22 17:29:09 +0000 2019
1208802160252772353;Sun Dec 22 17:31:08 +0000 2019
1208802252653285379;Sun Dec 22 17:31:30 +0000 2019
1208805994622586881;Sun Dec 22 17:46:22 +0000 2019
1208808227225456641;Sun Dec 22 17:55:14 +0000 2019
1208812041932333056;Sun Dec 22 18:10:24 +0000 2019
1208834549511262208;Sun Dec 22 19:39:50 +0000 2019
1208835016077250560;Sun Dec 22 19:41:41 +0000 2019
1208869450549776384;Sun Dec 22 21:58:31 +0000 2019
1208874353422716930;Sun Dec 22 22:18:00 +0000 2019
1208874556678688769;Sun Dec 22 22:18:48 +0000 2019
1208876359025512448;Sun Dec 22 22:25:58 +0000 2019
1208884740557852675;Sun Dec 22 22:59:16 +0000 2019
1208893866826334208;Sun Dec 22 23:35:32 +0000 2019
1208901295228301312;Mon Dec 23 00:05:03 +0000 2019
1208905585883787264;Mon Dec 23 00:22:06 +0000 2019
1208927354766155776;Mon Dec 23 01:48:36 +0000 2019
1208928845195304960;Mon Dec 23 01:54:32 +0000 2019
1208936350390636547;Mon Dec 23 02:24:21 +0000 2019
1208986367730094082;Mon Dec 23 05:43:06 +0000 2019
1209050704570200065;Mon Dec 23 09:58:45 +0000 2019
1209050852637446144;Mon Dec 23 09:59:21 +0000 2019
1209050982145019904;Mon Dec 23 09:59:51 +0000 2019
1209051009626103808;Mon Dec 23 09:59:58 +0000 2019
1209051234512052224;Mon Dec 23 10:00:52 +0000 2019
1209052046344761344;Mon Dec 23 10:04:05 +0000 2019
1209052798714884101;Mon Dec 23 10:07:04 +0000 2019
1209052969930506240;Mon Dec 23 10:07:45 +0000 2019
1209053116110458880;Mon Dec 23 10:08:20 +0000 2019
1209053239259389958;Mon Dec 23 10:08:50 +0000 2019
1209054273234972672;Mon Dec 23 10:12:56 +0000 2019
1209054417087082496;Mon Dec 23 10:13:30 +0000 2019
1209054614533869568;Mon Dec 23 10:14:17 +0000 2019
1209055195113697280;Mon Dec 23 10:16:36 +0000 2019
1209055210678685696;Mon Dec 23 10:16:40 +0000 2019
1209055577403473922;Mon Dec 23 10:18:07 +0000 2019
1209056257438564352;Mon Dec 23 10:20:49 +0000 2019
1209056653666111488;Mon Dec 23 10:22:24 +0000 2019
1209056973339217920;Mon Dec 23 10:23:40 +0000 2019
1209057054893264896;Mon Dec 23 10:23:59 +0000 2019
1209057290994831362;Mon Dec 23 10:24:56 +0000 2019
1209057328978415617;Mon Dec 23 10:25:05 +0000 2019
1209057383458189312;Mon Dec 23 10:25:18 +0000 2019
1209057477133774848;Mon Dec 23 10:25:40 +0000 2019
1209057727101767680;Mon Dec 23 10:26:40 +0000 2019
1209057730486394880;Mon Dec 23 10:26:40 +0000 2019
1209058229529055233;Mon Dec 23 10:28:39 +0000 2019
1209058287179751428;Mon Dec 23 10:28:53 +0000 2019
1209058407799492608;Mon Dec 23 10:29:22 +0000 2019
1209058986479230976;Mon Dec 23 10:31:40 +0000 2019
1209059025188470785;Mon Dec 23 10:31:49 +0000 2019
1209059946920398848;Mon Dec 23 10:35:29 +0000 2019
1209062981469900800;Mon Dec 23 10:47:32 +0000 2019
1209063264715464704;Mon Dec 23 10:48:40 +0000 2019
1209064939702370304;Mon Dec 23 10:55:19 +0000 2019
1209067472462237696;Mon Dec 23 11:05:23 +0000 2019
1209067622572216320;Mon Dec 23 11:05:59 +0000 2019
1209067746065100800;Mon Dec 23 11:06:28 +0000 2019
1209067930903863296;Mon Dec 23 11:07:12 +0000 2019
1209068117072207872;Mon Dec 23 11:07:57 +0000 2019
1209068160130985984;Mon Dec 23 11:08:07 +0000 2019
1209068277437227009;Mon Dec 23 11:08:35 +0000 2019
1209068313013358593;Mon Dec 23 11:08:43 +0000 2019
1209068451131805696;Mon Dec 23 11:09:16 +0000 2019
1209068779600306176;Mon Dec 23 11:10:35 +0000 2019
1209068996408094720;Mon Dec 23 11:11:26 +0000 2019
1209069149403721728;Mon Dec 23 11:12:03 +0000 2019
1209069377565470720;Mon Dec 23 11:12:57 +0000 2019
1209069420552884225;Mon Dec 23 11:13:07 +0000 2019
1209069541457846277;Mon Dec 23 11:13:36 +0000 2019
1209070010842406912;Mon Dec 23 11:15:28 +0000 2019
1209070237397716993;Mon Dec 23 11:16:22 +0000 2019
1209070324974866432;Mon Dec 23 11:16:43 +0000 2019
1209070891444899842;Mon Dec 23 11:18:58 +0000 2019
1209070945882824704;Mon Dec 23 11:19:11 +0000 2019
1209071079672684544;Mon Dec 23 11:19:43 +0000 2019
1209071129018679296;Mon Dec 23 11:19:55 +0000 2019
1209071402927771648;Mon Dec 23 11:21:00 +0000 2019
1209071974175125504;Mon Dec 23 11:23:16 +0000 2019
1209071975269851136;Mon Dec 23 11:23:17 +0000 2019
1209072424379199495;Mon Dec 23 11:25:04 +0000 2019
1209072806375366656;Mon Dec 23 11:26:35 +0000 2019
1209072828600979456;Mon Dec 23 11:26:40 +0000 2019
1209072991511941120;Mon Dec 23 11:27:19 +0000 2019
1209073142565613568;Mon Dec 23 11:27:55 +0000 2019
1209073224404930560;Mon Dec 23 11:28:14 +0000 2019
1209073563350765571;Mon Dec 23 11:29:35 +0000 2019
1209073563350765571;Mon Dec 23 11:29:35 +0000 2019
1209073714358296576;Mon Dec 23 11:30:11 +0000 2019
1209074301393129478;Mon Dec 23 11:32:31 +0000 2019
1209074331915042817;Mon Dec 23 11:32:38 +0000 2019
1209074428128178178;Mon Dec 23 11:33:01 +0000 2019
1209074537431781377;Mon Dec 23 11:33:27 +0000 2019
1209074884778827779;Mon Dec 23 11:34:50 +0000 2019
1209075172327804929;Mon Dec 23 11:35:59 +0000 2019
1209075367203549186;Mon Dec 23 11:36:45 +0000 2019
1209076010655911936;Mon Dec 23 11:39:19 +0000 2019
1209076441700356097;Mon Dec 23 11:41:01 +0000 2019
1209076605244641280;Mon Dec 23 11:41:40 +0000 2019
1209076652095025154;Mon Dec 23 11:41:52 +0000 2019
1209076723175903233;Mon Dec 23 11:42:09 +0000 2019
1209076807296786432;Mon Dec 23 11:42:29 +0000 2019
1209076928617033728;Mon Dec 23 11:42:58 +0000 2019
1209076943108345864;Mon Dec 23 11:43:01 +0000 2019
1209077671038205952;Mon Dec 23 11:45:55 +0000 2019
1209078911793020930;Mon Dec 23 11:50:50 +0000 2019
1209079276055732224;Mon Dec 23 11:52:17 +0000 2019
1209079769490448384;Mon Dec 23 11:54:15 +0000 2019
1209079845378019330;Mon Dec 23 11:54:33 +0000 2019
1209080151654293505;Mon Dec 23 11:55:46 +0000 2019
1209080292222423040;Mon Dec 23 11:56:19 +0000 2019
1209081151731703808;Mon Dec 23 11:59:44 +0000 2019
1209081779514155009;Mon Dec 23 12:02:14 +0000 2019
1209082312756998145;Mon Dec 23 12:04:21 +0000 2019
1209082726227333120;Mon Dec 23 12:06:00 +0000 2019
1209083037608271872;Mon Dec 23 12:07:14 +0000 2019
1209083042880462848;Mon Dec 23 12:07:15 +0000 2019
1209083807212744704;Mon Dec 23 12:10:17 +0000 2019
1209083866297843712;Mon Dec 23 12:10:32 +0000 2019
1209084975544504322;Mon Dec 23 12:14:56 +0000 2019
1209085029307047936;Mon Dec 23 12:15:09 +0000 2019
1209085446594138112;Mon Dec 23 12:16:48 +0000 2019
1209085531906347009;Mon Dec 23 12:17:09 +0000 2019
1209085537468002304;Mon Dec 23 12:17:10 +0000 2019
1209085552894578690;Mon Dec 23 12:17:14 +0000 2019
1209086422940110848;Mon Dec 23 12:20:41 +0000 2019
1209086423149764608;Mon Dec 23 12:20:41 +0000 2019
1209086484428537856;Mon Dec 23 12:20:56 +0000 2019
1209086589730787328;Mon Dec 23 12:21:21 +0000 2019
1209087081361879040;Mon Dec 23 12:23:18 +0000 2019
1209087373834932224;Mon Dec 23 12:24:28 +0000 2019
1209087497214582784;Mon Dec 23 12:24:57 +0000 2019
1209087886861176833;Mon Dec 23 12:26:30 +0000 2019
1209088363581575168;Mon Dec 23 12:28:24 +0000 2019
1209088659070291970;Mon Dec 23 12:29:34 +0000 2019
1209089127548887040;Mon Dec 23 12:31:26 +0000 2019
1209089581817069570;Mon Dec 23 12:33:14 +0000 2019
1209089688432267264;Mon Dec 23 12:33:40 +0000 2019
1209089740131184640;Mon Dec 23 12:33:52 +0000 2019
1209089871178063876;Mon Dec 23 12:34:23 +0000 2019
1209090228356435970;Mon Dec 23 12:35:48 +0000 2019
1209090598227107840;Mon Dec 23 12:37:17 +0000 2019
1209090902372880384;Mon Dec 23 12:38:29 +0000 2019
1209091345337503744;Mon Dec 23 12:40:15 +0000 2019
1209091829230112768;Mon Dec 23 12:42:10 +0000 2019
1209092081207185408;Mon Dec 23 12:43:10 +0000 2019
1209092285817901057;Mon Dec 23 12:43:59 +0000 2019
1209093859927613440;Mon Dec 23 12:50:14 +0000 2019
1209094441228808197;Mon Dec 23 12:52:33 +0000 2019
1209094730363101187;Mon Dec 23 12:53:42 +0000 2019
1209094764173438976;Mon Dec 23 12:53:50 +0000 2019
1209095124715802624;Mon Dec 23 12:55:16 +0000 2019
1209095158358302720;Mon Dec 23 12:55:24 +0000 2019
1209096013094498305;Mon Dec 23 12:58:48 +0000 2019
1209096629405532162;Mon Dec 23 13:01:15 +0000 2019
1209096946511732736;Mon Dec 23 13:02:30 +0000 2019
1209097346748952576;Mon Dec 23 13:04:06 +0000 2019
1209098293122387970;Mon Dec 23 13:07:51 +0000 2019
1209098313754128384;Mon Dec 23 13:07:56 +0000 2019
1209098320079183872;Mon Dec 23 13:07:58 +0000 2019
1209098408146944000;Mon Dec 23 13:08:19 +0000 2019
1209098931625480194;Mon Dec 23 13:10:23 +0000 2019
1209099137175707648;Mon Dec 23 13:11:12 +0000 2019
1209099871015321600;Mon Dec 23 13:14:07 +0000 2019
1209100371102228481;Mon Dec 23 13:16:07 +0000 2019
1209100500433604609;Mon Dec 23 13:16:37 +0000 2019
1209102469290024961;Mon Dec 23 13:24:27 +0000 2019
1209102818558259200;Mon Dec 23 13:25:50 +0000 2019
1209103439239753733;Mon Dec 23 13:28:18 +0000 2019
1209105069603467264;Mon Dec 23 13:34:47 +0000 2019
1209105300256628737;Mon Dec 23 13:35:42 +0000 2019
1209105369173237760;Mon Dec 23 13:35:58 +0000 2019
1209107046475403264;Mon Dec 23 13:42:38 +0000 2019
1209107256358424577;Mon Dec 23 13:43:28 +0000 2019
1209107327862870017;Mon Dec 23 13:43:45 +0000 2019
1209107664304836610;Mon Dec 23 13:45:05 +0000 2019
1209107872975601664;Mon Dec 23 13:45:55 +0000 2019
1209108141721444357;Mon Dec 23 13:46:59 +0000 2019
1209109170642968576;Mon Dec 23 13:51:05 +0000 2019
1209109403737239552;Mon Dec 23 13:52:00 +0000 2019
1209109412771762177;Mon Dec 23 13:52:02 +0000 2019
1209109498041962499;Mon Dec 23 13:52:23 +0000 2019
1209110297119797249;Mon Dec 23 13:55:33 +0000 2019
1209110658291240966;Mon Dec 23 13:56:59 +0000 2019
1209110683792617472;Mon Dec 23 13:57:05 +0000 2019
1209112182971125760;Mon Dec 23 14:03:03 +0000 2019
1209113027158646784;Mon Dec 23 14:06:24 +0000 2019
1209113027158646784;Mon Dec 23 14:06:24 +0000 2019
1209113273876041728;Mon Dec 23 14:07:23 +0000 2019
1209113287549497344;Mon Dec 23 14:07:26 +0000 2019
1209113287994068993;Mon Dec 23 14:07:26 +0000 2019
1209113534635892736;Mon Dec 23 14:08:25 +0000 2019
1209113537328697345;Mon Dec 23 14:08:26 +0000 2019
1209113710381408256;Mon Dec 23 14:09:07 +0000 2019
1209114403670495234;Mon Dec 23 14:11:52 +0000 2019
1209114829732102145;Mon Dec 23 14:13:34 +0000 2019
1209114981955977216;Mon Dec 23 14:14:10 +0000 2019
1209116124031389699;Mon Dec 23 14:18:42 +0000 2019
1209116221305696257;Mon Dec 23 14:19:06 +0000 2019
1209116823893037057;Mon Dec 23 14:21:29 +0000 2019
1209117263930023937;Mon Dec 23 14:23:14 +0000 2019
1209117406200811520;Mon Dec 23 14:23:48 +0000 2019
1209117591677145088;Mon Dec 23 14:24:32 +0000 2019
1209118047337930753;Mon Dec 23 14:26:21 +0000 2019
1209118305996423169;Mon Dec 23 14:27:23 +0000 2019
1209119112401694726;Mon Dec 23 14:30:35 +0000 2019
1209119359555297280;Mon Dec 23 14:31:34 +0000 2019
1209119878189404161;Mon Dec 23 14:33:37 +0000 2019
1209120310219411461;Mon Dec 23 14:35:20 +0000 2019
1209120453874343936;Mon Dec 23 14:35:55 +0000 2019
1209120959573180417;Mon Dec 23 14:37:55 +0000 2019
1209121179866484742;Mon Dec 23 14:38:48 +0000 2019
1209121407420043264;Mon Dec 23 14:39:42 +0000 2019
1209126189727715328;Mon Dec 23 14:58:42 +0000 2019
1209130248467447808;Mon Dec 23 15:14:50 +0000 2019
1209130645387194368;Mon Dec 23 15:16:25 +0000 2019
1209131287518339072;Mon Dec 23 15:18:58 +0000 2019
1209131601470341121;Mon Dec 23 15:20:13 +0000 2019
1209133098019020806;Mon Dec 23 15:26:09 +0000 2019
1209134022158368776;Mon Dec 23 15:29:50 +0000 2019
1209134535138562048;Mon Dec 23 15:31:52 +0000 2019
1209134570672730113;Mon Dec 23 15:32:00 +0000 2019
1209135543210201088;Mon Dec 23 15:35:52 +0000 2019
1209135625334640640;Mon Dec 23 15:36:12 +0000 2019
1209136448697491456;Mon Dec 23 15:39:28 +0000 2019
1209136721805369344;Mon Dec 23 15:40:33 +0000 2019
1209137417837522944;Mon Dec 23 15:43:19 +0000 2019
1209137503342661632;Mon Dec 23 15:43:40 +0000 2019
1209137565665652736;Mon Dec 23 15:43:55 +0000 2019
1209141011697537025;Mon Dec 23 15:57:36 +0000 2019
1209143542909689859;Mon Dec 23 16:07:40 +0000 2019
1209145226733981697;Mon Dec 23 16:14:21 +0000 2019
1209145523095179269;Mon Dec 23 16:15:32 +0000 2019
1209146754467323909;Mon Dec 23 16:20:25 +0000 2019
1209148631821045760;Mon Dec 23 16:27:53 +0000 2019
1209148654784831489;Mon Dec 23 16:27:58 +0000 2019
1209148880954245122;Mon Dec 23 16:28:52 +0000 2019
1209149497093296129;Mon Dec 23 16:31:19 +0000 2019
1209150771234844672;Mon Dec 23 16:36:23 +0000 2019
1209151706019385350;Mon Dec 23 16:40:06 +0000 2019
1209152179547856896;Mon Dec 23 16:41:59 +0000 2019
1209154095593984003;Mon Dec 23 16:49:36 +0000 2019
1209156192804757504;Mon Dec 23 16:57:56 +0000 2019
1209156600981798912;Mon Dec 23 16:59:33 +0000 2019
1209157845326991360;Mon Dec 23 17:04:30 +0000 2019
1209158021609336832;Mon Dec 23 17:05:12 +0000 2019
1209158700138672133;Mon Dec 23 17:07:53 +0000 2019
1209158846431801346;Mon Dec 23 17:08:28 +0000 2019
1209159031400599553;Mon Dec 23 17:09:12 +0000 2019
1209160161371283456;Mon Dec 23 17:13:42 +0000 2019
1209161391342604289;Mon Dec 23 17:18:35 +0000 2019
1209161617100943366;Mon Dec 23 17:19:29 +0000 2019
1209161829542486016;Mon Dec 23 17:20:19 +0000 2019
1209162218442575872;Mon Dec 23 17:21:52 +0000 2019
1209162801442369536;Mon Dec 23 17:24:11 +0000 2019
1209164781501988865;Mon Dec 23 17:32:03 +0000 2019
1209168235192627200;Mon Dec 23 17:45:47 +0000 2019
1209168815239684104;Mon Dec 23 17:48:05 +0000 2019
1209168885209075713;Mon Dec 23 17:48:22 +0000 2019
1209169164167864320;Mon Dec 23 17:49:28 +0000 2019
1209169187756814339;Mon Dec 23 17:49:34 +0000 2019
1209169472298377218;Mon Dec 23 17:50:42 +0000 2019
1209170277126561793;Mon Dec 23 17:53:54 +0000 2019
1209170462426763264;Mon Dec 23 17:54:38 +0000 2019
1209170776567345152;Mon Dec 23 17:55:53 +0000 2019
1209172189611728899;Mon Dec 23 18:01:29 +0000 2019
1209172245224001536;Mon Dec 23 18:01:43 +0000 2019
1209172472064565248;Mon Dec 23 18:02:37 +0000 2019
1209173325903204358;Mon Dec 23 18:06:00 +0000 2019
1209175236115083265;Mon Dec 23 18:13:36 +0000 2019
1209177089049604096;Mon Dec 23 18:20:58 +0000 2019
1209177123967164417;Mon Dec 23 18:21:06 +0000 2019
1209177195966607360;Mon Dec 23 18:21:23 +0000 2019
1209177839519649793;Mon Dec 23 18:23:57 +0000 2019
1209178739810226176;Mon Dec 23 18:27:31 +0000 2019
1209179074335268864;Mon Dec 23 18:28:51 +0000 2019
1209179132560625665;Mon Dec 23 18:29:05 +0000 2019
1209179503307698176;Mon Dec 23 18:30:33 +0000 2019
1209179516934995969;Mon Dec 23 18:30:36 +0000 2019
1209179953151037441;Mon Dec 23 18:32:20 +0000 2019
1209181290697830405;Mon Dec 23 18:37:39 +0000 2019
1209183443126562821;Mon Dec 23 18:46:13 +0000 2019
1209183850108194819;Mon Dec 23 18:47:50 +0000 2019
1209184593401778181;Mon Dec 23 18:50:47 +0000 2019
1209184731033669632;Mon Dec 23 18:51:20 +0000 2019
1209187068469022723;Mon Dec 23 19:00:37 +0000 2019
1209187127218647045;Mon Dec 23 19:00:51 +0000 2019
1209187127218647045;Mon Dec 23 19:00:51 +0000 2019
1209188176272736257;Mon Dec 23 19:05:01 +0000 2019
1209188348553781249;Mon Dec 23 19:05:42 +0000 2019
1209189703993483264;Mon Dec 23 19:11:05 +0000 2019
1209189722293198854;Mon Dec 23 19:11:10 +0000 2019
1209190162925834245;Mon Dec 23 19:12:55 +0000 2019
1209190269821829120;Mon Dec 23 19:13:20 +0000 2019
1209190567193829381;Mon Dec 23 19:14:31 +0000 2019
1209190573900550152;Mon Dec 23 19:14:33 +0000 2019
1209191365730586624;Mon Dec 23 19:17:41 +0000 2019
1209193337179136000;Mon Dec 23 19:25:31 +0000 2019
1209194090690207744;Mon Dec 23 19:28:31 +0000 2019
1209194323717349378;Mon Dec 23 19:29:27 +0000 2019
1209194658053668864;Mon Dec 23 19:30:46 +0000 2019
1209194733454733317;Mon Dec 23 19:31:04 +0000 2019
1209195321747804161;Mon Dec 23 19:33:25 +0000 2019
1209195330752909314;Mon Dec 23 19:33:27 +0000 2019
1209196347993329664;Mon Dec 23 19:37:29 +0000 2019
1209197543189602305;Mon Dec 23 19:42:14 +0000 2019
1209198217990160393;Mon Dec 23 19:44:55 +0000 2019
1209198330867339274;Mon Dec 23 19:45:22 +0000 2019
1209199296253497345;Mon Dec 23 19:49:12 +0000 2019
1209199746704785408;Mon Dec 23 19:51:00 +0000 2019
1209199805458788354;Mon Dec 23 19:51:14 +0000 2019
1209200236276703237;Mon Dec 23 19:52:56 +0000 2019
1209201284663906304;Mon Dec 23 19:57:06 +0000 2019
1209202121599524869;Mon Dec 23 20:00:26 +0000 2019
1209204700123484165;Mon Dec 23 20:10:41 +0000 2019
1209205943482961921;Mon Dec 23 20:15:37 +0000 2019
1209206224534663170;Mon Dec 23 20:16:44 +0000 2019
1209206279606067200;Mon Dec 23 20:16:57 +0000 2019
1209206935284785152;Mon Dec 23 20:19:34 +0000 2019
1209208645419974656;Mon Dec 23 20:26:21 +0000 2019
1209209904801685512;Mon Dec 23 20:31:21 +0000 2019
1209209968823545857;Mon Dec 23 20:31:37 +0000 2019
1209210120133054465;Mon Dec 23 20:32:13 +0000 2019
1209212895290101762;Mon Dec 23 20:43:14 +0000 2019
1209214467671764992;Mon Dec 23 20:49:29 +0000 2019
1209215763204235269;Mon Dec 23 20:54:38 +0000 2019
1209216203526492166;Mon Dec 23 20:56:23 +0000 2019
1209216813554438150;Mon Dec 23 20:58:49 +0000 2019
1209217607439716352;Mon Dec 23 21:01:58 +0000 2019
1209218513740730368;Mon Dec 23 21:05:34 +0000 2019
1209218891794255875;Mon Dec 23 21:07:04 +0000 2019
1209218990448529417;Mon Dec 23 21:07:28 +0000 2019
1209219540904808450;Mon Dec 23 21:09:39 +0000 2019
1209219782790254597;Mon Dec 23 21:10:37 +0000 2019
1209221831883931653;Mon Dec 23 21:18:45 +0000 2019
1209221861797769218;Mon Dec 23 21:18:52 +0000 2019
1209224301280452611;Mon Dec 23 21:28:34 +0000 2019
1209226653211250690;Mon Dec 23 21:37:55 +0000 2019
1209226871600234497;Mon Dec 23 21:38:47 +0000 2019
1209227301944205312;Mon Dec 23 21:40:29 +0000 2019
1209228353418477568;Mon Dec 23 21:44:40 +0000 2019
1209228863215144961;Mon Dec 23 21:46:42 +0000 2019
1209229280355504130;Mon Dec 23 21:48:21 +0000 2019
1209229847521890304;Mon Dec 23 21:50:36 +0000 2019
1209230001364754435;Mon Dec 23 21:51:13 +0000 2019
1209230156663001088;Mon Dec 23 21:51:50 +0000 2019
1209230386691051521;Mon Dec 23 21:52:45 +0000 2019
1209230593407492097;Mon Dec 23 21:53:34 +0000 2019
1209231413054181376;Mon Dec 23 21:56:49 +0000 2019
1209231548396036096;Mon Dec 23 21:57:22 +0000 2019
1209233061973504002;Mon Dec 23 22:03:23 +0000 2019
1209234083311767555;Mon Dec 23 22:07:26 +0000 2019
1209236624091045888;Mon Dec 23 22:17:32 +0000 2019
1209237013599313920;Mon Dec 23 22:19:05 +0000 2019
1209237822797942784;Mon Dec 23 22:22:18 +0000 2019
1209238223920259077;Mon Dec 23 22:23:53 +0000 2019
1209238427075526656;Mon Dec 23 22:24:42 +0000 2019
1209241727497883649;Mon Dec 23 22:37:49 +0000 2019
1209242190427426816;Mon Dec 23 22:39:39 +0000 2019
1209244334903767041;Mon Dec 23 22:48:10 +0000 2019
1209244578718666752;Mon Dec 23 22:49:08 +0000 2019
1209244967610261505;Mon Dec 23 22:50:41 +0000 2019
1209245246137262080;Mon Dec 23 22:51:48 +0000 2019
1209245507299762176;Mon Dec 23 22:52:50 +0000 2019
1209247661368496128;Mon Dec 23 23:01:23 +0000 2019
1209248811027177479;Mon Dec 23 23:05:57 +0000 2019
1209250255247749120;Mon Dec 23 23:11:42 +0000 2019
1209250361464283136;Mon Dec 23 23:12:07 +0000 2019
1209252097163747328;Mon Dec 23 23:19:01 +0000 2019
1209252641521491968;Mon Dec 23 23:21:11 +0000 2019
1209255550111944704;Mon Dec 23 23:32:44 +0000 2019
1209257814104956935;Mon Dec 23 23:41:44 +0000 2019
1209258944763482112;Mon Dec 23 23:46:14 +0000 2019
1209260347451957249;Mon Dec 23 23:51:48 +0000 2019
1209261116200804352;Mon Dec 23 23:54:51 +0000 2019
1209264108291416064;Tue Dec 24 00:06:45 +0000 2019
1209264258271322112;Tue Dec 24 00:07:20 +0000 2019
1209266383999193088;Tue Dec 24 00:15:47 +0000 2019
1209266583727677440;Tue Dec 24 00:16:35 +0000 2019
1209266671359332352;Tue Dec 24 00:16:56 +0000 2019
1209266940704907264;Tue Dec 24 00:18:00 +0000 2019
1209267268070318090;Tue Dec 24 00:19:18 +0000 2019
1209269158547988480;Tue Dec 24 00:26:49 +0000 2019
1209269259240693760;Tue Dec 24 00:27:13 +0000 2019
1209271797092429824;Tue Dec 24 00:37:18 +0000 2019
1209272312182300672;Tue Dec 24 00:39:21 +0000 2019
1209273684407521280;Tue Dec 24 00:44:48 +0000 2019
1209273684407521280;Tue Dec 24 00:44:48 +0000 2019
1209274021172396032;Tue Dec 24 00:46:08 +0000 2019
1209274672677822464;Tue Dec 24 00:48:43 +0000 2019
1209275286967197696;Tue Dec 24 00:51:10 +0000 2019
1209275825268367361;Tue Dec 24 00:53:18 +0000 2019
1209276183608778752;Tue Dec 24 00:54:44 +0000 2019
1209277956914393089;Tue Dec 24 01:01:46 +0000 2019
1209278255544643584;Tue Dec 24 01:02:58 +0000 2019
1209278722857156608;Tue Dec 24 01:04:49 +0000 2019
1209278966042902528;Tue Dec 24 01:05:47 +0000 2019
1209280256651268096;Tue Dec 24 01:10:55 +0000 2019
1209281426073489418;Tue Dec 24 01:15:33 +0000 2019
1209282562339811329;Tue Dec 24 01:20:04 +0000 2019
1209287125117669377;Tue Dec 24 01:38:12 +0000 2019
1209291888752308225;Tue Dec 24 01:57:08 +0000 2019
1209292434984722432;Tue Dec 24 01:59:18 +0000 2019
1209295260163198976;Tue Dec 24 02:10:32 +0000 2019
1209295390924779521;Tue Dec 24 02:11:03 +0000 2019
1209297994299904000;Tue Dec 24 02:21:24 +0000 2019
1209298973619560454;Tue Dec 24 02:25:17 +0000 2019
1209300915032854528;Tue Dec 24 02:33:00 +0000 2019
1209303351126609920;Tue Dec 24 02:42:41 +0000 2019
1209304716678701056;Tue Dec 24 02:48:06 +0000 2019
1209307048292298752;Tue Dec 24 02:57:22 +0000 2019
1209308719907033088;Tue Dec 24 03:04:01 +0000 2019
1209309634303053824;Tue Dec 24 03:07:39 +0000 2019
1209313912799322113;Tue Dec 24 03:24:39 +0000 2019
1209315925951942656;Tue Dec 24 03:32:39 +0000 2019
1209319595095576577;Tue Dec 24 03:47:14 +0000 2019
1209320918474018822;Tue Dec 24 03:52:29 +0000 2019
1209323503612243968;Tue Dec 24 04:02:46 +0000 2019
1209324350534561792;Tue Dec 24 04:06:07 +0000 2019
1209325384216567809;Tue Dec 24 04:10:14 +0000 2019
1209325506270814214;Tue Dec 24 04:10:43 +0000 2019
1209328475288604672;Tue Dec 24 04:22:31 +0000 2019
1209329596312760320;Tue Dec 24 04:26:58 +0000 2019
1209329999150538752;Tue Dec 24 04:28:34 +0000 2019
1209331122754260994;Tue Dec 24 04:33:02 +0000 2019
1209333818441773056;Tue Dec 24 04:43:45 +0000 2019
1209333970665693184;Tue Dec 24 04:44:21 +0000 2019
1209340450294898689;Tue Dec 24 05:10:06 +0000 2019
1209341507687387136;Tue Dec 24 05:14:18 +0000 2019
1209350019540758529;Tue Dec 24 05:48:07 +0000 2019
1209357895286046720;Tue Dec 24 06:19:25 +0000 2019
1209359142013550592;Tue Dec 24 06:24:22 +0000 2019
1209377277320060928;Tue Dec 24 07:36:26 +0000 2019
1209396828292157440;Tue Dec 24 08:54:08 +0000 2019
1209415043424473089;Tue Dec 24 10:06:30 +0000 2019
1209422784729944069;Tue Dec 24 10:37:16 +0000 2019
1209434498112409601;Tue Dec 24 11:23:49 +0000 2019
1209440432452702208;Tue Dec 24 11:47:24 +0000 2019
1209454800003354625;Tue Dec 24 12:44:29 +0000 2019
1209460170448941056;Tue Dec 24 13:05:49 +0000 2019
1209472641960157184;Tue Dec 24 13:55:23 +0000 2019
1209478017636016129;Tue Dec 24 14:16:45 +0000 2019
1209478896246239237;Tue Dec 24 14:20:14 +0000 2019
1209478924176154624;Tue Dec 24 14:20:21 +0000 2019
1209479959783325698;Tue Dec 24 14:24:28 +0000 2019
1209480211936501761;Tue Dec 24 14:25:28 +0000 2019
1209481594811158529;Tue Dec 24 14:30:57 +0000 2019
1209481693637349377;Tue Dec 24 14:31:21 +0000 2019
1209482198270849025;Tue Dec 24 14:33:21 +0000 2019
1209482595693711365;Tue Dec 24 14:34:56 +0000 2019
1209483410777026560;Tue Dec 24 14:38:10 +0000 2019
1209483936528764928;Tue Dec 24 14:40:16 +0000 2019
1209484012055597056;Tue Dec 24 14:40:34 +0000 2019
1209484853529513985;Tue Dec 24 14:43:54 +0000 2019
1209487710433488897;Tue Dec 24 14:55:16 +0000 2019
1209495220020232192;Tue Dec 24 15:25:06 +0000 2019
1209497265569746949;Tue Dec 24 15:33:14 +0000 2019
1209500424925044737;Tue Dec 24 15:45:47 +0000 2019
1209500664583348224;Tue Dec 24 15:46:44 +0000 2019
1209500703183556621;Tue Dec 24 15:46:53 +0000 2019
1209502110766829569;Tue Dec 24 15:52:29 +0000 2019
1209502814138966021;Tue Dec 24 15:55:17 +0000 2019
1209503912736251908;Tue Dec 24 15:59:38 +0000 2019
1209508888325894146;Tue Dec 24 16:19:25 +0000 2019
1209510779210358785;Tue Dec 24 16:26:56 +0000 2019
1209513545773260802;Tue Dec 24 16:37:55 +0000 2019
1209518016842674177;Tue Dec 24 16:55:41 +0000 2019
1209524684783529984;Tue Dec 24 17:22:11 +0000 2019
1209530822748971008;Tue Dec 24 17:46:34 +0000 2019
1209541474985091072;Tue Dec 24 18:28:54 +0000 2019
1209541901629743104;Tue Dec 24 18:30:36 +0000 2019
1209542160938389505;Tue Dec 24 18:31:38 +0000 2019
1209542993079873536;Tue Dec 24 18:34:56 +0000 2019
1209543812705587207;Tue Dec 24 18:38:11 +0000 2019
1209551897721524225;Tue Dec 24 19:10:19 +0000 2019
1209552064013094914;Tue Dec 24 19:10:59 +0000 2019
1209552571859386375;Tue Dec 24 19:13:00 +0000 2019
1209552802164432896;Tue Dec 24 19:13:55 +0000 2019
1209554100360224770;Tue Dec 24 19:19:04 +0000 2019
1209554369005445125;Tue Dec 24 19:20:08 +0000 2019
1209554390484504577;Tue Dec 24 19:20:13 +0000 2019
1209555344881528832;Tue Dec 24 19:24:01 +0000 2019
1209556530208673799;Tue Dec 24 19:28:43 +0000 2019
1209556530208673799;Tue Dec 24 19:28:43 +0000 2019
1209558953899778050;Tue Dec 24 19:38:21 +0000 2019
1209559047915089920;Tue Dec 24 19:38:44 +0000 2019
1209559068966346752;Tue Dec 24 19:38:49 +0000 2019
1209561231692062720;Tue Dec 24 19:47:24 +0000 2019
1209561362181033985;Tue Dec 24 19:47:55 +0000 2019
1209563324511346694;Tue Dec 24 19:55:43 +0000 2019
1209563491784429575;Tue Dec 24 19:56:23 +0000 2019
1209563841488703489;Tue Dec 24 19:57:47 +0000 2019
1209564507279908865;Tue Dec 24 20:00:25 +0000 2019
1209564560639832064;Tue Dec 24 20:00:38 +0000 2019
1209565469759418368;Tue Dec 24 20:04:15 +0000 2019
1209565985222643712;Tue Dec 24 20:06:18 +0000 2019
1209566542662422529;Tue Dec 24 20:08:31 +0000 2019
1209568787281907713;Tue Dec 24 20:17:26 +0000 2019
1209569925880328193;Tue Dec 24 20:21:57 +0000 2019
1209571378518790144;Tue Dec 24 20:27:44 +0000 2019
1209573733830139904;Tue Dec 24 20:37:05 +0000 2019
1209574000185270274;Tue Dec 24 20:38:09 +0000 2019
1209574077091979264;Tue Dec 24 20:38:27 +0000 2019
1209580740092059651;Tue Dec 24 21:04:56 +0000 2019
1209581747500916736;Tue Dec 24 21:08:56 +0000 2019
1209582391930638337;Tue Dec 24 21:11:29 +0000 2019
1209582423543078913;Tue Dec 24 21:11:37 +0000 2019
1209582581727027200;Tue Dec 24 21:12:15 +0000 2019
1209593628361973760;Tue Dec 24 21:56:08 +0000 2019
1209594930273955841;Tue Dec 24 22:01:19 +0000 2019
1209595354666151941;Tue Dec 24 22:03:00 +0000 2019
1209599974230626307;Tue Dec 24 22:21:21 +0000 2019
1209600091029422082;Tue Dec 24 22:21:49 +0000 2019
1209605306587717634;Tue Dec 24 22:42:33 +0000 2019
1209605694585835520;Tue Dec 24 22:44:05 +0000 2019
1209605880276230146;Tue Dec 24 22:44:49 +0000 2019
1209608103332847616;Tue Dec 24 22:53:39 +0000 2019
1209608505503756290;Tue Dec 24 22:55:15 +0000 2019
1209612324568518663;Tue Dec 24 23:10:26 +0000 2019
1209613499720179714;Tue Dec 24 23:15:06 +0000 2019
1209615556816424960;Tue Dec 24 23:23:16 +0000 2019
1209618344485249029;Tue Dec 24 23:34:21 +0000 2019
1209621112855728129;Tue Dec 24 23:45:21 +0000 2019
1209625469357821952;Wed Dec 25 00:02:40 +0000 2019
1209625937962315776;Wed Dec 25 00:04:32 +0000 2019
1209629227269660674;Wed Dec 25 00:17:36 +0000 2019
1209632993477898241;Wed Dec 25 00:32:34 +0000 2019
1209633192464068610;Wed Dec 25 00:33:21 +0000 2019
1209661354027704320;Wed Dec 25 02:25:15 +0000 2019
1209681843727020033;Wed Dec 25 03:46:41 +0000 2019
1209699132027346944;Wed Dec 25 04:55:22 +0000 2019
1209700082385408000;Wed Dec 25 04:59:09 +0000 2019
1209708906370523136;Wed Dec 25 05:34:13 +0000 2019
1209710434590363649;Wed Dec 25 05:40:17 +0000 2019
1209717772441260032;Wed Dec 25 06:09:27 +0000 2019
1209752981148774400;Wed Dec 25 08:29:21 +0000 2019
1209757780753682432;Wed Dec 25 08:48:25 +0000 2019
1209761661525073920;Wed Dec 25 09:03:51 +0000 2019
1209780470034108416;Wed Dec 25 10:18:35 +0000 2019
1209807525597663234;Wed Dec 25 12:06:05 +0000 2019
1209807809971412996;Wed Dec 25 12:07:13 +0000 2019
1209818590041563136;Wed Dec 25 12:50:03 +0000 2019
1209824348703469568;Wed Dec 25 13:12:56 +0000 2019
1209829843736633347;Wed Dec 25 13:34:46 +0000 2019
1209830398668214273;Wed Dec 25 13:36:59 +0000 2019
1209833536158666752;Wed Dec 25 13:49:27 +0000 2019
1209835566541475841;Wed Dec 25 13:57:31 +0000 2019
1209839084493033472;Wed Dec 25 14:11:30 +0000 2019
1209845175784218629;Wed Dec 25 14:35:42 +0000 2019
1209845561471512581;Wed Dec 25 14:37:14 +0000 2019
1209851100066713602;Wed Dec 25 14:59:14 +0000 2019
1209851972922347520;Wed Dec 25 15:02:42 +0000 2019
1209852888417292289;Wed Dec 25 15:06:21 +0000 2019
1209853991766675456;Wed Dec 25 15:10:44 +0000 2019
1209854039422361601;Wed Dec 25 15:10:55 +0000 2019
1209854129343991811;Wed Dec 25 15:11:17 +0000 2019
1209854191654572032;Wed Dec 25 15:11:31 +0000 2019
1209854366477377536;Wed Dec 25 15:12:13 +0000 2019
1209854469900505089;Wed Dec 25 15:12:38 +0000 2019
1209854621671448576;Wed Dec 25 15:13:14 +0000 2019
1209854747299262464;Wed Dec 25 15:13:44 +0000 2019
1209855747875639300;Wed Dec 25 15:17:42 +0000 2019
1209855831069646849;Wed Dec 25 15:18:02 +0000 2019
1209856460173303808;Wed Dec 25 15:20:32 +0000 2019
1209856719796527104;Wed Dec 25 15:21:34 +0000 2019
1209856857872982018;Wed Dec 25 15:22:07 +0000 2019
1209857153546088449;Wed Dec 25 15:23:18 +0000 2019
1209857442567348224;Wed Dec 25 15:24:27 +0000 2019
1209860252277116928;Wed Dec 25 15:35:36 +0000 2019
1209860676279316480;Wed Dec 25 15:37:18 +0000 2019
1209865156278312960;Wed Dec 25 15:55:06 +0000 2019
1209865427184017408;Wed Dec 25 15:56:10 +0000 2019
1209866401890082817;Wed Dec 25 16:00:03 +0000 2019
1209866488108199937;Wed Dec 25 16:00:23 +0000 2019
1209866850177372160;Wed Dec 25 16:01:49 +0000 2019
1209866991328268291;Wed Dec 25 16:02:23 +0000 2019
1209867374632923136;Wed Dec 25 16:03:55 +0000 2019
1209868994439761926;Wed Dec 25 16:10:21 +0000 2019
1209869706317971456;Wed Dec 25 16:13:10 +0000 2019
1209869809388806145;Wed Dec 25 16:13:35 +0000 2019
1209873542994710528;Wed Dec 25 16:28:25 +0000 2019
1209875394045906944;Wed Dec 25 16:35:46 +0000 2019
1209875477860618244;Wed Dec 25 16:36:06 +0000 2019
1209875477860618244;Wed Dec 25 16:36:06 +0000 2019
1209875547867811840;Wed Dec 25 16:36:23 +0000 2019
1209877077207502848;Wed Dec 25 16:42:28 +0000 2019
1209877730860371968;Wed Dec 25 16:45:04 +0000 2019
1209880330116763649;Wed Dec 25 16:55:23 +0000 2019
1209884108840689664;Wed Dec 25 17:10:24 +0000 2019
1209885385314181126;Wed Dec 25 17:15:29 +0000 2019
1209888605767962626;Wed Dec 25 17:28:16 +0000 2019
1209889377939345412;Wed Dec 25 17:31:21 +0000 2019
1209901646735646727;Wed Dec 25 18:20:06 +0000 2019
1209902564327620608;Wed Dec 25 18:23:44 +0000 2019
1209903398587379713;Wed Dec 25 18:27:03 +0000 2019
1209903439494422530;Wed Dec 25 18:27:13 +0000 2019
1209903890826715137;Wed Dec 25 18:29:01 +0000 2019
1209907230541254656;Wed Dec 25 18:42:17 +0000 2019
1209915442569109506;Wed Dec 25 19:14:55 +0000 2019
1209916488129372160;Wed Dec 25 19:19:04 +0000 2019
1209916514742284288;Wed Dec 25 19:19:10 +0000 2019
1209917471819468807;Wed Dec 25 19:22:59 +0000 2019
1209917930835546112;Wed Dec 25 19:24:48 +0000 2019
1209919302624829440;Wed Dec 25 19:30:15 +0000 2019
1209921276854317057;Wed Dec 25 19:38:06 +0000 2019
1209931963982761985;Wed Dec 25 20:20:34 +0000 2019
1209932132577136640;Wed Dec 25 20:21:14 +0000 2019
1209932731519553537;Wed Dec 25 20:23:37 +0000 2019
1209934888671043585;Wed Dec 25 20:32:11 +0000 2019
1209935402003521539;Wed Dec 25 20:34:14 +0000 2019
1209937164647182336;Wed Dec 25 20:41:14 +0000 2019
1209939092953169920;Wed Dec 25 20:48:53 +0000 2019
1209939433866321922;Wed Dec 25 20:50:15 +0000 2019
1209944274789371905;Wed Dec 25 21:09:29 +0000 2019
1209954962190557184;Wed Dec 25 21:51:57 +0000 2019
1209955258182623237;Wed Dec 25 21:53:08 +0000 2019
1209963017884045317;Wed Dec 25 22:23:58 +0000 2019
1209969882139377670;Wed Dec 25 22:51:14 +0000 2019
1209974758663737344;Wed Dec 25 23:10:37 +0000 2019
1209986638849462274;Wed Dec 25 23:57:49 +0000 2019
1209991707955216384;Thu Dec 26 00:17:58 +0000 2019
1209995515636715525;Thu Dec 26 00:33:06 +0000 2019
1210018610934173696;Thu Dec 26 02:04:52 +0000 2019
1210020309669220352;Thu Dec 26 02:11:37 +0000 2019
1210021816053510146;Thu Dec 26 02:17:36 +0000 2019
1210033425853427712;Thu Dec 26 03:03:44 +0000 2019
1210035307707539457;Thu Dec 26 03:11:13 +0000 2019
1210036983021670400;Thu Dec 26 03:17:52 +0000 2019
1210039982091620357;Thu Dec 26 03:29:47 +0000 2019
1210040114761605120;Thu Dec 26 03:30:19 +0000 2019
1210042592060231680;Thu Dec 26 03:40:10 +0000 2019
1210042772113113088;Thu Dec 26 03:40:53 +0000 2019
1210046104047370240;Thu Dec 26 03:54:07 +0000 2019
1210046427801509889;Thu Dec 26 03:55:24 +0000 2019
1210053642214150144;Thu Dec 26 04:24:04 +0000 2019
1210060406749835264;Thu Dec 26 04:50:57 +0000 2019
1210064212699037697;Thu Dec 26 05:06:04 +0000 2019
1210067010085965825;Thu Dec 26 05:17:11 +0000 2019
1210070248185114625;Thu Dec 26 05:30:03 +0000 2019
1210082319744282630;Thu Dec 26 06:18:01 +0000 2019
1210087718950182913;Thu Dec 26 06:39:29 +0000 2019
1210092883111399424;Thu Dec 26 07:00:00 +0000 2019
1210093712228986880;Thu Dec 26 07:03:18 +0000 2019
1210094170649645062;Thu Dec 26 07:05:07 +0000 2019
1210095041164787713;Thu Dec 26 07:08:34 +0000 2019
1210096346218278912;Thu Dec 26 07:13:46 +0000 2019
1210097905157263365;Thu Dec 26 07:19:57 +0000 2019
1210098055917248512;Thu Dec 26 07:20:33 +0000 2019
1210107631467188229;Thu Dec 26 07:58:36 +0000 2019
1210108542532882432;Thu Dec 26 08:02:13 +0000 2019
1210114908123217920;Thu Dec 26 08:27:31 +0000 2019
1210119506070253569;Thu Dec 26 08:45:47 +0000 2019
1210127913011556352;Thu Dec 26 09:19:12 +0000 2019
1210140568715698176;Thu Dec 26 10:09:29 +0000 2019
1210142715675074561;Thu Dec 26 10:18:01 +0000 2019
1210148148607422464;Thu Dec 26 10:39:36 +0000 2019
1210148580964655104;Thu Dec 26 10:41:19 +0000 2019
1210151718937341955;Thu Dec 26 10:53:47 +0000 2019
1210152099918569472;Thu Dec 26 10:55:18 +0000 2019
1210152274523303936;Thu Dec 26 10:56:00 +0000 2019
1210152385777217537;Thu Dec 26 10:56:26 +0000 2019
1210156335075119104;Thu Dec 26 11:12:08 +0000 2019
1210161428914737153;Thu Dec 26 11:32:23 +0000 2019
1210162325463937024;Thu Dec 26 11:35:56 +0000 2019
1210183427489718273;Thu Dec 26 12:59:47 +0000 2019
1210183961655357442;Thu Dec 26 13:01:55 +0000 2019
1210192049623965698;Thu Dec 26 13:34:03 +0000 2019
1210192785388851200;Thu Dec 26 13:36:58 +0000 2019
1210194411335946240;Thu Dec 26 13:43:26 +0000 2019
1210194441870462983;Thu Dec 26 13:43:33 +0000 2019
1210194780086390787;Thu Dec 26 13:44:54 +0000 2019
1210196477378736128;Thu Dec 26 13:51:39 +0000 2019
1210196565429825539;Thu Dec 26 13:52:00 +0000 2019
1210196914014162945;Thu Dec 26 13:53:23 +0000 2019
1210197725926559744;Thu Dec 26 13:56:36 +0000 2019
1210198953523916802;Thu Dec 26 14:01:29 +0000 2019
1210200855909216257;Thu Dec 26 14:09:03 +0000 2019
1210203468960616449;Thu Dec 26 14:19:26 +0000 2019
1210206504390926336;Thu Dec 26 14:31:29 +0000 2019
1210206564453208065;Thu Dec 26 14:31:44 +0000 2019
1210209479163293697;Thu Dec 26 14:43:19 +0000 2019
1210210770564403200;Thu Dec 26 14:48:26 +0000 2019
1210212445756837890;Thu Dec 26 14:55:06 +0000 2019
