382813388503412736;Wed Sep 25 10:26:38 +0000 2013
382813391435206659;Wed Sep 25 10:26:39 +0000 2013
382813401845485568;Wed Sep 25 10:26:41 +0000 2013
382813437513834497;Wed Sep 25 10:26:50 +0000 2013
382813444011204608;Wed Sep 25 10:26:52 +0000 2013
382813466014121984;Wed Sep 25 10:26:57 +0000 2013
382813467528282112;Wed Sep 25 10:26:57 +0000 2013
382813501489946624;Wed Sep 25 10:27:05 +0000 2013
382813514881982464;Wed Sep 25 10:27:08 +0000 2013
382813518602313729;Wed Sep 25 10:27:09 +0000 2013
382813530396700672;Wed Sep 25 10:27:12 +0000 2013
382813532305096705;Wed Sep 25 10:27:13 +0000 2013
382813540366954497;Wed Sep 25 10:27:15 +0000 2013
382813540413095936;Wed Sep 25 10:27:15 +0000 2013
382813561875361792;Wed Sep 25 10:27:20 +0000 2013
382813587410259968;Wed Sep 25 10:27:26 +0000 2013
382813601024995328;Wed Sep 25 10:27:29 +0000 2013
382813620356534272;Wed Sep 25 10:27:34 +0000 2013
382813652752928768;Wed Sep 25 10:27:41 +0000 2013
382813700375474176;Wed Sep 25 10:27:53 +0000 2013
382813702132867072;Wed Sep 25 10:27:53 +0000 2013
382813719941484544;Wed Sep 25 10:27:57 +0000 2013
382813733623300096;Wed Sep 25 10:28:01 +0000 2013
382813761330888704;Wed Sep 25 10:28:07 +0000 2013
382813788832940033;Wed Sep 25 10:28:14 +0000 2013
382813812040409089;Wed Sep 25 10:28:19 +0000 2013
382813829719019521;Wed Sep 25 10:28:24 +0000 2013
382813848006180864;Wed Sep 25 10:28:28 +0000 2013
382813873679896576;Wed Sep 25 10:28:34 +0000 2013
382813924208308224;Wed Sep 25 10:28:46 +0000 2013
382813932437917696;Wed Sep 25 10:28:48 +0000 2013
382813945913831424;Wed Sep 25 10:28:51 +0000 2013
382813996354510848;Wed Sep 25 10:29:03 +0000 2013
382814060326043648;Wed Sep 25 10:29:18 +0000 2013
382814060385161216;Wed Sep 25 10:29:19 +0000 2013
382814062196703232;Wed Sep 25 10:29:19 +0000 2013
382814062704226304;Wed Sep 25 10:29:19 +0000 2013
382814074104328192;Wed Sep 25 10:29:22 +0000 2013
382814074439868419;Wed Sep 25 10:29:22 +0000 2013
382814086519869441;Wed Sep 25 10:29:25 +0000 2013
382814114860367872;Wed Sep 25 10:29:31 +0000 2013
382814115276025856;Wed Sep 25 10:29:32 +0000 2013
382814118056431616;Wed Sep 25 10:29:32 +0000 2013
382814125899784192;Wed Sep 25 10:29:34 +0000 2013
382814134032531456;Wed Sep 25 10:29:36 +0000 2013
382814138235236352;Wed Sep 25 10:29:37 +0000 2013
382814141620043776;Wed Sep 25 10:29:38 +0000 2013
382814144824479746;Wed Sep 25 10:29:39 +0000 2013
382814146620059648;Wed Sep 25 10:29:39 +0000 2013
382814148851023872;Wed Sep 25 10:29:40 +0000 2013
382814152969838592;Wed Sep 25 10:29:41 +0000 2013
382814158682877952;Wed Sep 25 10:29:42 +0000 2013
382814164319993856;Wed Sep 25 10:29:43 +0000 2013
382814178768990208;Wed Sep 25 10:29:47 +0000 2013
382814179624628224;Wed Sep 25 10:29:47 +0000 2013
382814190421168128;Wed Sep 25 10:29:49 +0000 2013
382814241843343361;Wed Sep 25 10:30:02 +0000 2013
382814257760321538;Wed Sep 25 10:30:06 +0000 2013
382814286654865408;Wed Sep 25 10:30:12 +0000 2013
382814335048773632;Wed Sep 25 10:30:24 +0000 2013
382814341247938562;Wed Sep 25 10:30:25 +0000 2013
382814365323247617;Wed Sep 25 10:30:31 +0000 2013
382814369425285120;Wed Sep 25 10:30:32 +0000 2013
382814374018031616;Wed Sep 25 10:30:33 +0000 2013
382814414220824576;Wed Sep 25 10:30:43 +0000 2013
382814450119876608;Wed Sep 25 10:30:51 +0000 2013
382814482314973185;Wed Sep 25 10:30:59 +0000 2013
382814489831555072;Wed Sep 25 10:31:01 +0000 2013
382814490053451776;Wed Sep 25 10:31:01 +0000 2013
382814514682413056;Wed Sep 25 10:31:07 +0000 2013
382814523507621888;Wed Sep 25 10:31:09 +0000 2013
382814530809511936;Wed Sep 25 10:31:11 +0000 2013
382814538812641280;Wed Sep 25 10:31:13 +0000 2013
382814617447436288;Wed Sep 25 10:31:31 +0000 2013
382814633213448192;Wed Sep 25 10:31:35 +0000 2013
382814634090037248;Wed Sep 25 10:31:35 +0000 2013
382814651580678144;Wed Sep 25 10:31:39 +0000 2013
382814668257263616;Wed Sep 25 10:31:43 +0000 2013
382814695113379840;Wed Sep 25 10:31:50 +0000 2013
382814739367084032;Wed Sep 25 10:32:00 +0000 2013
382814746774626304;Wed Sep 25 10:32:02 +0000 2013
382814752591732736;Wed Sep 25 10:32:04 +0000 2013
382814766852358145;Wed Sep 25 10:32:07 +0000 2013
382814800163508224;Wed Sep 25 10:32:15 +0000 2013
382814800293543938;Wed Sep 25 10:32:15 +0000 2013
382814811999838208;Wed Sep 25 10:32:18 +0000 2013
382814827439071232;Wed Sep 25 10:32:21 +0000 2013
382814858309140480;Wed Sep 25 10:32:29 +0000 2013
382814873727410176;Wed Sep 25 10:32:32 +0000 2013
382814888776577024;Wed Sep 25 10:32:36 +0000 2013
382814901263015937;Wed Sep 25 10:32:39 +0000 2013
382814936030019584;Wed Sep 25 10:32:47 +0000 2013
382814942023262208;Wed Sep 25 10:32:49 +0000 2013
382814949988249600;Wed Sep 25 10:32:51 +0000 2013
382814975292481537;Wed Sep 25 10:32:57 +0000 2013
382814998864478208;Wed Sep 25 10:33:02 +0000 2013
382815020603543552;Wed Sep 25 10:33:07 +0000 2013
382815028006514688;Wed Sep 25 10:33:09 +0000 2013
382815045748400128;Wed Sep 25 10:33:13 +0000 2013
382815055781588992;Wed Sep 25 10:33:16 +0000 2013
382815067294543872;Wed Sep 25 10:33:19 +0000 2013
382815093714870272;Wed Sep 25 10:33:25 +0000 2013
382815104850329600;Wed Sep 25 10:33:28 +0000 2013
382815117575872513;Wed Sep 25 10:33:31 +0000 2013
382815134047272960;Wed Sep 25 10:33:35 +0000 2013
382815139314937856;Wed Sep 25 10:33:36 +0000 2013
382815139994415104;Wed Sep 25 10:33:36 +0000 2013
382815140665491456;Wed Sep 25 10:33:36 +0000 2013
382815170923610112;Wed Sep 25 10:33:43 +0000 2013
382815208005062656;Wed Sep 25 10:33:52 +0000 2013
382815219891712000;Wed Sep 25 10:33:55 +0000 2013
382815237940187136;Wed Sep 25 10:33:59 +0000 2013
382815263483506688;Wed Sep 25 10:34:05 +0000 2013
382815302993842176;Wed Sep 25 10:34:15 +0000 2013
382815351211175936;Wed Sep 25 10:34:26 +0000 2013
382815369251282944;Wed Sep 25 10:34:31 +0000 2013
382815393079111680;Wed Sep 25 10:34:36 +0000 2013
382815402826268672;Wed Sep 25 10:34:39 +0000 2013
382815408903843840;Wed Sep 25 10:34:40 +0000 2013
382815450272649216;Wed Sep 25 10:34:50 +0000 2013
382815462645440512;Wed Sep 25 10:34:53 +0000 2013
382815466344816640;Wed Sep 25 10:34:54 +0000 2013
382815477837225984;Wed Sep 25 10:34:56 +0000 2013
382815486313906177;Wed Sep 25 10:34:58 +0000 2013
382815488935342082;Wed Sep 25 10:34:59 +0000 2013
382815509324263424;Wed Sep 25 10:35:04 +0000 2013
382815529486254080;Wed Sep 25 10:35:09 +0000 2013
382815535982858240;Wed Sep 25 10:35:10 +0000 2013
382815541372932096;Wed Sep 25 10:35:12 +0000 2013
382815548230221826;Wed Sep 25 10:35:13 +0000 2013
382815602164781056;Wed Sep 25 10:35:26 +0000 2013
382815604484620288;Wed Sep 25 10:35:27 +0000 2013
382815607491923968;Wed Sep 25 10:35:27 +0000 2013
382815624936050688;Wed Sep 25 10:35:32 +0000 2013
382815649736953856;Wed Sep 25 10:35:37 +0000 2013
382815654471938048;Wed Sep 25 10:35:39 +0000 2013
382815657425117184;Wed Sep 25 10:35:39 +0000 2013
382815658540818432;Wed Sep 25 10:35:40 +0000 2013
382815716300177408;Wed Sep 25 10:35:53 +0000 2013
382815731915554816;Wed Sep 25 10:35:57 +0000 2013
382815751411089408;Wed Sep 25 10:36:02 +0000 2013
382815776425525248;Wed Sep 25 10:36:08 +0000 2013
382815780041404416;Wed Sep 25 10:36:08 +0000 2013
382815792200306688;Wed Sep 25 10:36:11 +0000 2013
382815813809364992;Wed Sep 25 10:36:17 +0000 2013
382815843706343424;Wed Sep 25 10:36:24 +0000 2013
382815846189768704;Wed Sep 25 10:36:24 +0000 2013
382815850040143872;Wed Sep 25 10:36:25 +0000 2013
382815862509826048;Wed Sep 25 10:36:28 +0000 2013
382815904834539520;Wed Sep 25 10:36:38 +0000 2013
382815940720611328;Wed Sep 25 10:36:47 +0000 2013
382815962438713344;Wed Sep 25 10:36:52 +0000 2013
382816005744889857;Wed Sep 25 10:37:02 +0000 2013
382816039899521024;Wed Sep 25 10:37:10 +0000 2013
382816065270874112;Wed Sep 25 10:37:17 +0000 2013
382816079367512064;Wed Sep 25 10:37:20 +0000 2013
382816083977441280;Wed Sep 25 10:37:21 +0000 2013
382816095201001474;Wed Sep 25 10:37:24 +0000 2013
382816114889465856;Wed Sep 25 10:37:28 +0000 2013
382816126389866497;Wed Sep 25 10:37:31 +0000 2013
382816167368196096;Wed Sep 25 10:37:41 +0000 2013
382816180055977984;Wed Sep 25 10:37:44 +0000 2013
382816197588168704;Wed Sep 25 10:37:48 +0000 2013
382816204877885440;Wed Sep 25 10:37:50 +0000 2013
382816210012098560;Wed Sep 25 10:37:51 +0000 2013
382816216571604992;Wed Sep 25 10:37:53 +0000 2013
382816229137719296;Wed Sep 25 10:37:56 +0000 2013
382816229167099904;Wed Sep 25 10:37:56 +0000 2013
382816284288643072;Wed Sep 25 10:38:09 +0000 2013
382816301028089856;Wed Sep 25 10:38:13 +0000 2013
382816317260066818;Wed Sep 25 10:38:17 +0000 2013
382816326265229312;Wed Sep 25 10:38:19 +0000 2013
382816331961077761;Wed Sep 25 10:38:20 +0000 2013
382816348276932609;Wed Sep 25 10:38:24 +0000 2013
382816365205127168;Wed Sep 25 10:38:28 +0000 2013
382816386000502784;Wed Sep 25 10:38:33 +0000 2013
382816399183577088;Wed Sep 25 10:38:36 +0000 2013
382816420356030465;Wed Sep 25 10:38:41 +0000 2013
382816452325019649;Wed Sep 25 10:38:49 +0000 2013
382816472713945088;Wed Sep 25 10:38:54 +0000 2013
382816510604898304;Wed Sep 25 10:39:03 +0000 2013
382816512249044992;Wed Sep 25 10:39:03 +0000 2013
382816578271592448;Wed Sep 25 10:39:19 +0000 2013
382816597565382656;Wed Sep 25 10:39:23 +0000 2013
382816620055248896;Wed Sep 25 10:39:29 +0000 2013
382816628846895104;Wed Sep 25 10:39:31 +0000 2013
382816646769160192;Wed Sep 25 10:39:35 +0000 2013
382816648341630977;Wed Sep 25 10:39:36 +0000 2013
382816679132020736;Wed Sep 25 10:39:43 +0000 2013
382816685335801856;Wed Sep 25 10:39:44 +0000 2013
382816715907678209;Wed Sep 25 10:39:52 +0000 2013
382816752398528512;Wed Sep 25 10:40:00 +0000 2013
382816763546587137;Wed Sep 25 10:40:03 +0000 2013
382816788473729024;Wed Sep 25 10:40:09 +0000 2013
382816798799704064;Wed Sep 25 10:40:11 +0000 2013
382816821529018369;Wed Sep 25 10:40:17 +0000 2013
382816829875712000;Wed Sep 25 10:40:19 +0000 2013
382816842097516545;Wed Sep 25 10:40:22 +0000 2013
382816843850719232;Wed Sep 25 10:40:22 +0000 2013
382816850884960256;Wed Sep 25 10:40:24 +0000 2013
382816856631169024;Wed Sep 25 10:40:25 +0000 2013
382816923525709824;Wed Sep 25 10:40:41 +0000 2013
382816951141015552;Wed Sep 25 10:40:48 +0000 2013
382816958065815552;Wed Sep 25 10:40:49 +0000 2013
382816970250256384;Wed Sep 25 10:40:52 +0000 2013
382816989795741696;Wed Sep 25 10:40:57 +0000 2013
382816993713213441;Wed Sep 25 10:40:58 +0000 2013
382817010331037696;Wed Sep 25 10:41:02 +0000 2013
382817013053149184;Wed Sep 25 10:41:02 +0000 2013
382817013355515905;Wed Sep 25 10:41:03 +0000 2013
382817014873485313;Wed Sep 25 10:41:03 +0000 2013
382817042132258818;Wed Sep 25 10:41:09 +0000 2013
382817065624543233;Wed Sep 25 10:41:15 +0000 2013
382817080698888192;Wed Sep 25 10:41:19 +0000 2013
382817085069737984;Wed Sep 25 10:41:20 +0000 2013
382817095710294016;Wed Sep 25 10:41:22 +0000 2013
382817097069244416;Wed Sep 25 10:41:23 +0000 2013
382817115780026369;Wed Sep 25 10:41:27 +0000 2013
382817132859256832;Wed Sep 25 10:41:31 +0000 2013
382817147962925057;Wed Sep 25 10:41:35 +0000 2013
382817159321092096;Wed Sep 25 10:41:37 +0000 2013
382817160017772544;Wed Sep 25 10:41:38 +0000 2013
382817175712436224;Wed Sep 25 10:41:41 +0000 2013
382817190937763840;Wed Sep 25 10:41:45 +0000 2013
382817217185710080;Wed Sep 25 10:41:51 +0000 2013
382817224739680256;Wed Sep 25 10:41:53 +0000 2013
382817282247770112;Wed Sep 25 10:42:07 +0000 2013
382817283846209537;Wed Sep 25 10:42:07 +0000 2013
382817353882292224;Wed Sep 25 10:42:24 +0000 2013
382817400300658688;Wed Sep 25 10:42:35 +0000 2013
382817407091216386;Wed Sep 25 10:42:36 +0000 2013
382817422979260417;Wed Sep 25 10:42:40 +0000 2013
382817478541189120;Wed Sep 25 10:42:53 +0000 2013
382817502884945920;Wed Sep 25 10:42:59 +0000 2013
382817541351301120;Wed Sep 25 10:43:08 +0000 2013
382817582266335232;Wed Sep 25 10:43:18 +0000 2013
382817615241957376;Wed Sep 25 10:43:26 +0000 2013
382817630614073346;Wed Sep 25 10:43:30 +0000 2013
382817678903083008;Wed Sep 25 10:43:41 +0000 2013
382817718493138944;Wed Sep 25 10:43:51 +0000 2013
382817747765186560;Wed Sep 25 10:43:58 +0000 2013
382817794351714304;Wed Sep 25 10:44:09 +0000 2013
382817810939789312;Wed Sep 25 10:44:13 +0000 2013
382817828422033408;Wed Sep 25 10:44:17 +0000 2013
382817833874231296;Wed Sep 25 10:44:18 +0000 2013
382817848319410176;Wed Sep 25 10:44:22 +0000 2013
382817862349377537;Wed Sep 25 10:44:25 +0000 2013
382817875024965632;Wed Sep 25 10:44:28 +0000 2013
382817970868588544;Wed Sep 25 10:44:51 +0000 2013
382818006046212097;Wed Sep 25 10:44:59 +0000 2013
382818065450151936;Wed Sep 25 10:45:13 +0000 2013
382818091605843969;Wed Sep 25 10:45:20 +0000 2013
382818101982953472;Wed Sep 25 10:45:22 +0000 2013
382818105329610752;Wed Sep 25 10:45:23 +0000 2013
382818128243085312;Wed Sep 25 10:45:28 +0000 2013
382818181821509632;Wed Sep 25 10:45:41 +0000 2013
382818189995827200;Wed Sep 25 10:45:43 +0000 2013
382818190318764032;Wed Sep 25 10:45:43 +0000 2013
382818191401299968;Wed Sep 25 10:45:43 +0000 2013
382818238532308993;Wed Sep 25 10:45:55 +0000 2013
382818251467530240;Wed Sep 25 10:45:58 +0000 2013
382818251648282624;Wed Sep 25 10:45:58 +0000 2013
382818268131885056;Wed Sep 25 10:46:02 +0000 2013
382818298846384128;Wed Sep 25 10:46:09 +0000 2013
382818299219673089;Wed Sep 25 10:46:09 +0000 2013
382818308208091136;Wed Sep 25 10:46:11 +0000 2013
382818313556226049;Wed Sep 25 10:46:13 +0000 2013
382818341951254529;Wed Sep 25 10:46:19 +0000 2013
382818363480633344;Wed Sep 25 10:46:24 +0000 2013
382818377015640065;Wed Sep 25 10:46:28 +0000 2013
382818497744490496;Wed Sep 25 10:46:56 +0000 2013
382818512819200000;Wed Sep 25 10:47:00 +0000 2013
382818525020045313;Wed Sep 25 10:47:03 +0000 2013
382818532578574336;Wed Sep 25 10:47:05 +0000 2013
382818547132801024;Wed Sep 25 10:47:08 +0000 2013
382818557643730944;Wed Sep 25 10:47:11 +0000 2013
382818560420360192;Wed Sep 25 10:47:11 +0000 2013
382818597196017664;Wed Sep 25 10:47:20 +0000 2013
382818604695044097;Wed Sep 25 10:47:22 +0000 2013
382818613763112960;Wed Sep 25 10:47:24 +0000 2013
382818652929544192;Wed Sep 25 10:47:33 +0000 2013
382818659909246976;Wed Sep 25 10:47:35 +0000 2013
382818672969920513;Wed Sep 25 10:47:38 +0000 2013
382818703777099777;Wed Sep 25 10:47:46 +0000 2013
382818707967578112;Wed Sep 25 10:47:47 +0000 2013
382818716461068288;Wed Sep 25 10:47:49 +0000 2013
382818724408860672;Wed Sep 25 10:47:50 +0000 2013
382818744356986880;Wed Sep 25 10:47:55 +0000 2013
382818785037529088;Wed Sep 25 10:48:05 +0000 2013
382818795418419201;Wed Sep 25 10:48:07 +0000 2013
382818823092854784;Wed Sep 25 10:48:14 +0000 2013
382818823495102464;Wed Sep 25 10:48:14 +0000 2013
382818856621723648;Wed Sep 25 10:48:22 +0000 2013
382818863072960512;Wed Sep 25 10:48:24 +0000 2013
382818911332212736;Wed Sep 25 10:48:35 +0000 2013
382818933092261888;Wed Sep 25 10:48:40 +0000 2013
382818961488097280;Wed Sep 25 10:48:47 +0000 2013
382818992143867905;Wed Sep 25 10:48:54 +0000 2013
382818993813204993;Wed Sep 25 10:48:55 +0000 2013
382819139858870272;Wed Sep 25 10:49:30 +0000 2013
382819199414177792;Wed Sep 25 10:49:44 +0000 2013
382819235749040129;Wed Sep 25 10:49:52 +0000 2013
382819259447267328;Wed Sep 25 10:49:58 +0000 2013
382819349150461953;Wed Sep 25 10:50:20 +0000 2013
382819355035447296;Wed Sep 25 10:50:21 +0000 2013
382819355571937281;Wed Sep 25 10:50:21 +0000 2013
382819389768097792;Wed Sep 25 10:50:29 +0000 2013
382819401092706304;Wed Sep 25 10:50:32 +0000 2013
382819416033214464;Wed Sep 25 10:50:35 +0000 2013
382819453362130944;Wed Sep 25 10:50:44 +0000 2013
382819460484067328;Wed Sep 25 10:50:46 +0000 2013
382819486929526784;Wed Sep 25 10:50:52 +0000 2013
382819489512828928;Wed Sep 25 10:50:53 +0000 2013
382819534685491200;Wed Sep 25 10:51:04 +0000 2013
382819534761369600;Wed Sep 25 10:51:04 +0000 2013
382819537588326400;Wed Sep 25 10:51:04 +0000 2013
382819555363414018;Wed Sep 25 10:51:09 +0000 2013
382819579510403072;Wed Sep 25 10:51:14 +0000 2013
382819616265084928;Wed Sep 25 10:51:23 +0000 2013
382819645721690113;Wed Sep 25 10:51:30 +0000 2013
382819649781764096;Wed Sep 25 10:51:31 +0000 2013
382819652004352000;Wed Sep 25 10:51:32 +0000 2013
382819657843220480;Wed Sep 25 10:51:33 +0000 2013
382819659411509249;Wed Sep 25 10:51:33 +0000 2013
382819696611188736;Wed Sep 25 10:51:42 +0000 2013
382819700377264129;Wed Sep 25 10:51:43 +0000 2013
382819728919523329;Wed Sep 25 10:51:50 +0000 2013
382819779918065664;Wed Sep 25 10:52:02 +0000 2013
382819798436290560;Wed Sep 25 10:52:07 +0000 2013
382819854081732608;Wed Sep 25 10:52:20 +0000 2013
382819862109638657;Wed Sep 25 10:52:22 +0000 2013
382819867776122880;Wed Sep 25 10:52:23 +0000 2013
382819884511797248;Wed Sep 25 10:52:27 +0000 2013
382819888986746880;Wed Sep 25 10:52:28 +0000 2013
382819911031992320;Wed Sep 25 10:52:33 +0000 2013
382819933010137088;Wed Sep 25 10:52:39 +0000 2013
382819940501164032;Wed Sep 25 10:52:40 +0000 2013
382819969337028608;Wed Sep 25 10:52:47 +0000 2013
382819969848729600;Wed Sep 25 10:52:47 +0000 2013
382820017672187904;Wed Sep 25 10:52:59 +0000 2013
382820018695995392;Wed Sep 25 10:52:59 +0000 2013
382820031005859840;Wed Sep 25 10:53:02 +0000 2013
382820055131893760;Wed Sep 25 10:53:08 +0000 2013
382820108147888128;Wed Sep 25 10:53:20 +0000 2013
382820144000413696;Wed Sep 25 10:53:29 +0000 2013
382820174677946368;Wed Sep 25 10:53:36 +0000 2013
382820204994371584;Wed Sep 25 10:53:43 +0000 2013
382820222182637568;Wed Sep 25 10:53:48 +0000 2013
382820242289750017;Wed Sep 25 10:53:52 +0000 2013
382820253484322817;Wed Sep 25 10:53:55 +0000 2013
382820264959959040;Wed Sep 25 10:53:58 +0000 2013
382820301035565056;Wed Sep 25 10:54:06 +0000 2013
382820315513896961;Wed Sep 25 10:54:10 +0000 2013
382820364788969472;Wed Sep 25 10:54:22 +0000 2013
382820391666081792;Wed Sep 25 10:54:28 +0000 2013
382820450587668480;Wed Sep 25 10:54:42 +0000 2013
382820461241184256;Wed Sep 25 10:54:45 +0000 2013
382820462830424064;Wed Sep 25 10:54:45 +0000 2013
382820501821067265;Wed Sep 25 10:54:54 +0000 2013
382820554186981376;Wed Sep 25 10:55:07 +0000 2013
382820590014693377;Wed Sep 25 10:55:15 +0000 2013
382820595391418368;Wed Sep 25 10:55:17 +0000 2013
382820878464983040;Wed Sep 25 10:56:24 +0000 2013
382820886296145920;Wed Sep 25 10:56:26 +0000 2013
382820887529271296;Wed Sep 25 10:56:26 +0000 2013
382820893656764416;Wed Sep 25 10:56:28 +0000 2013
382820917702713344;Wed Sep 25 10:56:33 +0000 2013
382820921540476928;Wed Sep 25 10:56:34 +0000 2013
382820955682115585;Wed Sep 25 10:56:42 +0000 2013
382820963861004288;Wed Sep 25 10:56:44 +0000 2013
382820983347761152;Wed Sep 25 10:56:49 +0000 2013
382821025354108928;Wed Sep 25 10:56:59 +0000 2013
382821085013868544;Wed Sep 25 10:57:13 +0000 2013
382821090160308224;Wed Sep 25 10:57:15 +0000 2013
382821091774705666;Wed Sep 25 10:57:15 +0000 2013
382821133973991424;Wed Sep 25 10:57:25 +0000 2013
382821134129180673;Wed Sep 25 10:57:25 +0000 2013
382821134179110912;Wed Sep 25 10:57:25 +0000 2013
382821174960717825;Wed Sep 25 10:57:35 +0000 2013
382821205574946816;Wed Sep 25 10:57:42 +0000 2013
382821213820944384;Wed Sep 25 10:57:44 +0000 2013
382821223081586688;Wed Sep 25 10:57:46 +0000 2013
382821252731109377;Wed Sep 25 10:57:53 +0000 2013
382821274344386560;Wed Sep 25 10:57:58 +0000 2013
382821278589394945;Wed Sep 25 10:57:59 +0000 2013
382821327062589440;Wed Sep 25 10:58:11 +0000 2013
382821330787524608;Wed Sep 25 10:58:12 +0000 2013
382821401637695488;Wed Sep 25 10:58:29 +0000 2013
382821409103572992;Wed Sep 25 10:58:31 +0000 2013
382821410076639232;Wed Sep 25 10:58:31 +0000 2013
382821445631356928;Wed Sep 25 10:58:39 +0000 2013
382821473083064320;Wed Sep 25 10:58:46 +0000 2013
382821502250270720;Wed Sep 25 10:58:53 +0000 2013
382821548920700928;Wed Sep 25 10:59:04 +0000 2013
382821588863029248;Wed Sep 25 10:59:13 +0000 2013
382821630965075968;Wed Sep 25 10:59:23 +0000 2013
382821678771761153;Wed Sep 25 10:59:35 +0000 2013
382821704713527297;Wed Sep 25 10:59:41 +0000 2013
382821717301010432;Wed Sep 25 10:59:44 +0000 2013
382821753694990336;Wed Sep 25 10:59:53 +0000 2013
382821772698984448;Wed Sep 25 10:59:57 +0000 2013
382821812012216320;Wed Sep 25 11:00:07 +0000 2013
382821843012308992;Wed Sep 25 11:00:14 +0000 2013
382821844107407360;Wed Sep 25 11:00:14 +0000 2013
382821855024799744;Wed Sep 25 11:00:17 +0000 2013
382821952085176321;Wed Sep 25 11:00:40 +0000 2013
382821969093484544;Wed Sep 25 11:00:44 +0000 2013
382822042762223616;Wed Sep 25 11:01:02 +0000 2013
382822064878800896;Wed Sep 25 11:01:07 +0000 2013
382822075297058816;Wed Sep 25 11:01:09 +0000 2013
382822113901424641;Wed Sep 25 11:01:19 +0000 2013
382822149318512640;Wed Sep 25 11:01:27 +0000 2013
382822179752394752;Wed Sep 25 11:01:34 +0000 2013
382822236907773952;Wed Sep 25 11:01:48 +0000 2013
382822265273843712;Wed Sep 25 11:01:55 +0000 2013
382822266196619264;Wed Sep 25 11:01:55 +0000 2013
382822283267428353;Wed Sep 25 11:01:59 +0000 2013
382822285281067008;Wed Sep 25 11:01:59 +0000 2013
382822296672423937;Wed Sep 25 11:02:02 +0000 2013
382822305250148352;Wed Sep 25 11:02:04 +0000 2013
382822312401063936;Wed Sep 25 11:02:06 +0000 2013
382822317627150336;Wed Sep 25 11:02:07 +0000 2013
382822351655546881;Wed Sep 25 11:02:15 +0000 2013
382822363861364736;Wed Sep 25 11:02:18 +0000 2013
382822368126595072;Wed Sep 25 11:02:19 +0000 2013
382822369699840000;Wed Sep 25 11:02:20 +0000 2013
382822369766961152;Wed Sep 25 11:02:20 +0000 2013
382822390117720064;Wed Sep 25 11:02:24 +0000 2013
382822400942817281;Wed Sep 25 11:02:27 +0000 2013
382822408068927488;Wed Sep 25 11:02:29 +0000 2013
382822418383110144;Wed Sep 25 11:02:31 +0000 2013
382822442881671169;Wed Sep 25 11:02:37 +0000 2013
382822449156325377;Wed Sep 25 11:02:39 +0000 2013
382822450951880704;Wed Sep 25 11:02:39 +0000 2013
382822497021734913;Wed Sep 25 11:02:50 +0000 2013
382822501417365505;Wed Sep 25 11:02:51 +0000 2013
382822552768233472;Wed Sep 25 11:03:03 +0000 2013
382822566240350208;Wed Sep 25 11:03:06 +0000 2013
382822589388705792;Wed Sep 25 11:03:12 +0000 2013
382822618291658752;Wed Sep 25 11:03:19 +0000 2013
382822628487987201;Wed Sep 25 11:03:21 +0000 2013
382822646053756928;Wed Sep 25 11:03:26 +0000 2013
382822686445305856;Wed Sep 25 11:03:35 +0000 2013
382822699833102336;Wed Sep 25 11:03:38 +0000 2013
382822705407750144;Wed Sep 25 11:03:40 +0000 2013
382822712013758464;Wed Sep 25 11:03:41 +0000 2013
382822728778006529;Wed Sep 25 11:03:45 +0000 2013
382822733857296386;Wed Sep 25 11:03:47 +0000 2013
382822749301141504;Wed Sep 25 11:03:50 +0000 2013
382822759954673664;Wed Sep 25 11:03:53 +0000 2013
382822764786089984;Wed Sep 25 11:03:54 +0000 2013
382822817563045889;Wed Sep 25 11:04:06 +0000 2013
382822836655509504;Wed Sep 25 11:04:11 +0000 2013
382822840338489344;Wed Sep 25 11:04:12 +0000 2013
382822862731493377;Wed Sep 25 11:04:17 +0000 2013
382822874022965248;Wed Sep 25 11:04:20 +0000 2013
382822886056001536;Wed Sep 25 11:04:23 +0000 2013
382822886446096384;Wed Sep 25 11:04:23 +0000 2013
382822888870387714;Wed Sep 25 11:04:23 +0000 2013
382822918637748224;Wed Sep 25 11:04:30 +0000 2013
382822927441215488;Wed Sep 25 11:04:33 +0000 2013
382822929647808512;Wed Sep 25 11:04:33 +0000 2013
382822933896241152;Wed Sep 25 11:04:34 +0000 2013
382822946068500480;Wed Sep 25 11:04:37 +0000 2013
382822963080200193;Wed Sep 25 11:04:41 +0000 2013
382823011025297408;Wed Sep 25 11:04:53 +0000 2013
382823025717940224;Wed Sep 25 11:04:56 +0000 2013
382823037638574080;Wed Sep 25 11:04:59 +0000 2013
382823053769863168;Wed Sep 25 11:05:03 +0000 2013
382823063404179456;Wed Sep 25 11:05:05 +0000 2013
382823078025519104;Wed Sep 25 11:05:08 +0000 2013
382823092617089024;Wed Sep 25 11:05:12 +0000 2013
382823095863504896;Wed Sep 25 11:05:13 +0000 2013
382823099097300993;Wed Sep 25 11:05:13 +0000 2013
382823137127452672;Wed Sep 25 11:05:23 +0000 2013
382823137194569728;Wed Sep 25 11:05:23 +0000 2013
382823165795508224;Wed Sep 25 11:05:29 +0000 2013
382823169301544960;Wed Sep 25 11:05:30 +0000 2013
382823176449036288;Wed Sep 25 11:05:32 +0000 2013
382823177295888384;Wed Sep 25 11:05:32 +0000 2013
382823181104742401;Wed Sep 25 11:05:33 +0000 2013
382823210234183680;Wed Sep 25 11:05:40 +0000 2013
382823210829377536;Wed Sep 25 11:05:40 +0000 2013
382823210846150656;Wed Sep 25 11:05:40 +0000 2013
382823233105297408;Wed Sep 25 11:05:45 +0000 2013
382823256426045440;Wed Sep 25 11:05:51 +0000 2013
382823277200015360;Wed Sep 25 11:05:56 +0000 2013
382823308858642432;Wed Sep 25 11:06:04 +0000 2013
382823313489559552;Wed Sep 25 11:06:05 +0000 2013
382823316442333184;Wed Sep 25 11:06:05 +0000 2013
382823358226006016;Wed Sep 25 11:06:15 +0000 2013
382823389951307776;Wed Sep 25 11:06:23 +0000 2013
382823409350356992;Wed Sep 25 11:06:27 +0000 2013
382823434503217153;Wed Sep 25 11:06:33 +0000 2013
382823434939404290;Wed Sep 25 11:06:34 +0000 2013
382823444015882241;Wed Sep 25 11:06:36 +0000 2013
382823448646807552;Wed Sep 25 11:06:37 +0000 2013
382823472813969408;Wed Sep 25 11:06:43 +0000 2013
382823476471803904;Wed Sep 25 11:06:43 +0000 2013
382823484914544640;Wed Sep 25 11:06:45 +0000 2013
382823553936404480;Wed Sep 25 11:07:02 +0000 2013
382823613922947072;Wed Sep 25 11:07:16 +0000 2013
382823639084564480;Wed Sep 25 11:07:22 +0000 2013
382823709754810368;Wed Sep 25 11:07:39 +0000 2013
382823728662327296;Wed Sep 25 11:07:44 +0000 2013
382823754432143361;Wed Sep 25 11:07:50 +0000 2013
382823795461197824;Wed Sep 25 11:08:00 +0000 2013
382823822929301504;Wed Sep 25 11:08:06 +0000 2013
382823828373508097;Wed Sep 25 11:08:07 +0000 2013
382823842164797440;Wed Sep 25 11:08:11 +0000 2013
382823867040808961;Wed Sep 25 11:08:17 +0000 2013
382823898813059072;Wed Sep 25 11:08:24 +0000 2013
382823900356550657;Wed Sep 25 11:08:25 +0000 2013
382823900662341632;Wed Sep 25 11:08:25 +0000 2013
382823928952938496;Wed Sep 25 11:08:31 +0000 2013
382823943276462080;Wed Sep 25 11:08:35 +0000 2013
382823945667215360;Wed Sep 25 11:08:35 +0000 2013
382823962151243776;Wed Sep 25 11:08:39 +0000 2013
382823974675034112;Wed Sep 25 11:08:42 +0000 2013
382824014798143488;Wed Sep 25 11:08:52 +0000 2013
382824019386314752;Wed Sep 25 11:08:53 +0000 2013
382824029599858688;Wed Sep 25 11:08:55 +0000 2013
382824038814322688;Wed Sep 25 11:08:58 +0000 2013
382824065834029056;Wed Sep 25 11:09:04 +0000 2013
382824091087953920;Wed Sep 25 11:09:10 +0000 2013
382824100538109952;Wed Sep 25 11:09:12 +0000 2013
382824138953752576;Wed Sep 25 11:09:21 +0000 2013
382824142942134272;Wed Sep 25 11:09:22 +0000 2013
382824143483199488;Wed Sep 25 11:09:23 +0000 2013
382824150001127424;Wed Sep 25 11:09:24 +0000 2013
382824153595658241;Wed Sep 25 11:09:25 +0000 2013
382824175255031809;Wed Sep 25 11:09:30 +0000 2013
382824236785467392;Wed Sep 25 11:09:45 +0000 2013
382824259821002752;Wed Sep 25 11:09:50 +0000 2013
382824277193793536;Wed Sep 25 11:09:54 +0000 2013
382824300291817472;Wed Sep 25 11:10:00 +0000 2013
382824308478709761;Wed Sep 25 11:10:02 +0000 2013
382824310865657856;Wed Sep 25 11:10:02 +0000 2013
382824341152333826;Wed Sep 25 11:10:10 +0000 2013
382824348572057600;Wed Sep 25 11:10:11 +0000 2013
382824366134018048;Wed Sep 25 11:10:16 +0000 2013
382824366855430144;Wed Sep 25 11:10:16 +0000 2013
382824374338060288;Wed Sep 25 11:10:18 +0000 2013
382824376837881856;Wed Sep 25 11:10:18 +0000 2013
382824384974843904;Wed Sep 25 11:10:20 +0000 2013
382824408731377664;Wed Sep 25 11:10:26 +0000 2013
382824447696453632;Wed Sep 25 11:10:35 +0000 2013
382824518193934337;Wed Sep 25 11:10:52 +0000 2013
382824525324619776;Wed Sep 25 11:10:54 +0000 2013
382824528927526912;Wed Sep 25 11:10:54 +0000 2013
382824558723862528;Wed Sep 25 11:11:01 +0000 2013
382824592122736641;Wed Sep 25 11:11:09 +0000 2013
382824614373498880;Wed Sep 25 11:11:15 +0000 2013
382824615275671552;Wed Sep 25 11:11:15 +0000 2013
382824623353507840;Wed Sep 25 11:11:17 +0000 2013
382824690235871232;Wed Sep 25 11:11:33 +0000 2013
382824699837034496;Wed Sep 25 11:11:35 +0000 2013
382824718908137472;Wed Sep 25 11:11:40 +0000 2013
382824776424644608;Wed Sep 25 11:11:53 +0000 2013
382824795257057280;Wed Sep 25 11:11:58 +0000 2013
382824848008818688;Wed Sep 25 11:12:10 +0000 2013
382824856879767553;Wed Sep 25 11:12:13 +0000 2013
382824857555062784;Wed Sep 25 11:12:13 +0000 2013
382824863750045696;Wed Sep 25 11:12:14 +0000 2013
382824871849254912;Wed Sep 25 11:12:16 +0000 2013
382824917198065664;Wed Sep 25 11:12:27 +0000 2013
382824943534489600;Wed Sep 25 11:12:33 +0000 2013
382824957165580288;Wed Sep 25 11:12:37 +0000 2013
382824979240611840;Wed Sep 25 11:12:42 +0000 2013
382824991391113216;Wed Sep 25 11:12:45 +0000 2013
382825080499470336;Wed Sep 25 11:13:06 +0000 2013
382825083984543746;Wed Sep 25 11:13:07 +0000 2013
382825117812011008;Wed Sep 25 11:13:15 +0000 2013
382825135696142336;Wed Sep 25 11:13:19 +0000 2013
382825143849861120;Wed Sep 25 11:13:21 +0000 2013
382825149793202176;Wed Sep 25 11:13:22 +0000 2013
382825174703161345;Wed Sep 25 11:13:28 +0000 2013
382825177324998656;Wed Sep 25 11:13:29 +0000 2013
382825177488179202;Wed Sep 25 11:13:29 +0000 2013
382825209575014401;Wed Sep 25 11:13:37 +0000 2013
382825243313979392;Wed Sep 25 11:13:45 +0000 2013
382825287861276672;Wed Sep 25 11:13:55 +0000 2013
382825313786662912;Wed Sep 25 11:14:02 +0000 2013
382825324070719488;Wed Sep 25 11:14:04 +0000 2013
382825340495609856;Wed Sep 25 11:14:08 +0000 2013
382825364138885120;Wed Sep 25 11:14:14 +0000 2013
382825368840699904;Wed Sep 25 11:14:15 +0000 2013
382825369369198592;Wed Sep 25 11:14:15 +0000 2013
382825383713722368;Wed Sep 25 11:14:18 +0000 2013
382825435362775040;Wed Sep 25 11:14:31 +0000 2013
382825441863958528;Wed Sep 25 11:14:32 +0000 2013
382825443147382784;Wed Sep 25 11:14:32 +0000 2013
382825455612854272;Wed Sep 25 11:14:35 +0000 2013
382825460247592960;Wed Sep 25 11:14:36 +0000 2013
382825466354102273;Wed Sep 25 11:14:38 +0000 2013
382825477603201027;Wed Sep 25 11:14:41 +0000 2013
382825497291657216;Wed Sep 25 11:14:45 +0000 2013
382825523791282176;Wed Sep 25 11:14:52 +0000 2013
382825531730702336;Wed Sep 25 11:14:53 +0000 2013
382825536562528256;Wed Sep 25 11:14:55 +0000 2013
382825568015618048;Wed Sep 25 11:15:02 +0000 2013
382825569555316736;Wed Sep 25 11:15:03 +0000 2013
382825639180386304;Wed Sep 25 11:15:19 +0000 2013
382825658574835713;Wed Sep 25 11:15:24 +0000 2013
382825673892458496;Wed Sep 25 11:15:27 +0000 2013
382825674056404992;Wed Sep 25 11:15:27 +0000 2013
382825687913988096;Wed Sep 25 11:15:31 +0000 2013
382825690108026880;Wed Sep 25 11:15:31 +0000 2013
382825697854496768;Wed Sep 25 11:15:33 +0000 2013
382825766683021312;Wed Sep 25 11:15:49 +0000 2013
382825780025516032;Wed Sep 25 11:15:53 +0000 2013
382825784458489856;Wed Sep 25 11:15:54 +0000 2013
382825785469308928;Wed Sep 25 11:15:54 +0000 2013
382825786442387456;Wed Sep 25 11:15:54 +0000 2013
382825813974204416;Wed Sep 25 11:16:01 +0000 2013
382825863890599936;Wed Sep 25 11:16:13 +0000 2013
382825894504443904;Wed Sep 25 11:16:20 +0000 2013
382825898506203136;Wed Sep 25 11:16:21 +0000 2013
382825906336583680;Wed Sep 25 11:16:23 +0000 2013
382825931930230785;Wed Sep 25 11:16:29 +0000 2013
382825934111252481;Wed Sep 25 11:16:29 +0000 2013
382825934996262912;Wed Sep 25 11:16:30 +0000 2013
382825979397570560;Wed Sep 25 11:16:40 +0000 2013
382825980412170240;Wed Sep 25 11:16:40 +0000 2013
382825983273082880;Wed Sep 25 11:16:41 +0000 2013
382825988595650560;Wed Sep 25 11:16:42 +0000 2013
382825997885640704;Wed Sep 25 11:16:45 +0000 2013
382825999798267904;Wed Sep 25 11:16:45 +0000 2013
382826003959017473;Wed Sep 25 11:16:46 +0000 2013
382826013954039808;Wed Sep 25 11:16:48 +0000 2013
382826035135266818;Wed Sep 25 11:16:54 +0000 2013
382826047361662976;Wed Sep 25 11:16:56 +0000 2013
382826047722364928;Wed Sep 25 11:16:57 +0000 2013
382826049907601409;Wed Sep 25 11:16:57 +0000 2013
382826061513240576;Wed Sep 25 11:17:00 +0000 2013
382826096070115328;Wed Sep 25 11:17:08 +0000 2013
382826107398930432;Wed Sep 25 11:17:11 +0000 2013
382826124117831680;Wed Sep 25 11:17:15 +0000 2013
382826142472105984;Wed Sep 25 11:17:19 +0000 2013
382826163699466240;Wed Sep 25 11:17:24 +0000 2013
382826242409377792;Wed Sep 25 11:17:43 +0000 2013
382826250697314304;Wed Sep 25 11:17:45 +0000 2013
382826257169514496;Wed Sep 25 11:17:46 +0000 2013
382826270704156672;Wed Sep 25 11:17:50 +0000 2013
382826273128460289;Wed Sep 25 11:17:50 +0000 2013
382826277922557952;Wed Sep 25 11:17:51 +0000 2013
382826282750578688;Wed Sep 25 11:17:53 +0000 2013
382826319022542848;Wed Sep 25 11:18:01 +0000 2013
382826322441277440;Wed Sep 25 11:18:02 +0000 2013
382826325351751680;Wed Sep 25 11:18:03 +0000 2013
382826360529362944;Wed Sep 25 11:18:11 +0000 2013
382826366502465536;Wed Sep 25 11:18:13 +0000 2013
382826464975941632;Wed Sep 25 11:18:36 +0000 2013
382826467203104770;Wed Sep 25 11:18:37 +0000 2013
382826490271768576;Wed Sep 25 11:18:42 +0000 2013
382826548887187456;Wed Sep 25 11:18:56 +0000 2013
382826566239014913;Wed Sep 25 11:19:00 +0000 2013
382826576506671104;Wed Sep 25 11:19:03 +0000 2013
382826576770908160;Wed Sep 25 11:19:03 +0000 2013
382826583134068736;Wed Sep 25 11:19:04 +0000 2013
382826615442382848;Wed Sep 25 11:19:12 +0000 2013
382826645821726720;Wed Sep 25 11:19:19 +0000 2013
382826657226031104;Wed Sep 25 11:19:22 +0000 2013
382826669519949824;Wed Sep 25 11:19:25 +0000 2013
382826683109498880;Wed Sep 25 11:19:28 +0000 2013
382826692516925440;Wed Sep 25 11:19:30 +0000 2013
382826692802510848;Wed Sep 25 11:19:30 +0000 2013
382826716328374272;Wed Sep 25 11:19:36 +0000 2013
382826722720505856;Wed Sep 25 11:19:37 +0000 2013
382826735747989505;Wed Sep 25 11:19:41 +0000 2013
382826768362528769;Wed Sep 25 11:19:48 +0000 2013
382826794182656000;Wed Sep 25 11:19:54 +0000 2013
382826800860385280;Wed Sep 25 11:19:56 +0000 2013
382826802516746240;Wed Sep 25 11:19:56 +0000 2013
382826837300105216;Wed Sep 25 11:20:05 +0000 2013
382826845575467008;Wed Sep 25 11:20:07 +0000 2013
382826846967971840;Wed Sep 25 11:20:07 +0000 2013
382826874810150912;Wed Sep 25 11:20:14 +0000 2013
382826887967285248;Wed Sep 25 11:20:17 +0000 2013
382826942258348033;Wed Sep 25 11:20:30 +0000 2013
382826944808878080;Wed Sep 25 11:20:30 +0000 2013
382826945139843072;Wed Sep 25 11:20:30 +0000 2013
382826947744501761;Wed Sep 25 11:20:31 +0000 2013
382826953985634306;Wed Sep 25 11:20:33 +0000 2013
382826955776995328;Wed Sep 25 11:20:33 +0000 2013
382826972281188352;Wed Sep 25 11:20:37 +0000 2013
382826995668635648;Wed Sep 25 11:20:43 +0000 2013
382827047674208256;Wed Sep 25 11:20:55 +0000 2013
382827054477344768;Wed Sep 25 11:20:57 +0000 2013
382827072655482880;Wed Sep 25 11:21:01 +0000 2013
382827078770782208;Wed Sep 25 11:21:02 +0000 2013
382827083023396865;Wed Sep 25 11:21:03 +0000 2013
382827129991221249;Wed Sep 25 11:21:15 +0000 2013
382827130796519424;Wed Sep 25 11:21:15 +0000 2013
382827131350171648;Wed Sep 25 11:21:15 +0000 2013
382827132029640705;Wed Sep 25 11:21:15 +0000 2013
382827132658782209;Wed Sep 25 11:21:15 +0000 2013
382827140141826048;Wed Sep 25 11:21:17 +0000 2013
382827149977079808;Wed Sep 25 11:21:19 +0000 2013
382827172521443328;Wed Sep 25 11:21:25 +0000 2013
382827173603590144;Wed Sep 25 11:21:25 +0000 2013
382827174715469824;Wed Sep 25 11:21:25 +0000 2013
382827180725899264;Wed Sep 25 11:21:27 +0000 2013
382827187826466816;Wed Sep 25 11:21:28 +0000 2013
382827194818363394;Wed Sep 25 11:21:30 +0000 2013
382827220072296448;Wed Sep 25 11:21:36 +0000 2013
382827232793989120;Wed Sep 25 11:21:39 +0000 2013
382827234610139136;Wed Sep 25 11:21:39 +0000 2013
382827245951131649;Wed Sep 25 11:21:42 +0000 2013
382827251332820992;Wed Sep 25 11:21:43 +0000 2013
382827260900032512;Wed Sep 25 11:21:46 +0000 2013
382827271184474112;Wed Sep 25 11:21:48 +0000 2013
382827296588963841;Wed Sep 25 11:21:54 +0000 2013
382827300217044992;Wed Sep 25 11:21:55 +0000 2013
382827303111499776;Wed Sep 25 11:21:56 +0000 2013
382827320894955521;Wed Sep 25 11:22:00 +0000 2013
382827324007129088;Wed Sep 25 11:22:01 +0000 2013
382827333419155457;Wed Sep 25 11:22:03 +0000 2013
382827339383840768;Wed Sep 25 11:22:04 +0000 2013
382827344073084928;Wed Sep 25 11:22:06 +0000 2013
382827348887748608;Wed Sep 25 11:22:07 +0000 2013
382827352821993472;Wed Sep 25 11:22:08 +0000 2013
382827360061362177;Wed Sep 25 11:22:09 +0000 2013
382827371436326912;Wed Sep 25 11:22:12 +0000 2013
382827386322292736;Wed Sep 25 11:22:16 +0000 2013
382827402876825600;Wed Sep 25 11:22:20 +0000 2013
382827410401787904;Wed Sep 25 11:22:21 +0000 2013
382827428478873601;Wed Sep 25 11:22:26 +0000 2013
382827482082054146;Wed Sep 25 11:22:38 +0000 2013
382827484191801344;Wed Sep 25 11:22:39 +0000 2013
382827495055450113;Wed Sep 25 11:22:42 +0000 2013
382827528869539840;Wed Sep 25 11:22:50 +0000 2013
382827530350501888;Wed Sep 25 11:22:50 +0000 2013
382827549707223040;Wed Sep 25 11:22:55 +0000 2013
382827563091243008;Wed Sep 25 11:22:58 +0000 2013
382827577288577024;Wed Sep 25 11:23:01 +0000 2013
382827587334307840;Wed Sep 25 11:23:04 +0000 2013
382827610814042112;Wed Sep 25 11:23:09 +0000 2013
382827625837625344;Wed Sep 25 11:23:13 +0000 2013
382827632129478656;Wed Sep 25 11:23:14 +0000 2013
382827662109986816;Wed Sep 25 11:23:21 +0000 2013
382827665889038336;Wed Sep 25 11:23:22 +0000 2013
382827689696329728;Wed Sep 25 11:23:28 +0000 2013
382827729357651968;Wed Sep 25 11:23:37 +0000 2013
382827738941251584;Wed Sep 25 11:23:40 +0000 2013
382827764174188544;Wed Sep 25 11:23:46 +0000 2013
382827789939769344;Wed Sep 25 11:23:52 +0000 2013
382827806888968192;Wed Sep 25 11:23:56 +0000 2013
382827810764509184;Wed Sep 25 11:23:57 +0000 2013
382827824026890240;Wed Sep 25 11:24:00 +0000 2013
382827826426433536;Wed Sep 25 11:24:01 +0000 2013
382827838987976704;Wed Sep 25 11:24:04 +0000 2013
382827850664902656;Wed Sep 25 11:24:06 +0000 2013
382827851294068737;Wed Sep 25 11:24:07 +0000 2013
382827851910619136;Wed Sep 25 11:24:07 +0000 2013
382827854578192387;Wed Sep 25 11:24:07 +0000 2013
382827896416391168;Wed Sep 25 11:24:17 +0000 2013
382827910098591744;Wed Sep 25 11:24:21 +0000 2013
382827922144256000;Wed Sep 25 11:24:23 +0000 2013
382827926854856704;Wed Sep 25 11:24:25 +0000 2013
382827953970610176;Wed Sep 25 11:24:31 +0000 2013
382827962930069504;Wed Sep 25 11:24:33 +0000 2013
382827965064937472;Wed Sep 25 11:24:34 +0000 2013
382827984186789888;Wed Sep 25 11:24:38 +0000 2013
382827990163656704;Wed Sep 25 11:24:40 +0000 2013
382827991710965760;Wed Sep 25 11:24:40 +0000 2013
382828003946160128;Wed Sep 25 11:24:43 +0000 2013
382828011680059393;Wed Sep 25 11:24:45 +0000 2013
382828015102992384;Wed Sep 25 11:24:46 +0000 2013
382828023872909312;Wed Sep 25 11:24:48 +0000 2013
382828051853475840;Wed Sep 25 11:24:54 +0000 2013
382828070735855617;Wed Sep 25 11:24:59 +0000 2013
382828083020980224;Wed Sep 25 11:25:02 +0000 2013
382828104575508480;Wed Sep 25 11:25:07 +0000 2013
382828117393289216;Wed Sep 25 11:25:10 +0000 2013
382828125119205376;Wed Sep 25 11:25:12 +0000 2013
382828128663388160;Wed Sep 25 11:25:13 +0000 2013
382828131624574976;Wed Sep 25 11:25:13 +0000 2013
382828147558723585;Wed Sep 25 11:25:17 +0000 2013
382828205587308544;Wed Sep 25 11:25:31 +0000 2013
382828211123388416;Wed Sep 25 11:25:32 +0000 2013
382828214147874816;Wed Sep 25 11:25:33 +0000 2013
382828215334477824;Wed Sep 25 11:25:33 +0000 2013
382828219730124801;Wed Sep 25 11:25:34 +0000 2013
382828233550331905;Wed Sep 25 11:25:38 +0000 2013
382828249682018305;Wed Sep 25 11:25:42 +0000 2013
382828256249933824;Wed Sep 25 11:25:43 +0000 2013
382828258284564480;Wed Sep 25 11:25:44 +0000 2013
382828262092587008;Wed Sep 25 11:25:44 +0000 2013
382828265548701696;Wed Sep 25 11:25:45 +0000 2013
382828265695477760;Wed Sep 25 11:25:45 +0000 2013
382828265850671104;Wed Sep 25 11:25:45 +0000 2013
382828266114916352;Wed Sep 25 11:25:45 +0000 2013
382828266148466688;Wed Sep 25 11:25:45 +0000 2013
382828266379169792;Wed Sep 25 11:25:45 +0000 2013
382828266702110720;Wed Sep 25 11:25:46 +0000 2013
382828266727280640;Wed Sep 25 11:25:46 +0000 2013
382828268455755776;Wed Sep 25 11:25:46 +0000 2013
382828270846476288;Wed Sep 25 11:25:47 +0000 2013
382828280937992192;Wed Sep 25 11:25:49 +0000 2013
382828296259383296;Wed Sep 25 11:25:53 +0000 2013
382828303620386818;Wed Sep 25 11:25:54 +0000 2013
382828307370098688;Wed Sep 25 11:25:55 +0000 2013
382828320339288064;Wed Sep 25 11:25:58 +0000 2013
382828329620881408;Wed Sep 25 11:26:01 +0000 2013
382828350878011392;Wed Sep 25 11:26:06 +0000 2013
382828352186241024;Wed Sep 25 11:26:06 +0000 2013
382828363968024578;Wed Sep 25 11:26:09 +0000 2013
382828364740165632;Wed Sep 25 11:26:09 +0000 2013
382828369567428608;Wed Sep 25 11:26:10 +0000 2013
382828373766328320;Wed Sep 25 11:26:11 +0000 2013
382828374802313217;Wed Sep 25 11:26:11 +0000 2013
382828408444436481;Wed Sep 25 11:26:19 +0000 2013
382828468238422018;Wed Sep 25 11:26:34 +0000 2013
382828475801169920;Wed Sep 25 11:26:35 +0000 2013
382828496147734528;Wed Sep 25 11:26:40 +0000 2013
382828510592901120;Wed Sep 25 11:26:44 +0000 2013
382828524454690816;Wed Sep 25 11:26:47 +0000 2013
382828525029720064;Wed Sep 25 11:26:47 +0000 2013
382828528070586368;Wed Sep 25 11:26:48 +0000 2013
382828529601089536;Wed Sep 25 11:26:48 +0000 2013
382828534105788416;Wed Sep 25 11:26:49 +0000 2013
382828540321742848;Wed Sep 25 11:26:51 +0000 2013
382828545116241920;Wed Sep 25 11:26:52 +0000 2013
382828550505496576;Wed Sep 25 11:26:53 +0000 2013
382828570315587585;Wed Sep 25 11:26:58 +0000 2013
382828577626267648;Wed Sep 25 11:27:00 +0000 2013
382828589680721920;Wed Sep 25 11:27:03 +0000 2013
382828593929142272;Wed Sep 25 11:27:04 +0000 2013
382828599063363584;Wed Sep 25 11:27:05 +0000 2013
382828611193290752;Wed Sep 25 11:27:08 +0000 2013
382828657154093056;Wed Sep 25 11:27:19 +0000 2013
382828676938596352;Wed Sep 25 11:27:23 +0000 2013
382828736733020160;Wed Sep 25 11:27:38 +0000 2013
382828744161124352;Wed Sep 25 11:27:39 +0000 2013
382828747075747840;Wed Sep 25 11:27:40 +0000 2013
382828749987008512;Wed Sep 25 11:27:41 +0000 2013
382828785923805184;Wed Sep 25 11:27:49 +0000 2013
382828821705400320;Wed Sep 25 11:27:58 +0000 2013
382828825387618305;Wed Sep 25 11:27:59 +0000 2013
382828873869586432;Wed Sep 25 11:28:10 +0000 2013
382828888210296832;Wed Sep 25 11:28:14 +0000 2013
382828906039889920;Wed Sep 25 11:28:18 +0000 2013
382828910150299648;Wed Sep 25 11:28:19 +0000 2013
382828915384782848;Wed Sep 25 11:28:20 +0000 2013
382828936066916353;Wed Sep 25 11:28:25 +0000 2013
382828938256338944;Wed Sep 25 11:28:26 +0000 2013
382828948071006208;Wed Sep 25 11:28:28 +0000 2013
382828950730199040;Wed Sep 25 11:28:29 +0000 2013
382828967075401728;Wed Sep 25 11:28:33 +0000 2013
382828967738482688;Wed Sep 25 11:28:33 +0000 2013
382828992270991360;Wed Sep 25 11:28:39 +0000 2013
382828995047620608;Wed Sep 25 11:28:39 +0000 2013
382828997010526208;Wed Sep 25 11:28:40 +0000 2013
382829006426345472;Wed Sep 25 11:28:42 +0000 2013
382829025095188480;Wed Sep 25 11:28:46 +0000 2013
382829029130129408;Wed Sep 25 11:28:47 +0000 2013
382829038186020864;Wed Sep 25 11:28:49 +0000 2013
382829046557454336;Wed Sep 25 11:28:51 +0000 2013
382829072549543937;Wed Sep 25 11:28:58 +0000 2013
382829088689242112;Wed Sep 25 11:29:02 +0000 2013
382829109702701057;Wed Sep 25 11:29:07 +0000 2013
382829133992312832;Wed Sep 25 11:29:12 +0000 2013
382829180205158401;Wed Sep 25 11:29:23 +0000 2013
382829191927848960;Wed Sep 25 11:29:26 +0000 2013
382829197384638466;Wed Sep 25 11:29:27 +0000 2013
382829216821026818;Wed Sep 25 11:29:32 +0000 2013
382829221539639296;Wed Sep 25 11:29:33 +0000 2013
382829222630129664;Wed Sep 25 11:29:33 +0000 2013
382829224996139008;Wed Sep 25 11:29:34 +0000 2013
382829230884532224;Wed Sep 25 11:29:35 +0000 2013
382829291991748608;Wed Sep 25 11:29:50 +0000 2013
382829292755111936;Wed Sep 25 11:29:50 +0000 2013
382829300409724929;Wed Sep 25 11:29:52 +0000 2013
382829330486669312;Wed Sep 25 11:29:59 +0000 2013
382829333112315904;Wed Sep 25 11:30:00 +0000 2013
382829349365239808;Wed Sep 25 11:30:04 +0000 2013
382829358987378688;Wed Sep 25 11:30:06 +0000 2013
382829371016613888;Wed Sep 25 11:30:09 +0000 2013
382829394156199936;Wed Sep 25 11:30:14 +0000 2013
382829417602756608;Wed Sep 25 11:30:20 +0000 2013
382829421314334722;Wed Sep 25 11:30:21 +0000 2013
382829426997592065;Wed Sep 25 11:30:22 +0000 2013
382829431435169793;Wed Sep 25 11:30:23 +0000 2013
382829465921126400;Wed Sep 25 11:30:31 +0000 2013
382829489765748737;Wed Sep 25 11:30:37 +0000 2013
382829540323520512;Wed Sep 25 11:30:49 +0000 2013
382829554751922176;Wed Sep 25 11:30:53 +0000 2013
382829563664793600;Wed Sep 25 11:30:55 +0000 2013
382829572636418048;Wed Sep 25 11:30:57 +0000 2013
382829594820096000;Wed Sep 25 11:31:02 +0000 2013
382829618509537280;Wed Sep 25 11:31:08 +0000 2013
382829628219334657;Wed Sep 25 11:31:10 +0000 2013
382829634942795777;Wed Sep 25 11:31:12 +0000 2013
382829694951124993;Wed Sep 25 11:31:26 +0000 2013
382829706850369536;Wed Sep 25 11:31:29 +0000 2013
382829720397946880;Wed Sep 25 11:31:32 +0000 2013
382829746192531456;Wed Sep 25 11:31:38 +0000 2013
382829764895342592;Wed Sep 25 11:31:43 +0000 2013
382829776387715072;Wed Sep 25 11:31:45 +0000 2013
382829797446934528;Wed Sep 25 11:31:51 +0000 2013
382829798881759232;Wed Sep 25 11:31:51 +0000 2013
382829808591572992;Wed Sep 25 11:31:53 +0000 2013
382829837460992000;Wed Sep 25 11:32:00 +0000 2013
382829840254377985;Wed Sep 25 11:32:01 +0000 2013
382829865608966144;Wed Sep 25 11:32:07 +0000 2013
382829908478922752;Wed Sep 25 11:32:17 +0000 2013
382829934336802816;Wed Sep 25 11:32:23 +0000 2013
382829942431813632;Wed Sep 25 11:32:25 +0000 2013
382829954276540416;Wed Sep 25 11:32:28 +0000 2013
382829975134433280;Wed Sep 25 11:32:33 +0000 2013
382829988153950208;Wed Sep 25 11:32:36 +0000 2013
382829991115108353;Wed Sep 25 11:32:37 +0000 2013
382829993727774720;Wed Sep 25 11:32:37 +0000 2013
382829998123786240;Wed Sep 25 11:32:38 +0000 2013
382830033032597504;Wed Sep 25 11:32:47 +0000 2013
382830045191884800;Wed Sep 25 11:32:50 +0000 2013
382830061809696768;Wed Sep 25 11:32:54 +0000 2013
382830062246305793;Wed Sep 25 11:32:54 +0000 2013
382830093980418048;Wed Sep 25 11:33:01 +0000 2013
382830094768566273;Wed Sep 25 11:33:01 +0000 2013
382830108761153536;Wed Sep 25 11:33:05 +0000 2013
382830110740455424;Wed Sep 25 11:33:05 +0000 2013
382830118541852673;Wed Sep 25 11:33:07 +0000 2013
382830122404831232;Wed Sep 25 11:33:08 +0000 2013
382830146526269440;Wed Sep 25 11:33:14 +0000 2013
382830152813903872;Wed Sep 25 11:33:15 +0000 2013
382830160757530624;Wed Sep 25 11:33:17 +0000 2013
382830171889614848;Wed Sep 25 11:33:20 +0000 2013
382830174997204993;Wed Sep 25 11:33:21 +0000 2013
382830191770599424;Wed Sep 25 11:33:25 +0000 2013
382830192340656128;Wed Sep 25 11:33:25 +0000 2013
382830219968909312;Wed Sep 25 11:33:31 +0000 2013
382830222082457600;Wed Sep 25 11:33:32 +0000 2013
382830239136497664;Wed Sep 25 11:33:36 +0000 2013
382830281398681600;Wed Sep 25 11:33:46 +0000 2013
382830313040527360;Wed Sep 25 11:33:53 +0000 2013
382830320888070144;Wed Sep 25 11:33:55 +0000 2013
382830364106174464;Wed Sep 25 11:34:06 +0000 2013
382830377158471680;Wed Sep 25 11:34:09 +0000 2013
382830395236311040;Wed Sep 25 11:34:13 +0000 2013
382830403679055873;Wed Sep 25 11:34:15 +0000 2013
382830413779320832;Wed Sep 25 11:34:17 +0000 2013
382830420314030080;Wed Sep 25 11:34:19 +0000 2013
382830434167439360;Wed Sep 25 11:34:22 +0000 2013
382830458188210176;Wed Sep 25 11:34:28 +0000 2013
382830560957063168;Wed Sep 25 11:34:53 +0000 2013
382830606402351105;Wed Sep 25 11:35:03 +0000 2013
382830610693521408;Wed Sep 25 11:35:04 +0000 2013
382830630532169728;Wed Sep 25 11:35:09 +0000 2013
382830652967514112;Wed Sep 25 11:35:14 +0000 2013
382830696818941953;Wed Sep 25 11:35:25 +0000 2013
382830716582510592;Wed Sep 25 11:35:30 +0000 2013
382830734974537728;Wed Sep 25 11:35:34 +0000 2013
382830744076570624;Wed Sep 25 11:35:36 +0000 2013
382830764226019328;Wed Sep 25 11:35:41 +0000 2013
382830787390754816;Wed Sep 25 11:35:47 +0000 2013
382830792629837824;Wed Sep 25 11:35:48 +0000 2013
382830796144250880;Wed Sep 25 11:35:49 +0000 2013
382830853912424448;Wed Sep 25 11:36:02 +0000 2013
382830861798105088;Wed Sep 25 11:36:04 +0000 2013
382830862623981568;Wed Sep 25 11:36:04 +0000 2013
382830885491339265;Wed Sep 25 11:36:10 +0000 2013
382830913140191233;Wed Sep 25 11:36:17 +0000 2013
382830921159680000;Wed Sep 25 11:36:18 +0000 2013
382830977719873536;Wed Sep 25 11:36:32 +0000 2013
382830992987144192;Wed Sep 25 11:36:36 +0000 2013
382831017792245760;Wed Sep 25 11:36:41 +0000 2013
382831034381127680;Wed Sep 25 11:36:45 +0000 2013
382831034540494848;Wed Sep 25 11:36:45 +0000 2013
382831047849046016;Wed Sep 25 11:36:49 +0000 2013
382831073337802752;Wed Sep 25 11:36:55 +0000 2013
382831083630657537;Wed Sep 25 11:36:57 +0000 2013
382831085500911616;Wed Sep 25 11:36:58 +0000 2013
382831097651814400;Wed Sep 25 11:37:01 +0000 2013
382831103435743233;Wed Sep 25 11:37:02 +0000 2013
382831107940429824;Wed Sep 25 11:37:03 +0000 2013
382831131865128960;Wed Sep 25 11:37:09 +0000 2013
382831160658640897;Wed Sep 25 11:37:16 +0000 2013
382831180497707009;Wed Sep 25 11:37:20 +0000 2013
382831182217371649;Wed Sep 25 11:37:21 +0000 2013
382831191348355072;Wed Sep 25 11:37:23 +0000 2013
382831192644399105;Wed Sep 25 11:37:23 +0000 2013
382831267487956992;Wed Sep 25 11:37:41 +0000 2013
382831281723031553;Wed Sep 25 11:37:44 +0000 2013
382831297858506752;Wed Sep 25 11:37:48 +0000 2013
382831311955968000;Wed Sep 25 11:37:52 +0000 2013
382831344222367744;Wed Sep 25 11:37:59 +0000 2013
382831346109788160;Wed Sep 25 11:38:00 +0000 2013
382831351264604160;Wed Sep 25 11:38:01 +0000 2013
382831367504920577;Wed Sep 25 11:38:05 +0000 2013
382831370684600320;Wed Sep 25 11:38:06 +0000 2013
382831377218928640;Wed Sep 25 11:38:07 +0000 2013
382831394457522176;Wed Sep 25 11:38:11 +0000 2013
382831413290344448;Wed Sep 25 11:38:16 +0000 2013
382831441035673600;Wed Sep 25 11:38:22 +0000 2013
382831470231822336;Wed Sep 25 11:38:29 +0000 2013
382831504750944256;Wed Sep 25 11:38:38 +0000 2013
382831529380315137;Wed Sep 25 11:38:43 +0000 2013
382831582572064768;Wed Sep 25 11:38:56 +0000 2013
382831594534629376;Wed Sep 25 11:38:59 +0000 2013
382831603182882816;Wed Sep 25 11:39:01 +0000 2013
382831604059475968;Wed Sep 25 11:39:01 +0000 2013
382831622136950785;Wed Sep 25 11:39:06 +0000 2013
382831639245516800;Wed Sep 25 11:39:10 +0000 2013
382831653888208896;Wed Sep 25 11:39:13 +0000 2013
382831674301497344;Wed Sep 25 11:39:18 +0000 2013
382831675408785409;Wed Sep 25 11:39:18 +0000 2013
382831682296233984;Wed Sep 25 11:39:20 +0000 2013
382831695990255616;Wed Sep 25 11:39:23 +0000 2013
382831700071690240;Wed Sep 25 11:39:24 +0000 2013
382831701464195072;Wed Sep 25 11:39:24 +0000 2013
382831701874860032;Wed Sep 25 11:39:25 +0000 2013
382831708724531200;Wed Sep 25 11:39:26 +0000 2013
382831744631590912;Wed Sep 25 11:39:35 +0000 2013
382831785198891008;Wed Sep 25 11:39:44 +0000 2013
382831787765813248;Wed Sep 25 11:39:45 +0000 2013
382831790072684544;Wed Sep 25 11:39:46 +0000 2013
382831806103293953;Wed Sep 25 11:39:49 +0000 2013
382831823149355008;Wed Sep 25 11:39:53 +0000 2013
382831863489785856;Wed Sep 25 11:40:03 +0000 2013
382831884192845824;Wed Sep 25 11:40:08 +0000 2013
382831886852427776;Wed Sep 25 11:40:09 +0000 2013
382831889435738112;Wed Sep 25 11:40:09 +0000 2013
382831898004697088;Wed Sep 25 11:40:11 +0000 2013
382831899615297537;Wed Sep 25 11:40:12 +0000 2013
382831903751286784;Wed Sep 25 11:40:13 +0000 2013
382831903893913600;Wed Sep 25 11:40:13 +0000 2013
382831925016006656;Wed Sep 25 11:40:18 +0000 2013
382831931198808064;Wed Sep 25 11:40:19 +0000 2013
382831983727890432;Wed Sep 25 11:40:32 +0000 2013
382831989302128641;Wed Sep 25 11:40:33 +0000 2013
382832007442468864;Wed Sep 25 11:40:37 +0000 2013
382832017668603904;Wed Sep 25 11:40:40 +0000 2013
382832035888238592;Wed Sep 25 11:40:44 +0000 2013
382832044759207937;Wed Sep 25 11:40:46 +0000 2013
382832045279698944;Wed Sep 25 11:40:46 +0000 2013
382832049255874560;Wed Sep 25 11:40:47 +0000 2013
382832053361717248;Wed Sep 25 11:40:48 +0000 2013
382832054939176960;Wed Sep 25 11:40:49 +0000 2013
382832056008331264;Wed Sep 25 11:40:49 +0000 2013
382832069862121472;Wed Sep 25 11:40:52 +0000 2013
382832078767026176;Wed Sep 25 11:40:54 +0000 2013
382832110685261824;Wed Sep 25 11:41:02 +0000 2013
382832120554479616;Wed Sep 25 11:41:04 +0000 2013
382832126997311488;Wed Sep 25 11:41:06 +0000 2013
382832136664793088;Wed Sep 25 11:41:08 +0000 2013
382832139336560640;Wed Sep 25 11:41:09 +0000 2013
382832160769458176;Wed Sep 25 11:41:14 +0000 2013
382832171200675840;Wed Sep 25 11:41:16 +0000 2013
382832173276860417;Wed Sep 25 11:41:17 +0000 2013
382832173742850048;Wed Sep 25 11:41:17 +0000 2013
382832200452157440;Wed Sep 25 11:41:23 +0000 2013
382832261953228800;Wed Sep 25 11:41:38 +0000 2013
382832307167830016;Wed Sep 25 11:41:49 +0000 2013
382832307213971456;Wed Sep 25 11:41:49 +0000 2013
382832317690937344;Wed Sep 25 11:41:51 +0000 2013
382832340869087232;Wed Sep 25 11:41:57 +0000 2013
382832345562087425;Wed Sep 25 11:41:58 +0000 2013
382832349265678336;Wed Sep 25 11:41:59 +0000 2013
382832357398417408;Wed Sep 25 11:42:01 +0000 2013
382832371088633856;Wed Sep 25 11:42:04 +0000 2013
382832373471010817;Wed Sep 25 11:42:05 +0000 2013
382832419658682368;Wed Sep 25 11:42:16 +0000 2013
382832485190488064;Wed Sep 25 11:42:31 +0000 2013
382832503297687552;Wed Sep 25 11:42:36 +0000 2013
382832532070211584;Wed Sep 25 11:42:42 +0000 2013
382832542065229824;Wed Sep 25 11:42:45 +0000 2013
382832558582403072;Wed Sep 25 11:42:49 +0000 2013
382832559312220161;Wed Sep 25 11:42:49 +0000 2013
382832560029462529;Wed Sep 25 11:42:49 +0000 2013
382832560704733184;Wed Sep 25 11:42:49 +0000 2013
382832561291939840;Wed Sep 25 11:42:49 +0000 2013
382832589410533376;Wed Sep 25 11:42:56 +0000 2013
382832608289095680;Wed Sep 25 11:43:01 +0000 2013
382832613716537344;Wed Sep 25 11:43:02 +0000 2013
382832635627978752;Wed Sep 25 11:43:07 +0000 2013
382832643383255040;Wed Sep 25 11:43:09 +0000 2013
382832648353497089;Wed Sep 25 11:43:10 +0000 2013
382832652388024321;Wed Sep 25 11:43:11 +0000 2013
382832669916430336;Wed Sep 25 11:43:15 +0000 2013
382832682604183552;Wed Sep 25 11:43:18 +0000 2013
382832696885805056;Wed Sep 25 11:43:22 +0000 2013
382832697862651904;Wed Sep 25 11:43:22 +0000 2013
382832700673253377;Wed Sep 25 11:43:23 +0000 2013
382832713864314880;Wed Sep 25 11:43:26 +0000 2013
382832736320249856;Wed Sep 25 11:43:31 +0000 2013
382832750883241984;Wed Sep 25 11:43:35 +0000 2013
382832753974050816;Wed Sep 25 11:43:35 +0000 2013
382832757069475840;Wed Sep 25 11:43:36 +0000 2013
382832759531515905;Wed Sep 25 11:43:37 +0000 2013
382832765148090368;Wed Sep 25 11:43:38 +0000 2013
382832785108389888;Wed Sep 25 11:43:43 +0000 2013
382832788719689729;Wed Sep 25 11:43:44 +0000 2013
382832791848636416;Wed Sep 25 11:43:44 +0000 2013
382832800669642752;Wed Sep 25 11:43:47 +0000 2013
382832810026758144;Wed Sep 25 11:43:49 +0000 2013
382832816301420544;Wed Sep 25 11:43:50 +0000 2013
382832824426192897;Wed Sep 25 11:43:52 +0000 2013
382832825759981568;Wed Sep 25 11:43:53 +0000 2013
382832850825150464;Wed Sep 25 11:43:58 +0000 2013
382832872278593536;Wed Sep 25 11:44:04 +0000 2013
382832930638553088;Wed Sep 25 11:44:18 +0000 2013
382832937458470912;Wed Sep 25 11:44:19 +0000 2013
382832941522755584;Wed Sep 25 11:44:20 +0000 2013
382832973088702464;Wed Sep 25 11:44:28 +0000 2013
382832975735312384;Wed Sep 25 11:44:28 +0000 2013
382832990763483140;Wed Sep 25 11:44:32 +0000 2013
382833021268660224;Wed Sep 25 11:44:39 +0000 2013
382833041149665280;Wed Sep 25 11:44:44 +0000 2013
382833050129678336;Wed Sep 25 11:44:46 +0000 2013
382833052214644736;Wed Sep 25 11:44:47 +0000 2013
382833054357917696;Wed Sep 25 11:44:47 +0000 2013
382833059210334208;Wed Sep 25 11:44:48 +0000 2013
382833059529490432;Wed Sep 25 11:44:48 +0000 2013
382833100323303424;Wed Sep 25 11:44:58 +0000 2013
382833105431564288;Wed Sep 25 11:44:59 +0000 2013
382833112696111104;Wed Sep 25 11:45:01 +0000 2013
382833115892547584;Wed Sep 25 11:45:02 +0000 2013
382833129519865856;Wed Sep 25 11:45:05 +0000 2013
382833144623140864;Wed Sep 25 11:45:09 +0000 2013
382833148922314753;Wed Sep 25 11:45:10 +0000 2013
382833154764972033;Wed Sep 25 11:45:11 +0000 2013
382833155616432129;Wed Sep 25 11:45:11 +0000 2013
382833163904360448;Wed Sep 25 11:45:13 +0000 2013
382833167063089152;Wed Sep 25 11:45:14 +0000 2013
382833167163740160;Wed Sep 25 11:45:14 +0000 2013
382833168820486144;Wed Sep 25 11:45:14 +0000 2013
382833193680117760;Wed Sep 25 11:45:20 +0000 2013
382833223291912192;Wed Sep 25 11:45:27 +0000 2013
382833245814919168;Wed Sep 25 11:45:33 +0000 2013
382833249820483584;Wed Sep 25 11:45:34 +0000 2013
382833254015180800;Wed Sep 25 11:45:35 +0000 2013
382833266610274304;Wed Sep 25 11:45:38 +0000 2013
382833268410048512;Wed Sep 25 11:45:38 +0000 2013
382833282989441024;Wed Sep 25 11:45:42 +0000 2013
382833286516453376;Wed Sep 25 11:45:42 +0000 2013
382833289418903552;Wed Sep 25 11:45:43 +0000 2013
382833289439879169;Wed Sep 25 11:45:43 +0000 2013
382833309086003200;Wed Sep 25 11:45:48 +0000 2013
382833313276526592;Wed Sep 25 11:45:49 +0000 2013
382833358088069120;Wed Sep 25 11:45:59 +0000 2013
382833363016380416;Wed Sep 25 11:46:01 +0000 2013
382833365092925440;Wed Sep 25 11:46:01 +0000 2013
382833381232230401;Wed Sep 25 11:46:05 +0000 2013
382833426552074240;Wed Sep 25 11:46:16 +0000 2013
382833448114978816;Wed Sep 25 11:46:21 +0000 2013
382833488640372736;Wed Sep 25 11:46:31 +0000 2013
382833495459909632;Wed Sep 25 11:46:32 +0000 2013
382833507413671936;Wed Sep 25 11:46:35 +0000 2013
382833525172748288;Wed Sep 25 11:46:39 +0000 2013
382833528603676672;Wed Sep 25 11:46:40 +0000 2013
382833535372886016;Wed Sep 25 11:46:42 +0000 2013
382833545179574272;Wed Sep 25 11:46:44 +0000 2013
382833589462659072;Wed Sep 25 11:46:55 +0000 2013
382833591937269760;Wed Sep 25 11:46:55 +0000 2013
382833598707281920;Wed Sep 25 11:46:57 +0000 2013
382833615165345792;Wed Sep 25 11:47:01 +0000 2013
382833633951617025;Wed Sep 25 11:47:05 +0000 2013
382833642214797312;Wed Sep 25 11:47:07 +0000 2013
382833643426947072;Wed Sep 25 11:47:07 +0000 2013
382833671449104384;Wed Sep 25 11:47:14 +0000 2013
382833737777827840;Wed Sep 25 11:47:30 +0000 2013
382833754890182656;Wed Sep 25 11:47:34 +0000 2013
382833757935247360;Wed Sep 25 11:47:35 +0000 2013
382833768173961216;Wed Sep 25 11:47:37 +0000 2013
382833773345517568;Wed Sep 25 11:47:38 +0000 2013
382833790105960448;Wed Sep 25 11:47:42 +0000 2013
382833826063712256;Wed Sep 25 11:47:51 +0000 2013
382833832644575232;Wed Sep 25 11:47:53 +0000 2013
382833847433306114;Wed Sep 25 11:47:56 +0000 2013
382833858066276352;Wed Sep 25 11:47:59 +0000 2013
382833921609990144;Wed Sep 25 11:48:14 +0000 2013
382833930333724672;Wed Sep 25 11:48:16 +0000 2013
382833935040143360;Wed Sep 25 11:48:17 +0000 2013
382833940785938432;Wed Sep 25 11:48:18 +0000 2013
382833952911659008;Wed Sep 25 11:48:21 +0000 2013
382833954409041920;Wed Sep 25 11:48:22 +0000 2013
382833962877333504;Wed Sep 25 11:48:24 +0000 2013
382833977704607744;Wed Sep 25 11:48:27 +0000 2013
382833997023178752;Wed Sep 25 11:48:32 +0000 2013
382834005021712384;Wed Sep 25 11:48:34 +0000 2013
382834060822724611;Wed Sep 25 11:48:47 +0000 2013
382834094108733442;Wed Sep 25 11:48:55 +0000 2013
382834099846537216;Wed Sep 25 11:48:56 +0000 2013
382834100312489984;Wed Sep 25 11:48:56 +0000 2013
382834112006197248;Wed Sep 25 11:48:59 +0000 2013
382834115864559616;Wed Sep 25 11:49:00 +0000 2013
382834142356189184;Wed Sep 25 11:49:06 +0000 2013
382834143278948353;Wed Sep 25 11:49:07 +0000 2013
382834176783036416;Wed Sep 25 11:49:15 +0000 2013
382834216116830209;Wed Sep 25 11:49:24 +0000 2013
382834237411299328;Wed Sep 25 11:49:29 +0000 2013
382834241899614208;Wed Sep 25 11:49:30 +0000 2013
382834263915499520;Wed Sep 25 11:49:35 +0000 2013
382834323264905216;Wed Sep 25 11:49:50 +0000 2013
382834371494821889;Wed Sep 25 11:50:01 +0000 2013
382834389111291905;Wed Sep 25 11:50:05 +0000 2013
382834403254087681;Wed Sep 25 11:50:09 +0000 2013
382834415325310976;Wed Sep 25 11:50:11 +0000 2013
382834432669155328;Wed Sep 25 11:50:16 +0000 2013
382834434648866816;Wed Sep 25 11:50:16 +0000 2013
382834440374067200;Wed Sep 25 11:50:17 +0000 2013
382834441069932544;Wed Sep 25 11:50:18 +0000 2013
382834444647673856;Wed Sep 25 11:50:18 +0000 2013
382834448997163009;Wed Sep 25 11:50:20 +0000 2013
382834494732242944;Wed Sep 25 11:50:30 +0000 2013
382834502193930241;Wed Sep 25 11:50:32 +0000 2013
382834533772447744;Wed Sep 25 11:50:40 +0000 2013
382834562285334528;Wed Sep 25 11:50:47 +0000 2013
382834572591132672;Wed Sep 25 11:50:49 +0000 2013
382834575711297537;Wed Sep 25 11:50:50 +0000 2013
382834575921004544;Wed Sep 25 11:50:50 +0000 2013
382834577271554048;Wed Sep 25 11:50:50 +0000 2013
382834607357321218;Wed Sep 25 11:50:57 +0000 2013
382834638906863616;Wed Sep 25 11:51:05 +0000 2013
382834650290593792;Wed Sep 25 11:51:08 +0000 2013
382834662479245312;Wed Sep 25 11:51:10 +0000 2013
382834675254702081;Wed Sep 25 11:51:13 +0000 2013
382834679407071233;Wed Sep 25 11:51:14 +0000 2013
382834687120375808;Wed Sep 25 11:51:16 +0000 2013
382834773011742720;Wed Sep 25 11:51:37 +0000 2013
382834788819677184;Wed Sep 25 11:51:41 +0000 2013
382834837037789184;Wed Sep 25 11:51:52 +0000 2013
382834856419291136;Wed Sep 25 11:51:57 +0000 2013
382834863117959168;Wed Sep 25 11:51:58 +0000 2013
382834863529017344;Wed Sep 25 11:51:58 +0000 2013
382834872177262592;Wed Sep 25 11:52:00 +0000 2013
382834893752778754;Wed Sep 25 11:52:06 +0000 2013
382834908617388033;Wed Sep 25 11:52:09 +0000 2013
382834940695425024;Wed Sep 25 11:52:17 +0000 2013
382834948257742848;Wed Sep 25 11:52:19 +0000 2013
382834960173764608;Wed Sep 25 11:52:21 +0000 2013
382834973797253120;Wed Sep 25 11:52:25 +0000 2013
382834998836879360;Wed Sep 25 11:52:31 +0000 2013
382835026809081857;Wed Sep 25 11:52:37 +0000 2013
382835027433644032;Wed Sep 25 11:52:37 +0000 2013
382835045956059136;Wed Sep 25 11:52:42 +0000 2013
382835050464567296;Wed Sep 25 11:52:43 +0000 2013
382835051597029376;Wed Sep 25 11:52:43 +0000 2013
382835061324021760;Wed Sep 25 11:52:46 +0000 2013
382835061478789121;Wed Sep 25 11:52:46 +0000 2013
382835089136439296;Wed Sep 25 11:52:52 +0000 2013
382835090478202880;Wed Sep 25 11:52:53 +0000 2013
382835096140906496;Wed Sep 25 11:52:54 +0000 2013
382835130899103744;Wed Sep 25 11:53:02 +0000 2013
382835136427208704;Wed Sep 25 11:53:03 +0000 2013
382835147994701824;Wed Sep 25 11:53:06 +0000 2013
382835167494410240;Wed Sep 25 11:53:11 +0000 2013
382835188457553920;Wed Sep 25 11:53:16 +0000 2013
382835224964759552;Wed Sep 25 11:53:25 +0000 2013
382835270338367488;Wed Sep 25 11:53:35 +0000 2013
382835299602419712;Wed Sep 25 11:53:42 +0000 2013
382835307730567169;Wed Sep 25 11:53:44 +0000 2013
382835308217118720;Wed Sep 25 11:53:44 +0000 2013
382835310352420864;Wed Sep 25 11:53:45 +0000 2013
382835318841298944;Wed Sep 25 11:53:47 +0000 2013
382835377788035074;Wed Sep 25 11:54:01 +0000 2013
382835409358553088;Wed Sep 25 11:54:08 +0000 2013
382835418653151232;Wed Sep 25 11:54:11 +0000 2013
382835425867751424;Wed Sep 25 11:54:12 +0000 2013
382835427154997248;Wed Sep 25 11:54:13 +0000 2013
382835466095329280;Wed Sep 25 11:54:22 +0000 2013
382835466141437952;Wed Sep 25 11:54:22 +0000 2013
382835467357814784;Wed Sep 25 11:54:22 +0000 2013
382835479814492160;Wed Sep 25 11:54:25 +0000 2013
382835526648098816;Wed Sep 25 11:54:36 +0000 2013
382835554397589504;Wed Sep 25 11:54:43 +0000 2013
382835569912737792;Wed Sep 25 11:54:47 +0000 2013
382835582595919872;Wed Sep 25 11:54:50 +0000 2013
382835612673642496;Wed Sep 25 11:54:57 +0000 2013
382835613960896512;Wed Sep 25 11:54:57 +0000 2013
382835614820745216;Wed Sep 25 11:54:57 +0000 2013
382835615349604352;Wed Sep 25 11:54:58 +0000 2013
382835676779413505;Wed Sep 25 11:55:12 +0000 2013
382835715136323584;Wed Sep 25 11:55:21 +0000 2013
382835718650744833;Wed Sep 25 11:55:22 +0000 2013
382835725437136898;Wed Sep 25 11:55:24 +0000 2013
382835732886585344;Wed Sep 25 11:55:26 +0000 2013
382835733658345472;Wed Sep 25 11:55:26 +0000 2013
382835734572699648;Wed Sep 25 11:55:26 +0000 2013
382835743896240128;Wed Sep 25 11:55:28 +0000 2013
382835746778124288;Wed Sep 25 11:55:29 +0000 2013
382835751185940480;Wed Sep 25 11:55:30 +0000 2013
382835754302308353;Wed Sep 25 11:55:31 +0000 2013
382835779392651264;Wed Sep 25 11:55:37 +0000 2013
382835784673288192;Wed Sep 25 11:55:38 +0000 2013
382835790444630018;Wed Sep 25 11:55:39 +0000 2013
382835814918782976;Wed Sep 25 11:55:45 +0000 2013
382835871919001601;Wed Sep 25 11:55:59 +0000 2013
382835908330139648;Wed Sep 25 11:56:07 +0000 2013
382835913610780673;Wed Sep 25 11:56:09 +0000 2013
382835928265670656;Wed Sep 25 11:56:12 +0000 2013
382835950831017984;Wed Sep 25 11:56:18 +0000 2013
382835955167551489;Wed Sep 25 11:56:19 +0000 2013
382835984637112320;Wed Sep 25 11:56:26 +0000 2013
382836020552929280;Wed Sep 25 11:56:34 +0000 2013
382836049472262144;Wed Sep 25 11:56:41 +0000 2013
382836063871311872;Wed Sep 25 11:56:45 +0000 2013
382836065666482176;Wed Sep 25 11:56:45 +0000 2013
382836073879326720;Wed Sep 25 11:56:47 +0000 2013
382836097358643201;Wed Sep 25 11:56:53 +0000 2013
382836107895119872;Wed Sep 25 11:56:55 +0000 2013
382836120397959168;Wed Sep 25 11:56:58 +0000 2013
382836123174985728;Wed Sep 25 11:56:59 +0000 2013
382836129026039808;Wed Sep 25 11:57:00 +0000 2013
382836134528573441;Wed Sep 25 11:57:01 +0000 2013
382836142510710784;Wed Sep 25 11:57:03 +0000 2013
382836143777406976;Wed Sep 25 11:57:04 +0000 2013
382836160160333824;Wed Sep 25 11:57:07 +0000 2013
382836161086910465;Wed Sep 25 11:57:08 +0000 2013
382836168431120384;Wed Sep 25 11:57:09 +0000 2013
382836172827144192;Wed Sep 25 11:57:11 +0000 2013
382836180070727680;Wed Sep 25 11:57:12 +0000 2013
382836185674309632;Wed Sep 25 11:57:14 +0000 2013
382836196944404480;Wed Sep 25 11:57:16 +0000 2013
382836200286871552;Wed Sep 25 11:57:17 +0000 2013
382836203109613569;Wed Sep 25 11:57:18 +0000 2013
382836208088666112;Wed Sep 25 11:57:19 +0000 2013
382836208155754496;Wed Sep 25 11:57:19 +0000 2013
382836234814369792;Wed Sep 25 11:57:25 +0000 2013
382836237888790529;Wed Sep 25 11:57:26 +0000 2013
382836240057262082;Wed Sep 25 11:57:27 +0000 2013
382836250467528704;Wed Sep 25 11:57:29 +0000 2013
382836250794672128;Wed Sep 25 11:57:29 +0000 2013
382836256859627521;Wed Sep 25 11:57:31 +0000 2013
382836263696748544;Wed Sep 25 11:57:32 +0000 2013
382836264317497344;Wed Sep 25 11:57:32 +0000 2013
382836279315939328;Wed Sep 25 11:57:36 +0000 2013
382836292452491265;Wed Sep 25 11:57:39 +0000 2013
382836313562435584;Wed Sep 25 11:57:44 +0000 2013
382836322995408897;Wed Sep 25 11:57:46 +0000 2013
382836332638527488;Wed Sep 25 11:57:49 +0000 2013
382836341546819584;Wed Sep 25 11:57:51 +0000 2013
382836357879435264;Wed Sep 25 11:57:55 +0000 2013
382836458626641920;Wed Sep 25 11:58:19 +0000 2013
382836471087906819;Wed Sep 25 11:58:22 +0000 2013
382836475781316610;Wed Sep 25 11:58:23 +0000 2013
382836486011224064;Wed Sep 25 11:58:25 +0000 2013
382836487064006657;Wed Sep 25 11:58:25 +0000 2013
382836495943335937;Wed Sep 25 11:58:28 +0000 2013
382836521227026432;Wed Sep 25 11:58:34 +0000 2013
382836524947345408;Wed Sep 25 11:58:34 +0000 2013
382836533276844032;Wed Sep 25 11:58:36 +0000 2013
382836550423154688;Wed Sep 25 11:58:41 +0000 2013
382836555997396992;Wed Sep 25 11:58:42 +0000 2013
382836561743593472;Wed Sep 25 11:58:43 +0000 2013
382836574175502336;Wed Sep 25 11:58:46 +0000 2013
382836639502200832;Wed Sep 25 11:59:02 +0000 2013
382836649521995776;Wed Sep 25 11:59:04 +0000 2013
382836685257453568;Wed Sep 25 11:59:13 +0000 2013
382836685656305664;Wed Sep 25 11:59:13 +0000 2013
382836697630654464;Wed Sep 25 11:59:16 +0000 2013
382836701371965441;Wed Sep 25 11:59:17 +0000 2013
382836704409026560;Wed Sep 25 11:59:17 +0000 2013
382836715607441409;Wed Sep 25 11:59:20 +0000 2013
382836736595722240;Wed Sep 25 11:59:25 +0000 2013
382836771584634880;Wed Sep 25 11:59:33 +0000 2013
382836782888280064;Wed Sep 25 11:59:36 +0000 2013
382836823040335873;Wed Sep 25 11:59:46 +0000 2013
382836831576158208;Wed Sep 25 11:59:48 +0000 2013
382836834620805121;Wed Sep 25 11:59:48 +0000 2013
382836834914426881;Wed Sep 25 11:59:48 +0000 2013
382836862546493440;Wed Sep 25 11:59:55 +0000 2013
382836873820778496;Wed Sep 25 11:59:58 +0000 2013
382836884126183425;Wed Sep 25 12:00:00 +0000 2013
382836891944357888;Wed Sep 25 12:00:02 +0000 2013
382836898974035969;Wed Sep 25 12:00:04 +0000 2013
382836912069050368;Wed Sep 25 12:00:07 +0000 2013
382836957916573698;Wed Sep 25 12:00:18 +0000 2013
382836962047963136;Wed Sep 25 12:00:19 +0000 2013
382836963964747776;Wed Sep 25 12:00:19 +0000 2013
382836979164905472;Wed Sep 25 12:00:23 +0000 2013
382836979466903552;Wed Sep 25 12:00:23 +0000 2013
382837010882240512;Wed Sep 25 12:00:30 +0000 2013
382837027760504832;Wed Sep 25 12:00:34 +0000 2013
382837030662598656;Wed Sep 25 12:00:35 +0000 2013
382837032612950016;Wed Sep 25 12:00:36 +0000 2013
382837044109537280;Wed Sep 25 12:00:38 +0000 2013
382837053022429185;Wed Sep 25 12:00:40 +0000 2013
382837082202177536;Wed Sep 25 12:00:47 +0000 2013
382837087495815168;Wed Sep 25 12:00:49 +0000 2013
382837106491412480;Wed Sep 25 12:00:53 +0000 2013
382837129753018368;Wed Sep 25 12:00:59 +0000 2013
382837135822577664;Wed Sep 25 12:01:00 +0000 2013
382837140033269760;Wed Sep 25 12:01:01 +0000 2013
382837156487524352;Wed Sep 25 12:01:05 +0000 2013
382837177484210176;Wed Sep 25 12:01:10 +0000 2013
382837191509942272;Wed Sep 25 12:01:13 +0000 2013
382837200976887808;Wed Sep 25 12:01:16 +0000 2013
382837206093553664;Wed Sep 25 12:01:17 +0000 2013
382837214042132480;Wed Sep 25 12:01:19 +0000 2013
382837286297415680;Wed Sep 25 12:01:36 +0000 2013
382837290029957120;Wed Sep 25 12:01:37 +0000 2013
382837300935131136;Wed Sep 25 12:01:39 +0000 2013
382837306651983872;Wed Sep 25 12:01:41 +0000 2013
382837306920423426;Wed Sep 25 12:01:41 +0000 2013
382837314747400192;Wed Sep 25 12:01:43 +0000 2013
382837321294286849;Wed Sep 25 12:01:44 +0000 2013
382837343792529408;Wed Sep 25 12:01:50 +0000 2013
382837394757517313;Wed Sep 25 12:02:02 +0000 2013
382837403402002433;Wed Sep 25 12:02:04 +0000 2013
382837411496992768;Wed Sep 25 12:02:06 +0000 2013
382837428857221120;Wed Sep 25 12:02:10 +0000 2013
382837439435669504;Wed Sep 25 12:02:12 +0000 2013
382837443826679808;Wed Sep 25 12:02:14 +0000 2013
382837450076217344;Wed Sep 25 12:02:15 +0000 2013
382837466874785792;Wed Sep 25 12:02:19 +0000 2013
382837479147335681;Wed Sep 25 12:02:22 +0000 2013
382837486143041536;Wed Sep 25 12:02:24 +0000 2013
382837489897316352;Wed Sep 25 12:02:25 +0000 2013
382837500374294528;Wed Sep 25 12:02:27 +0000 2013
382837518955065344;Wed Sep 25 12:02:31 +0000 2013
382837519861051392;Wed Sep 25 12:02:32 +0000 2013
382837523417821185;Wed Sep 25 12:02:33 +0000 2013
382837533391851520;Wed Sep 25 12:02:35 +0000 2013
382837568527560704;Wed Sep 25 12:02:43 +0000 2013
382837583362809856;Wed Sep 25 12:02:47 +0000 2013
382837605697474560;Wed Sep 25 12:02:52 +0000 2013
382837614610358272;Wed Sep 25 12:02:54 +0000 2013
382837614836858880;Wed Sep 25 12:02:54 +0000 2013
