_unit_id;_last_judgment_at
917882520;3/28/2016 09:44:24
917882521;3/28/2016 09:10:17
917882522;3/28/2016 08:45:15
917882523;3/28/2016 08:39:41
917882524;3/28/2016 08:39:24
917882525;3/28/2016 08:44:31
917882526;3/28/2016 09:01:28
917882527;3/28/2016 08:36:41
917882528;3/28/2016 08:39:24
917882529;3/28/2016 08:52:25
917882530;3/28/2016 09:00:23
917882531;3/28/2016 08:39:41
917882532;3/28/2016 08:51:38
917882533;3/28/2016 09:10:19
917882534;3/28/2016 09:59:27
917882535;3/28/2016 08:35:28
917882536;3/28/2016 09:28:14
917882537;3/28/2016 09:44:24
917882538;3/28/2016 08:45:15
917882539;3/28/2016 09:13:06
917882540;3/28/2016 09:12:38
917882541;3/28/2016 09:42:53
917882542;3/28/2016 09:44:51
917882543;3/28/2016 09:01:28
917882544;3/28/2016 09:59:27
917882545;3/28/2016 08:39:24
917882546;3/28/2016 08:39:24
917882547;3/28/2016 08:42:30
917882548;3/28/2016 09:10:19
917882549;3/28/2016 08:34:33
917882550;3/28/2016 09:10:17
917882551;3/28/2016 09:46:17
917882552;3/28/2016 09:12:38
917882553;3/28/2016 09:01:28
917882554;3/28/2016 08:46:26
917882555;3/28/2016 08:45:38
917882556;3/28/2016 08:51:28
917882557;3/28/2016 09:15:01
917882558;3/28/2016 08:38:21
917882559;3/28/2016 09:45:11
917882560;3/28/2016 09:02:33
917882561;3/28/2016 08:55:45
917882562;3/28/2016 09:32:03
917882563;3/28/2016 08:51:38
917882564;3/28/2016 09:29:22
917882565;3/28/2016 09:20:55
917882566;3/28/2016 08:43:29
917882567;3/28/2016 09:32:03
917882568;3/28/2016 09:13:06
917882569;3/28/2016 08:29:37
917882570;3/28/2016 09:14:46
917882571;3/28/2016 09:20:55
917882572;3/28/2016 09:41:38
917882573;3/28/2016 08:44:31
917882574;3/28/2016 08:38:21
917882575;3/28/2016 09:15:38
917882576;3/28/2016 08:51:11
917882577;3/28/2016 09:31:22
917882578;3/28/2016 09:28:14
917882579;3/28/2016 09:02:33
917882580;3/28/2016 08:35:25
917882581;3/28/2016 09:46:17
917882582;3/28/2016 08:35:26
917882583;3/28/2016 09:18:06
917882584;3/28/2016 08:43:29
917882585;3/28/2016 09:42:53
917882586;3/28/2016 09:34:30
917882587;3/28/2016 09:10:19
917882588;3/28/2016 09:45:11
917882589;3/28/2016 08:38:52
917882590;3/28/2016 08:58:08
917882591;3/28/2016 09:13:06
917882592;3/28/2016 09:34:30
917882593;3/28/2016 09:44:24
917882594;3/28/2016 09:33:48
917882595;3/28/2016 08:51:38
917882596;3/28/2016 09:15:38
917882597;3/28/2016 09:07:01
917882598;3/28/2016 08:35:26
917882599;3/28/2016 08:34:33
917882600;3/28/2016 08:58:08
917882601;3/28/2016 09:14:22
917882602;3/28/2016 09:10:17
917882603;3/28/2016 09:46:17
917882604;3/28/2016 09:45:11
917882605;3/28/2016 08:45:38
917882606;3/28/2016 09:32:03
917882607;3/28/2016 09:31:22
917882608;3/28/2016 09:05:37
917882609;3/28/2016 09:42:53
917882610;3/28/2016 09:46:17
917882611;3/28/2016 08:35:26
917882612;3/28/2016 08:39:24
917882613;3/28/2016 08:52:25
917882614;3/28/2016 09:31:22
917882615;3/28/2016 08:39:24
917882616;3/28/2016 09:37:56
917882617;3/28/2016 08:55:45
917882618;3/28/2016 08:58:08
917882619;3/28/2016 09:29:22
917882621;3/28/2016 08:36:41
917882622;3/28/2016 09:18:06
917882623;3/28/2016 09:32:03
917882624;3/28/2016 08:55:45
917882625;3/28/2016 09:59:27
917882626;3/28/2016 09:20:55
917882627;3/28/2016 09:15:38
917882628;3/28/2016 09:13:06
917882629;3/28/2016 08:42:30
917882630;3/28/2016 09:12:17
917882631;3/28/2016 09:28:14
917882632;3/28/2016 09:24:54
917882633;3/28/2016 08:45:38
917882634;3/28/2016 09:28:14
917882635;3/28/2016 09:00:23
917882636;3/28/2016 08:45:15
917882637;3/28/2016 09:02:33
917882638;3/28/2016 09:29:22
917882639;3/28/2016 08:43:29
917882640;3/28/2016 09:12:38
917882641;3/28/2016 08:39:41
917882642;3/28/2016 09:18:06
917882643;3/28/2016 09:18:06
917882644;3/28/2016 09:12:38
917882645;3/28/2016 09:29:22
917882646;3/28/2016 08:36:41
917882647;3/28/2016 09:33:48
917882648;3/28/2016 09:34:30
917882649;3/28/2016 09:14:46
917882650;3/28/2016 08:35:25
917882651;3/28/2016 09:37:56
917882652;3/28/2016 08:38:52
917882653;3/28/2016 09:12:38
917882654;3/28/2016 08:51:11
917882655;3/28/2016 09:33:48
917882656;3/28/2016 08:35:28
917882657;3/28/2016 09:00:23
917882658;3/28/2016 09:00:23
917882659;3/28/2016 09:05:37
917882660;3/28/2016 09:32:03
917882661;3/28/2016 09:46:17
917882662;3/28/2016 08:29:37
917882663;3/28/2016 09:37:56
917882664;3/28/2016 09:04:45
917882665;3/28/2016 09:31:22
917882666;3/28/2016 09:04:45
917882667;3/28/2016 09:10:19
917882668;3/28/2016 08:55:45
917882669;3/28/2016 09:04:45
917882670;3/28/2016 08:34:33
917882671;3/28/2016 09:24:54
917882672;3/28/2016 09:24:54
917882673;3/28/2016 09:12:38
917882674;3/28/2016 09:44:51
917882675;3/28/2016 09:37:56
917882676;3/28/2016 09:28:14
917882677;3/28/2016 08:55:45
917882678;3/28/2016 08:35:25
917882679;3/28/2016 08:35:25
917882680;3/28/2016 08:35:28
917882681;3/28/2016 09:14:46
917882682;3/28/2016 09:42:53
917882683;3/28/2016 09:15:38
917882684;3/28/2016 08:46:26
917882685;3/28/2016 09:10:17
917882686;3/28/2016 08:44:31
917882687;3/28/2016 09:29:22
917882688;3/28/2016 08:44:31
917882689;3/28/2016 09:44:24
917882690;3/28/2016 08:38:21
917882691;3/28/2016 09:44:24
917882692;3/28/2016 09:28:14
917882693;3/28/2016 09:07:01
917882694;3/28/2016 09:15:01
917882695;3/28/2016 08:35:28
917882696;3/28/2016 08:29:37
917882697;3/28/2016 08:35:28
917882698;3/28/2016 09:27:16
917882699;3/28/2016 09:13:06
917882700;3/28/2016 08:58:08
917882701;3/28/2016 09:18:06
917882702;3/28/2016 09:07:01
917882703;3/28/2016 09:32:03
917882704;3/28/2016 09:15:38
917882705;3/28/2016 08:39:41
917882706;3/28/2016 09:00:23
917882707;3/28/2016 08:36:16
917882708;3/28/2016 09:18:06
917882709;3/28/2016 09:44:24
917882710;3/28/2016 08:38:52
917882711;3/28/2016 09:14:22
917882712;3/28/2016 08:51:28
917882713;3/28/2016 08:35:26
917882714;3/28/2016 09:15:01
917882715;3/28/2016 08:46:26
917882716;3/28/2016 08:45:38
917882717;3/28/2016 09:10:17
917882718;3/28/2016 08:29:37
917882719;3/28/2016 09:01:28
917882720;3/28/2016 08:43:29
917882722;3/28/2016 09:27:16
917882723;3/28/2016 09:13:06
917882724;3/28/2016 08:44:31
917882725;3/28/2016 09:31:22
917882726;3/28/2016 09:05:37
917882727;3/28/2016 09:15:38
917882728;3/28/2016 08:35:26
917882729;3/28/2016 09:10:19
917882730;3/28/2016 09:12:17
917882731;3/28/2016 08:51:11
917882732;3/28/2016 08:29:37
917882733;3/28/2016 08:38:21
917882734;3/28/2016 09:01:28
917882735;3/28/2016 09:05:37
917882736;3/28/2016 09:41:38
917882737;3/28/2016 08:45:15
917882738;3/28/2016 08:36:16
917882739;3/28/2016 09:27:16
917882740;3/28/2016 09:41:38
917882741;3/28/2016 09:37:56
917882742;3/28/2016 09:31:22
917882743;3/28/2016 09:29:22
917882744;3/28/2016 08:46:26
917882745;3/28/2016 08:52:25
917882746;3/28/2016 09:59:27
917882747;3/28/2016 09:15:01
917882748;3/28/2016 09:27:16
917882749;3/28/2016 09:02:33
917882750;3/28/2016 09:29:22
917882751;3/28/2016 09:04:45
917882752;3/28/2016 08:29:37
917882753;3/28/2016 08:39:24
917882754;3/28/2016 09:12:38
917882755;3/28/2016 09:32:03
917882756;3/28/2016 08:35:25
917882757;3/28/2016 08:39:41
917882758;3/28/2016 09:24:54
917882759;3/28/2016 09:15:01
917882760;3/28/2016 08:38:21
917882761;3/28/2016 09:13:06
917882762;3/28/2016 09:15:38
917882763;3/28/2016 09:01:28
917882764;3/28/2016 08:51:38
917882765;3/28/2016 09:29:22
917882766;3/28/2016 08:38:52
917882767;3/28/2016 09:12:17
917882768;3/28/2016 09:07:01
917882769;3/28/2016 08:45:38
917882770;3/28/2016 08:51:28
917882771;3/28/2016 08:44:31
917882772;3/28/2016 09:37:56
917882773;3/28/2016 08:36:41
917882774;3/28/2016 09:31:22
917882775;3/28/2016 09:28:14
917882776;3/28/2016 08:52:25
917882777;3/28/2016 09:05:37
917882778;3/28/2016 09:41:38
917882779;3/28/2016 08:38:21
917882780;3/28/2016 09:24:54
917882781;3/28/2016 09:15:01
917882782;3/28/2016 09:07:01
917882783;3/28/2016 09:10:17
917882784;3/28/2016 08:51:11
917882785;3/28/2016 09:13:06
917882786;3/28/2016 08:38:52
917882787;3/28/2016 09:12:17
917882788;3/28/2016 08:39:41
917882789;3/28/2016 08:35:25
917882790;3/28/2016 09:27:16
917882791;3/28/2016 09:05:37
917882792;3/28/2016 09:01:28
917882793;3/28/2016 09:28:14
917882794;3/28/2016 08:46:26
917882795;3/28/2016 09:15:01
917882796;3/28/2016 08:35:26
917882797;3/28/2016 09:24:54
917882798;3/28/2016 09:44:51
917882799;3/28/2016 08:58:08
917882800;3/28/2016 08:38:52
917882801;3/28/2016 09:27:16
917882802;3/28/2016 09:14:46
917882803;3/28/2016 08:38:21
917882804;3/28/2016 08:44:31
917882805;3/28/2016 09:15:01
917882806;3/28/2016 09:34:30
917882807;3/28/2016 09:24:54
917882808;3/28/2016 09:41:38
917882809;3/28/2016 09:34:30
917882810;3/28/2016 08:51:38
917882811;3/28/2016 09:44:51
917882812;3/28/2016 08:35:25
917882813;3/28/2016 09:12:17
917882814;3/28/2016 08:52:25
917882815;3/28/2016 08:45:38
917882816;3/28/2016 09:14:22
917882817;3/28/2016 09:44:24
917882818;3/28/2016 09:14:22
917882819;3/28/2016 09:45:11
917882820;3/28/2016 09:07:01
917882821;3/28/2016 09:20:55
917882823;3/28/2016 09:28:14
917882824;3/28/2016 08:43:29
917882825;3/28/2016 08:52:25
917882826;3/28/2016 08:39:24
917882827;3/28/2016 08:45:15
917882828;3/28/2016 09:01:28
917882829;3/28/2016 09:15:38
917882830;3/28/2016 08:39:41
917882831;3/28/2016 08:46:26
917882832;3/28/2016 09:41:38
917882833;3/28/2016 08:51:28
917882834;3/28/2016 09:14:22
917882835;3/28/2016 09:02:33
917882836;3/28/2016 09:45:11
917882837;3/28/2016 09:10:17
917882838;3/28/2016 09:04:45
917882839;3/28/2016 08:46:26
917882840;3/28/2016 09:59:27
917882841;3/28/2016 08:34:33
917882842;3/28/2016 09:34:30
917882843;3/28/2016 09:12:38
917882844;3/28/2016 08:58:08
917882845;3/28/2016 09:10:19
917882846;3/28/2016 09:45:11
917882847;3/28/2016 09:10:19
917882848;3/28/2016 09:44:24
917882849;3/28/2016 09:12:38
917882850;3/28/2016 09:07:01
917882851;3/28/2016 09:42:53
917882852;3/28/2016 08:51:28
917882853;3/28/2016 08:51:28
917882854;3/28/2016 09:10:17
917882855;3/28/2016 09:45:11
917882856;3/28/2016 09:34:30
917882857;3/28/2016 09:10:19
917882858;3/28/2016 08:55:45
917882859;3/28/2016 09:31:22
917882860;3/28/2016 09:59:27
917882861;3/28/2016 09:00:23
917882862;3/28/2016 08:44:31
917882863;3/28/2016 09:05:37
917882864;3/28/2016 08:42:30
917882865;3/28/2016 09:27:16
917882866;3/28/2016 09:12:17
917882867;3/28/2016 09:12:17
917882868;3/28/2016 09:59:27
917882869;3/28/2016 08:38:52
917882870;3/28/2016 08:43:29
917882871;3/28/2016 08:35:26
917882872;3/28/2016 09:14:46
917882873;3/28/2016 08:52:25
917882874;3/28/2016 08:36:41
917882875;3/28/2016 08:51:11
917882876;3/28/2016 08:51:38
917882877;3/28/2016 08:51:38
917882878;3/28/2016 08:38:52
917882879;3/28/2016 08:51:11
917882880;3/28/2016 08:36:41
917882881;3/28/2016 09:10:19
917882882;3/28/2016 08:39:41
917882883;3/28/2016 09:07:01
917882884;3/28/2016 09:59:27
917882885;3/28/2016 09:00:23
917882886;3/28/2016 08:55:45
917882887;3/28/2016 08:39:24
917882888;3/28/2016 09:29:22
917882889;3/28/2016 09:42:53
917882890;3/28/2016 08:36:16
917882891;3/28/2016 09:45:11
917882892;3/28/2016 09:01:28
917882893;3/28/2016 08:38:21
917882894;3/28/2016 09:37:56
917882895;3/28/2016 09:14:46
917882896;3/28/2016 08:39:41
917882897;3/28/2016 08:51:28
917882898;3/28/2016 09:59:27
917882899;3/28/2016 09:05:37
917882900;3/28/2016 09:33:48
917882901;3/28/2016 08:43:29
917882902;3/28/2016 08:58:08
917882903;3/28/2016 08:34:33
917882904;3/28/2016 09:00:23
917882905;3/28/2016 08:36:41
917882906;3/28/2016 08:51:11
917882907;3/28/2016 08:45:38
917882908;3/28/2016 08:35:28
917882909;3/28/2016 08:38:52
917882910;3/28/2016 09:42:53
917882911;3/28/2016 09:34:30
917882912;3/28/2016 09:05:37
917882913;3/28/2016 09:02:33
917882914;3/28/2016 09:04:45
917882915;3/28/2016 08:51:38
917882916;3/28/2016 08:35:26
917882917;3/28/2016 08:34:33
917882918;3/28/2016 08:42:30
917882919;3/28/2016 08:45:15
917882920;3/28/2016 08:42:30
917882921;3/28/2016 09:44:51
917882922;3/28/2016 09:20:55
917882923;3/28/2016 09:02:33
917882924;3/28/2016 09:37:56
917882925;3/28/2016 09:42:53
917882926;3/28/2016 08:36:41
917882927;3/28/2016 09:41:38
917882928;3/28/2016 08:55:45
917882929;3/28/2016 08:35:28
917882930;3/28/2016 08:34:33
917882931;3/28/2016 08:42:30
917882932;3/28/2016 09:44:51
917882933;3/28/2016 08:45:15
917882934;3/28/2016 09:41:38
917882935;3/28/2016 08:52:25
917882936;3/28/2016 09:37:56
917882937;3/28/2016 09:33:48
917882938;3/28/2016 08:44:31
917882939;3/28/2016 08:36:16
917882940;3/28/2016 09:24:54
917882941;3/28/2016 09:12:17
917882942;3/28/2016 09:02:33
917882943;3/28/2016 09:02:33
917882944;3/28/2016 08:55:45
917882945;3/28/2016 08:36:16
917882946;3/28/2016 09:14:46
917882947;3/28/2016 08:36:16
917882948;3/28/2016 08:45:38
917882949;3/28/2016 08:42:30
917882950;3/28/2016 09:33:48
917882951;3/28/2016 09:33:48
917882952;3/28/2016 08:34:33
917882953;3/28/2016 09:14:22
917882954;3/28/2016 08:36:16
917882955;3/28/2016 08:29:37
917882956;3/28/2016 08:46:26
917882957;3/28/2016 08:35:28
917882958;3/28/2016 09:20:55
917882959;3/28/2016 08:36:16
917882960;3/28/2016 09:20:55
917882961;3/28/2016 08:45:15
917882962;3/28/2016 09:18:06
917882963;3/28/2016 09:33:48
917882964;3/28/2016 08:58:08
917882965;3/28/2016 09:27:16
917882966;3/28/2016 08:36:41
917882967;3/28/2016 09:41:38
917882968;3/28/2016 08:35:25
917882969;3/28/2016 09:14:22
917882970;3/28/2016 08:34:33
917882971;3/28/2016 09:14:22
917882972;3/28/2016 08:45:38
917882973;3/28/2016 09:44:51
917882974;3/28/2016 09:15:01
917882975;3/28/2016 08:45:15
917882976;3/28/2016 09:32:03
917882977;3/28/2016 09:18:06
917882978;3/28/2016 09:10:17
917882979;3/28/2016 08:52:25
917882980;3/28/2016 08:29:37
917882981;3/28/2016 09:33:48
917882982;3/28/2016 09:14:22
917882983;3/28/2016 09:15:38
917882984;3/28/2016 08:35:25
917882985;3/28/2016 09:07:01
917882986;3/28/2016 09:44:51
917882987;3/28/2016 09:14:46
917882988;3/28/2016 09:13:06
917882989;3/28/2016 08:51:11
917882990;3/28/2016 09:20:55
917882991;3/28/2016 09:44:24
917882992;3/28/2016 08:38:21
917882993;3/28/2016 09:04:45
917882994;3/28/2016 09:31:22
917882995;3/28/2016 08:58:08
917882996;3/28/2016 08:35:26
917882997;3/28/2016 08:42:30
917882998;3/28/2016 08:51:28
917882999;3/28/2016 09:04:45
917883000;3/28/2016 09:44:51
917883001;3/28/2016 08:36:16
917883002;3/28/2016 09:18:06
917883003;3/28/2016 09:00:23
917883004;3/28/2016 08:51:11
917883005;3/28/2016 09:20:55
917883006;3/28/2016 09:42:53
917883007;3/28/2016 09:04:45
917883008;3/28/2016 08:51:38
917883009;3/28/2016 09:14:46
917883010;3/28/2016 08:35:28
917883011;3/28/2016 09:45:11
917883012;3/28/2016 09:32:03
917883013;3/28/2016 09:34:30
917883014;3/28/2016 08:29:37
917883015;3/28/2016 09:27:16
917883016;3/28/2016 08:42:30
917883017;3/28/2016 08:43:29
917883018;3/28/2016 08:46:26
917883019;3/28/2016 09:24:54
917883020;3/28/2016 08:43:29
917883021;3/28/2016 09:12:17
917883022;3/28/2016 08:51:28
917883024;3/28/2016 10:53:42
917883025;3/28/2016 11:06:01
917883026;3/28/2016 10:55:48
917883027;3/28/2016 11:06:51
917883028;3/28/2016 10:58:05
917883029;3/28/2016 10:58:53
917883030;3/28/2016 10:57:51
917883031;3/28/2016 11:20:25
917883032;3/28/2016 10:52:41
917883033;3/28/2016 11:01:05
917883034;3/28/2016 11:06:35
917883035;3/28/2016 10:56:04
917883036;3/28/2016 10:56:43
917883037;3/28/2016 10:52:00
917883038;3/28/2016 11:00:12
917883039;3/28/2016 10:52:41
917883040;3/28/2016 10:59:46
917883041;3/28/2016 11:20:16
917883042;3/28/2016 10:55:35
917883043;3/28/2016 11:02:49
917883044;3/28/2016 10:52:05
917883045;3/28/2016 10:54:51
917883046;3/28/2016 10:54:55
917883047;3/28/2016 11:02:39
917883048;3/28/2016 11:29:27
917883049;3/28/2016 10:57:26
917883050;3/28/2016 11:02:39
917883051;3/28/2016 11:15:47
917883052;3/28/2016 10:58:11
917883053;3/28/2016 11:00:14
917883054;3/28/2016 10:53:43
917883055;3/28/2016 10:55:30
917883056;3/28/2016 11:31:30
917883057;3/28/2016 10:49:43
917883058;3/28/2016 10:56:43
917883059;3/28/2016 11:06:00
917883060;3/28/2016 11:06:00
917883061;3/28/2016 10:52:02
917883062;3/28/2016 10:57:56
917883063;3/28/2016 10:55:18
917883064;3/28/2016 10:49:43
917883065;3/28/2016 10:57:15
917883066;3/28/2016 10:56:59
917883067;3/28/2016 11:06:00
917883068;3/28/2016 11:20:35
917883069;3/28/2016 11:02:58
917883070;3/28/2016 10:54:04
917883071;3/28/2016 10:48:36
917883072;3/28/2016 10:58:46
917883073;3/28/2016 11:04:41
917883074;3/28/2016 10:57:10
917883075;3/28/2016 11:28:51
917883076;3/28/2016 10:57:56
917883077;3/28/2016 10:54:13
917883078;3/28/2016 10:55:48
917883079;3/28/2016 10:54:42
917883080;3/28/2016 10:58:53
917883081;3/28/2016 10:57:51
917883082;3/28/2016 11:20:16
917883083;3/28/2016 10:56:04
917883084;3/28/2016 10:52:43
917883085;3/28/2016 10:57:15
917883086;3/28/2016 11:31:30
917883087;3/28/2016 10:58:15
917883088;3/28/2016 11:01:05
917883089;3/28/2016 11:31:30
917883090;3/28/2016 10:57:41
917883091;3/28/2016 11:29:27
917883092;3/28/2016 11:03:56
917883093;3/28/2016 10:55:37
917883094;3/28/2016 11:04:53
917883095;3/28/2016 11:06:51
917883096;3/28/2016 10:57:41
917883097;3/28/2016 11:04:41
917883098;3/28/2016 10:52:02
917883099;3/28/2016 10:57:46
917883100;3/28/2016 11:17:14
917883101;3/28/2016 11:01:27
917883102;3/28/2016 10:55:24
917883103;3/28/2016 10:54:55
917883104;3/28/2016 11:25:22
917883105;3/28/2016 10:50:44
917883106;3/28/2016 10:53:43
917883107;3/28/2016 11:06:00
917883108;3/28/2016 10:56:24
917883109;3/28/2016 11:20:25
917883110;3/28/2016 11:00:14
917883111;3/28/2016 11:12:02
917883112;3/28/2016 10:54:48
917883113;3/28/2016 10:59:57
917883114;3/28/2016 10:54:48
917883115;3/28/2016 11:01:27
917883116;3/28/2016 10:59:57
917883117;3/28/2016 10:54:07
917883118;3/28/2016 10:54:04
917883119;3/28/2016 10:57:56
917883120;3/28/2016 10:54:55
917883121;3/28/2016 11:06:35
917883122;3/28/2016 11:01:05
917883123;3/28/2016 10:54:55
917883125;3/28/2016 11:20:06
917883126;3/28/2016 10:56:43
917883127;3/28/2016 10:53:49
917883128;3/28/2016 10:57:26
917883129;3/28/2016 11:06:35
917883130;3/28/2016 11:06:01
917883131;3/28/2016 10:57:55
917883132;3/28/2016 11:02:42
917883133;3/28/2016 10:57:41
917883134;3/28/2016 10:58:01
917883135;3/28/2016 11:31:30
917883136;3/28/2016 11:20:25
917883137;3/28/2016 10:49:43
917883138;3/28/2016 11:35:51
917883139;3/28/2016 10:57:46
917883140;3/28/2016 10:58:11
917883141;3/28/2016 11:03:56
917883142;3/28/2016 11:06:42
917883143;3/28/2016 11:28:51
917883144;3/28/2016 10:57:15
917883145;3/28/2016 11:00:12
917883146;3/28/2016 10:57:12
917883147;3/28/2016 10:52:41
917883148;3/28/2016 10:50:15
917883149;3/28/2016 10:58:11
917883150;3/28/2016 11:04:41
917883151;3/28/2016 11:02:58
917883152;3/28/2016 10:53:50
917883153;3/28/2016 10:59:02
917883154;3/28/2016 10:54:51
917883155;3/28/2016 10:58:15
917883156;3/28/2016 11:02:58
917883157;3/28/2016 10:51:36
917883158;3/28/2016 11:20:16
917883159;3/28/2016 10:54:55
917883160;3/28/2016 10:55:30
917883161;3/28/2016 11:06:00
917883162;3/28/2016 10:48:36
917883163;3/28/2016 10:52:05
917883164;3/28/2016 10:56:06
917883165;3/28/2016 11:31:30
917883166;3/28/2016 11:00:12
917883167;3/28/2016 11:01:05
917883168;3/28/2016 10:55:15
917883169;3/28/2016 11:00:06
917883170;3/28/2016 10:57:04
917883171;3/28/2016 11:29:27
917883172;3/28/2016 10:58:11
917883173;3/28/2016 11:28:51
917883174;3/28/2016 11:04:53
917883175;3/28/2016 11:01:27
917883176;3/28/2016 11:02:42
917883177;3/28/2016 11:56:17
917883178;3/28/2016 10:59:46
917883179;3/28/2016 10:54:04
917883180;3/28/2016 10:58:12
917883181;3/28/2016 11:20:06
917883182;3/28/2016 11:00:12
917883183;3/28/2016 10:58:46
917883184;3/28/2016 10:54:48
917883185;3/28/2016 11:29:27
917883186;3/28/2016 10:52:41
917883187;3/28/2016 11:00:28
917883188;3/28/2016 10:52:43
917883189;3/28/2016 10:53:49
917883190;3/28/2016 10:59:02
917883191;3/28/2016 11:04:53
917883192;3/28/2016 11:37:13
917883193;3/28/2016 11:20:35
917883194;3/28/2016 11:28:51
917883195;3/28/2016 10:56:59
917883196;3/28/2016 11:00:06
917883197;3/28/2016 11:02:49
917883198;3/28/2016 11:20:25
917883199;3/28/2016 11:02:39
917883200;3/28/2016 11:28:51
917883201;3/28/2016 10:57:55
917883202;3/28/2016 10:58:30
917883203;3/28/2016 10:52:41
917883204;3/28/2016 10:52:00
917883205;3/28/2016 11:37:13
917883206;3/28/2016 10:48:54
917883207;3/28/2016 10:57:10
917883208;3/28/2016 10:58:05
917883209;3/28/2016 11:56:17
917883210;3/28/2016 10:50:44
917883211;3/28/2016 10:58:30
917883212;3/28/2016 10:52:41
917883213;3/28/2016 10:55:24
917883214;3/28/2016 10:58:01
917883215;3/28/2016 10:58:11
917883216;3/28/2016 10:54:16
917883217;3/28/2016 11:04:53
917883218;3/28/2016 11:20:35
917883219;3/28/2016 11:01:05
917883220;3/28/2016 11:56:17
917883221;3/28/2016 11:01:27
917883222;3/28/2016 11:02:39
917883223;3/28/2016 11:02:58
917883224;3/28/2016 11:06:51
917883226;3/28/2016 11:00:12
917883227;3/28/2016 10:57:15
917883228;3/28/2016 10:46:59
917883229;3/28/2016 10:54:51
917883230;3/28/2016 11:04:41
917883231;3/28/2016 11:02:49
917883232;3/28/2016 11:02:42
917883233;3/28/2016 10:58:30
917883234;3/28/2016 11:03:56
917883235;3/28/2016 11:20:06
917883236;3/28/2016 10:53:49
917883237;3/28/2016 11:06:51
917883238;3/28/2016 10:56:43
917883239;3/28/2016 11:31:30
917883240;3/28/2016 10:54:55
917883241;3/28/2016 10:56:40
917883242;3/28/2016 11:19:20
917883243;3/28/2016 10:58:11
917883244;3/28/2016 11:12:02
917883245;3/28/2016 10:53:43
917883246;3/28/2016 10:55:24
917883247;3/28/2016 10:58:11
917883248;3/28/2016 10:56:04
917883249;3/28/2016 10:54:48
917883250;3/28/2016 11:00:14
917883251;3/28/2016 11:20:06
917883252;3/28/2016 10:54:42
917883253;3/28/2016 11:17:14
917883254;3/28/2016 11:56:17
917883255;3/28/2016 11:35:51
917883256;3/28/2016 11:56:17
917883257;3/28/2016 10:58:05
917883258;3/28/2016 10:59:45
917883259;3/28/2016 10:53:43
917883260;3/28/2016 11:28:51
917883261;3/28/2016 10:57:04
917883262;3/28/2016 10:58:01
917883263;3/28/2016 11:01:27
917883264;3/28/2016 10:53:49
917883265;3/28/2016 11:19:20
917883266;3/28/2016 10:55:24
917883267;3/28/2016 11:01:05
917883268;3/28/2016 10:54:42
917883269;3/28/2016 11:02:58
917883270;3/28/2016 10:54:04
917883271;3/28/2016 11:06:35
917883272;3/28/2016 11:00:14
917883273;3/28/2016 10:48:09
917883274;3/28/2016 11:01:05
917883275;3/28/2016 11:12:02
917883276;3/28/2016 10:52:41
917883277;3/28/2016 10:56:24
917883278;3/28/2016 10:53:49
917883279;3/28/2016 10:53:49
917883280;3/28/2016 10:54:07
917883281;3/28/2016 11:04:53
917883282;3/28/2016 10:49:04
917883283;3/28/2016 10:52:05
917883284;3/28/2016 11:12:02
917883285;3/28/2016 10:58:11
917883286;3/28/2016 11:25:22
917883287;3/28/2016 10:51:36
917883288;3/28/2016 10:58:53
917883289;3/28/2016 10:50:44
917883290;3/28/2016 10:57:12
917883291;3/28/2016 11:00:28
917883292;3/28/2016 11:00:06
917883293;3/28/2016 10:53:49
917883294;3/28/2016 10:55:18
917883295;3/28/2016 11:35:51
917883296;3/28/2016 10:59:57
917883297;3/28/2016 10:58:01
917883298;3/28/2016 11:00:06
917883299;3/28/2016 10:53:49
917883300;3/28/2016 11:06:51
917883301;3/28/2016 11:04:41
917883302;3/28/2016 11:02:58
917883303;3/28/2016 11:19:20
917883304;3/28/2016 10:56:40
917883305;3/28/2016 10:58:11
917883306;3/28/2016 11:17:14
917883307;3/28/2016 10:57:12
917883308;3/28/2016 10:55:37
917883309;3/28/2016 11:02:42
917883310;3/28/2016 10:50:15
917883311;3/28/2016 11:56:17
917883312;3/28/2016 10:52:05
917883313;3/28/2016 10:55:24
917883314;3/28/2016 11:08:03
917883315;3/28/2016 10:58:05
917883316;3/28/2016 10:57:15
917883317;3/28/2016 11:20:25
917883318;3/28/2016 11:19:20
917883319;3/28/2016 10:49:43
917883320;3/28/2016 11:00:28
917883321;3/28/2016 10:48:36
917883322;3/28/2016 10:52:00
917883323;3/28/2016 10:57:46
917883324;3/28/2016 10:46:59
917883325;3/28/2016 11:28:51
917883326;3/28/2016 10:49:04
917883327;3/28/2016 11:19:20
917883328;3/28/2016 11:04:53
917883329;3/28/2016 11:08:03
917883330;3/28/2016 10:52:00
917883331;3/28/2016 11:02:49
917883332;3/28/2016 10:56:59
917883333;3/28/2016 11:06:42
917883334;3/28/2016 10:58:30
917883335;3/28/2016 11:00:28
917883336;3/28/2016 10:53:43
917883337;3/28/2016 11:20:16
917883338;3/28/2016 10:56:59
917883339;3/28/2016 10:58:01
917883340;3/28/2016 10:56:59
917883341;3/28/2016 10:52:00
917883342;3/28/2016 11:28:51
917883343;3/28/2016 11:31:30
917883344;3/28/2016 10:46:59
917883345;3/28/2016 11:35:51
917883346;3/28/2016 10:58:05
917883347;3/28/2016 10:58:01
917883348;3/28/2016 10:50:15
917883349;3/28/2016 11:19:20
917883350;3/28/2016 10:50:44
917883351;3/28/2016 11:02:42
917883352;3/28/2016 10:53:50
917883353;3/28/2016 10:56:06
917883354;3/28/2016 10:57:15
917883355;3/28/2016 11:35:51
917883356;3/28/2016 10:51:36
917883357;3/28/2016 10:59:57
917883358;3/28/2016 11:29:27
917883359;3/28/2016 10:57:55
917883360;3/28/2016 10:57:56
917883361;3/28/2016 11:06:42
917883362;3/28/2016 10:55:15
917883363;3/28/2016 11:04:41
917883364;3/28/2016 11:03:56
917883365;3/28/2016 11:29:27
917883366;3/28/2016 10:53:50
917883367;3/28/2016 10:57:51
917883368;3/28/2016 10:59:57
917883369;3/28/2016 10:56:24
917883370;3/28/2016 11:00:06
917883371;3/28/2016 10:54:48
917883372;3/28/2016 10:58:01
917883373;3/28/2016 10:54:42
917883374;3/28/2016 11:12:02
917883375;3/28/2016 11:08:03
917883376;3/28/2016 10:49:43
917883377;3/28/2016 10:50:15
917883378;3/28/2016 10:52:41
917883379;3/28/2016 11:06:01
917883380;3/28/2016 10:52:00
917883381;3/28/2016 10:57:56
917883382;3/28/2016 11:20:25
917883383;3/28/2016 10:52:02
917883384;3/28/2016 10:55:15
917883385;3/28/2016 11:02:39
917883386;3/28/2016 10:54:07
917883387;3/28/2016 11:06:51
917883388;3/28/2016 11:00:14
917883389;3/28/2016 10:54:04
917883390;3/28/2016 10:57:36
917883391;3/28/2016 11:06:42
917883392;3/28/2016 10:58:05
917883393;3/28/2016 10:49:43
917883394;3/28/2016 10:57:56
917883395;3/28/2016 10:54:07
917883396;3/28/2016 10:56:59
917883397;3/28/2016 11:17:14
917883398;3/28/2016 11:01:05
917883399;3/28/2016 10:58:01
917883400;3/28/2016 10:49:43
917883401;3/28/2016 11:31:30
917883402;3/28/2016 10:58:46
917883403;3/28/2016 10:57:04
917883404;3/28/2016 10:57:51
917883405;3/28/2016 10:58:05
917883406;3/28/2016 10:58:46
917883407;3/28/2016 11:02:42
917883408;3/28/2016 11:00:06
917883409;3/28/2016 11:35:51
917883410;3/28/2016 10:50:06
917883411;3/28/2016 11:08:03
917883412;3/28/2016 10:51:36
917883413;3/28/2016 10:53:50
917883414;3/28/2016 10:55:24
917883415;3/28/2016 10:56:59
917883416;3/28/2016 10:57:56
917883417;3/28/2016 11:35:51
917883418;3/28/2016 11:20:16
917883419;3/28/2016 11:56:17
917883420;3/28/2016 11:20:16
917883421;3/28/2016 11:20:35
917883422;3/28/2016 10:56:04
917883423;3/28/2016 11:12:02
917883424;3/28/2016 11:17:14
917883425;3/28/2016 10:58:53
917883427;3/28/2016 10:52:05
917883428;3/28/2016 11:06:42
917883429;3/28/2016 11:20:06
917883430;3/28/2016 11:20:06
917883431;3/28/2016 11:20:16
917883432;3/28/2016 10:55:24
917883433;3/28/2016 10:55:24
917883434;3/28/2016 10:54:48
917883435;3/28/2016 11:06:01
917883436;3/28/2016 11:02:49
917883437;3/28/2016 10:49:43
917883438;3/28/2016 10:52:05
917883439;3/28/2016 10:58:53
917883440;3/28/2016 10:54:42
917883441;3/28/2016 11:37:13
917883442;3/28/2016 11:19:20
917883443;3/28/2016 10:58:05
917883444;3/28/2016 11:01:27
917883445;3/28/2016 10:54:04
917883446;3/28/2016 10:58:11
917883447;3/28/2016 10:57:15
917883448;3/28/2016 11:20:16
917883449;3/28/2016 11:12:02
917883450;3/28/2016 11:56:17
917883451;3/28/2016 10:54:13
917883452;3/28/2016 10:55:15
917883453;3/28/2016 11:02:42
917883454;3/28/2016 10:57:04
917883455;3/28/2016 10:56:43
917883456;3/28/2016 10:50:06
917883457;3/28/2016 10:55:48
917883458;3/28/2016 10:57:15
917883459;3/28/2016 10:59:57
917883460;3/28/2016 11:06:35
917883461;3/28/2016 10:55:48
917883462;3/28/2016 11:03:56
917883463;3/28/2016 11:15:47
917883464;3/28/2016 11:20:16
917883465;3/28/2016 11:02:39
917883466;3/28/2016 11:20:06
917883467;3/28/2016 10:57:41
917883468;3/28/2016 10:57:15
917883469;3/28/2016 10:56:04
917883470;3/28/2016 11:20:06
917883471;3/28/2016 11:06:01
917883472;3/28/2016 11:04:53
917883473;3/28/2016 11:06:35
917883474;3/28/2016 11:35:51
917883475;3/28/2016 11:35:51
917883476;3/28/2016 10:58:05
917883477;3/28/2016 11:15:47
917883478;3/28/2016 11:06:35
917883479;3/28/2016 10:57:12
917883480;3/28/2016 11:08:03
917883481;3/28/2016 11:00:12
917883482;3/28/2016 11:20:16
917883483;3/28/2016 10:52:41
917883484;3/28/2016 10:53:07
917883485;3/28/2016 10:52:02
917883486;3/28/2016 11:06:42
917883487;3/28/2016 10:59:46
917883488;3/28/2016 11:00:28
917883489;3/28/2016 10:54:51
917883490;3/28/2016 11:06:51
917883491;3/28/2016 11:06:42
917883492;3/28/2016 11:06:51
917883493;3/28/2016 11:00:14
917883494;3/28/2016 11:25:22
917883495;3/28/2016 11:37:13
917883496;3/28/2016 10:54:42
917883497;3/28/2016 10:55:15
917883498;3/28/2016 10:59:45
917883499;3/28/2016 10:54:42
917883500;3/28/2016 10:48:36
917883501;3/28/2016 11:06:01
917883502;3/28/2016 10:50:44
917883503;3/28/2016 10:54:04
917883504;3/28/2016 11:08:03
917883505;3/28/2016 11:37:13
917883506;3/28/2016 11:19:20
917883507;3/28/2016 10:53:43
917883508;3/28/2016 11:04:53
917883509;3/28/2016 11:03:56
917883510;3/28/2016 11:37:13
917883511;3/28/2016 10:54:07
917883512;3/28/2016 10:58:01
917883513;3/28/2016 10:55:15
917883514;3/28/2016 10:55:15
917883515;3/28/2016 10:54:55
917883516;3/28/2016 10:54:51
917883517;3/28/2016 10:57:55
917883518;3/28/2016 10:56:04
917883519;3/28/2016 11:02:58
917883520;3/28/2016 10:57:51
917883521;3/28/2016 11:02:49
917883522;3/28/2016 10:52:31
917883523;3/28/2016 11:02:58
917883524;3/28/2016 11:02:42
917883525;3/28/2016 10:58:05
917883526;3/28/2016 11:19:20
917883527;3/28/2016 10:59:57
917883528;3/28/2016 11:37:13
917883529;3/28/2016 10:48:36
917883530;3/28/2016 11:06:42
917883531;3/28/2016 10:54:48
917883532;3/28/2016 10:56:59
917883533;3/28/2016 10:58:01
917883534;3/28/2016 10:55:24
917883535;3/28/2016 10:58:53
917883536;3/28/2016 11:25:22
917883537;3/28/2016 10:59:57
917883538;3/28/2016 11:06:01
917883539;3/28/2016 10:59:57
917883540;3/28/2016 10:54:16
917883541;3/28/2016 11:15:47
917883542;3/28/2016 11:04:41
917883543;3/28/2016 10:48:54
917883544;3/28/2016 10:56:59
917883545;3/28/2016 11:06:35
917883546;3/28/2016 11:06:51
917883547;3/28/2016 11:35:51
917883548;3/28/2016 11:25:22
917883549;3/28/2016 10:53:50
917883550;3/28/2016 11:29:27
917883551;3/28/2016 10:57:12
917883552;3/28/2016 11:00:28
917883553;3/28/2016 10:53:49
917883554;3/28/2016 10:54:07
917883555;3/28/2016 11:02:49
917883556;3/28/2016 10:56:04
917883557;3/28/2016 10:50:15
917883558;3/28/2016 11:20:06
917883559;3/28/2016 11:06:01
917883560;3/28/2016 10:56:24
917883561;3/28/2016 11:02:39
917883562;3/28/2016 10:52:31
917883563;3/28/2016 10:54:07
917883564;3/28/2016 11:04:41
917883565;3/28/2016 10:46:59
917883566;3/28/2016 10:48:36
917883567;3/28/2016 11:06:51
917883568;3/28/2016 10:54:55
917883569;3/28/2016 10:58:53
917883570;3/28/2016 11:25:22
917883571;3/28/2016 11:00:14
917883572;3/28/2016 10:54:07
917883573;3/28/2016 11:12:02
917883574;3/28/2016 11:06:00
917883575;3/28/2016 10:58:15
917883576;3/28/2016 10:55:15
917883577;3/28/2016 11:00:14
917883578;3/28/2016 10:58:15
917883579;3/28/2016 10:57:12
917883580;3/28/2016 11:08:03
917883581;3/28/2016 10:58:53
917883582;3/28/2016 10:52:05
917883583;3/28/2016 10:53:50
917883584;3/28/2016 11:02:39
917883585;3/28/2016 10:54:51
917883586;3/28/2016 11:29:27
917883587;3/28/2016 11:08:03
917883588;3/28/2016 10:58:30
917883589;3/28/2016 11:01:27
917883590;3/28/2016 10:57:46
917883591;3/28/2016 10:53:07
917883592;3/28/2016 10:50:15
917883593;3/28/2016 11:15:47
917883594;3/28/2016 11:20:25
917883595;3/28/2016 11:25:22
917883596;3/28/2016 11:06:35
917883597;3/28/2016 11:03:56
917883598;3/28/2016 11:00:12
917883599;3/28/2016 10:52:43
917883600;3/28/2016 11:00:28
917883601;3/28/2016 11:31:30
917883602;3/28/2016 10:59:45
917883603;3/28/2016 11:04:53
917883604;3/28/2016 11:12:02
917883605;3/28/2016 11:28:51
917883606;3/28/2016 11:01:05
917883607;3/28/2016 11:15:47
917883608;3/28/2016 11:31:30
917883609;3/28/2016 11:37:13
917883610;3/28/2016 11:56:17
917883611;3/28/2016 10:57:56
917883612;3/28/2016 11:06:42
917883613;3/28/2016 11:25:22
917883614;3/28/2016 10:56:43
917883615;3/28/2016 10:55:37
917883616;3/28/2016 10:57:51
917883617;3/28/2016 10:50:15
917883618;3/28/2016 11:15:47
917883619;3/28/2016 10:57:04
917883620;3/28/2016 11:12:02
917883621;3/28/2016 10:48:09
917883622;3/28/2016 10:58:30
917883623;3/28/2016 11:01:27
917883624;3/28/2016 11:00:28
917883625;3/28/2016 10:55:37
917883626;3/28/2016 10:53:49
917883630;3/28/2016 11:00:14
917883631;3/28/2016 11:06:00
917883632;3/28/2016 10:52:41
917883633;3/28/2016 10:50:06
917883634;3/28/2016 11:19:20
917883635;3/28/2016 11:06:00
917883636;3/28/2016 10:56:24
917883637;3/28/2016 10:52:05
917883638;3/28/2016 11:15:47
917883639;3/28/2016 10:48:54
917883640;3/28/2016 10:57:12
917883641;3/28/2016 10:58:15
917883642;3/28/2016 10:56:06
917883643;3/28/2016 11:15:47
917883644;3/28/2016 10:56:24
917883645;3/28/2016 11:56:17
917883646;3/28/2016 10:55:35
917883647;3/28/2016 11:25:22
917883648;3/28/2016 10:57:55
917883649;3/28/2016 11:37:13
917883650;3/28/2016 10:54:48
917883651;3/28/2016 10:52:43
917883652;3/28/2016 10:54:04
917883653;3/28/2016 10:56:40
917883654;3/28/2016 10:56:04
917883655;3/28/2016 10:56:43
917883656;3/28/2016 10:58:30
917883657;3/28/2016 10:57:12
917883658;3/28/2016 11:20:25
917883659;3/28/2016 10:55:48
917883660;3/28/2016 10:55:48
917883661;3/28/2016 11:00:12
917883662;3/28/2016 11:01:27
917883663;3/28/2016 10:58:30
917883664;3/28/2016 10:55:48
917883665;3/28/2016 10:57:12
917883666;3/28/2016 11:04:53
917883667;3/28/2016 10:48:36
917883668;3/28/2016 10:48:36
917883669;3/28/2016 10:57:12
917883670;3/28/2016 10:57:15
917883671;3/28/2016 10:52:43
917883672;3/28/2016 10:50:15
917883673;3/28/2016 11:06:01
917883674;3/28/2016 10:52:05
917883675;3/28/2016 10:54:42
917883676;3/28/2016 10:50:44
917883677;3/28/2016 11:28:51
917883678;3/28/2016 10:56:06
917883679;3/28/2016 11:00:14
917883680;3/28/2016 10:56:43
917883681;3/28/2016 11:08:03
917883682;3/28/2016 11:06:00
917883683;3/28/2016 11:29:27
917883684;3/28/2016 10:56:40
917883685;3/28/2016 11:01:05
917883686;3/28/2016 10:55:15
917883687;3/28/2016 11:37:13
917883688;3/28/2016 11:01:27
917883689;3/28/2016 10:54:42
917883690;3/28/2016 10:57:55
917883691;3/28/2016 11:20:35
917883692;3/28/2016 10:57:04
917883693;3/28/2016 11:20:25
917883694;3/28/2016 11:03:56
917883695;3/28/2016 11:06:35
917883696;3/28/2016 11:29:27
917883697;3/28/2016 10:52:05
917883698;3/28/2016 11:08:03
917883699;3/28/2016 10:57:36
917883700;3/28/2016 11:00:12
917883701;3/28/2016 10:59:57
917883702;3/28/2016 11:02:39
917883703;3/28/2016 10:50:06
917883704;3/28/2016 10:55:24
917883705;3/28/2016 11:03:56
917883706;3/28/2016 10:58:15
917883707;3/28/2016 10:57:51
917883708;3/28/2016 11:15:47
917883709;3/28/2016 10:57:55
917883710;3/28/2016 11:03:56
917883711;3/28/2016 11:20:06
917883712;3/28/2016 11:02:39
917883713;3/28/2016 10:59:46
917883714;3/28/2016 11:25:22
917883715;3/28/2016 10:59:45
917883716;3/28/2016 11:02:49
917883717;3/28/2016 11:20:25
917883718;3/28/2016 10:52:43
917883719;3/28/2016 10:55:15
917883720;3/28/2016 10:56:59
917883721;3/28/2016 11:02:58
917883722;3/28/2016 10:57:55
917883723;3/28/2016 11:02:58
917883724;3/28/2016 11:06:01
917883725;3/28/2016 11:06:42
917883726;3/28/2016 10:57:51
917883727;3/28/2016 11:00:12
917883728;3/28/2016 10:55:48
917883729;3/28/2016 11:06:00
917883730;3/28/2016 13:38:35
917883731;3/28/2016 14:22:02
917883732;3/28/2016 13:22:35
917883733;3/28/2016 13:13:04
917883734;3/28/2016 13:41:49
917883735;3/28/2016 13:11:44
917883736;3/28/2016 13:10:02
917883737;3/28/2016 13:13:45
917883738;3/28/2016 13:08:46
917883739;3/28/2016 13:13:02
917883740;3/28/2016 13:13:45
917883741;3/28/2016 13:22:35
917883742;3/28/2016 13:16:41
917883743;3/28/2016 13:37:35
917883744;3/28/2016 13:16:49
917883745;3/28/2016 13:10:33
917883746;3/28/2016 13:13:50
917883747;3/28/2016 13:16:41
917883748;3/28/2016 13:11:44
917883749;3/28/2016 13:11:15
917883750;3/28/2016 13:12:24
917883751;3/28/2016 13:12:14
917883752;3/28/2016 13:11:17
917883753;3/28/2016 13:10:58
917883754;3/28/2016 13:16:49
917883755;3/28/2016 13:39:53
917883756;3/28/2016 13:18:56
917883757;3/28/2016 13:16:41
917883758;3/28/2016 13:39:53
917883759;3/28/2016 13:15:02
917883760;3/28/2016 13:10:21
917883761;3/28/2016 13:07:14
917883762;3/28/2016 13:17:41
917883763;3/28/2016 13:11:17
917883764;3/28/2016 13:41:38
917883765;3/28/2016 13:38:35
917883766;3/28/2016 13:12:04
917883767;3/28/2016 13:13:24
917883768;3/28/2016 13:19:29
917883769;3/28/2016 13:09:45
917883770;3/28/2016 13:11:44
917883771;3/28/2016 13:17:59
917883772;3/28/2016 13:13:04
917883773;3/28/2016 13:39:06
917883774;3/28/2016 13:12:55
917883775;3/28/2016 13:10:13
917883776;3/28/2016 13:19:00
917883777;3/28/2016 13:39:53
917883778;3/28/2016 13:18:40
917883779;3/28/2016 13:07:49
917883780;3/28/2016 13:05:16
917883781;3/28/2016 13:37:39
917883782;3/28/2016 13:13:02
917883783;3/28/2016 13:20:23
917883784;3/28/2016 13:37:39
917883785;3/28/2016 13:11:30
917883786;3/28/2016 13:13:04
917883787;3/28/2016 13:12:04
917883788;3/28/2016 13:39:53
917883789;3/28/2016 13:13:19
917883790;3/28/2016 13:08:21
917883791;3/28/2016 13:37:19
917883792;3/28/2016 13:13:50
917883793;3/28/2016 13:45:09
917883794;3/28/2016 13:13:59
917883795;3/28/2016 13:16:58
917883796;3/28/2016 13:36:37
917883797;3/28/2016 13:37:39
917883798;3/28/2016 13:41:38
917883799;3/28/2016 13:10:58
917883800;3/28/2016 13:10:02
917883801;3/28/2016 13:39:06
917883802;3/28/2016 13:13:24
917883803;3/28/2016 13:10:09
917883804;3/28/2016 13:10:37
917883805;3/28/2016 13:18:40
917883806;3/28/2016 13:13:02
917883807;3/28/2016 13:16:58
917883808;3/28/2016 13:08:15
917883809;3/28/2016 13:10:09
917883810;3/28/2016 13:10:12
917883811;3/28/2016 13:41:38
917883812;3/28/2016 13:11:44
917883813;3/28/2016 13:08:15
917883814;3/28/2016 13:13:36
917883815;3/28/2016 13:11:17
917883816;3/28/2016 13:09:24
917883817;3/28/2016 13:37:39
917883818;3/28/2016 13:07:49
917883819;3/28/2016 13:37:35
917883820;3/28/2016 13:38:10
917883821;3/28/2016 13:16:32
917883822;3/28/2016 13:46:34
917883823;3/28/2016 13:15:51
917883824;3/28/2016 13:11:20
917883825;3/28/2016 13:13:45
917883826;3/28/2016 13:17:41
917883827;3/28/2016 13:08:15
917883828;3/28/2016 13:09:38
917883829;3/28/2016 13:10:02
917883832;3/28/2016 13:10:21
917883833;3/28/2016 13:13:24
917883834;3/28/2016 13:13:02
917883835;3/28/2016 13:13:36
917883836;3/28/2016 13:10:48
917883837;3/28/2016 13:15:51
917883838;3/28/2016 13:32:41
917883839;3/28/2016 13:16:32
917883840;3/28/2016 13:37:20
917883841;3/28/2016 13:17:59
917883842;3/28/2016 13:13:24
917883843;3/28/2016 13:11:11
917883844;3/28/2016 13:07:49
917883845;3/28/2016 13:45:09
917883846;3/28/2016 13:11:52
917883847;3/28/2016 13:13:36
917883848;3/28/2016 13:10:37
917883849;3/28/2016 13:10:58
917883850;3/28/2016 13:37:19
917883851;3/28/2016 13:10:48
917883852;3/28/2016 13:08:15
917883853;3/28/2016 13:41:49
917883854;3/28/2016 13:12:57
917883855;3/28/2016 13:16:32
917883856;3/28/2016 13:16:49
917883857;3/28/2016 13:10:12
917883858;3/28/2016 13:10:48
917883859;3/28/2016 13:10:58
917883860;3/28/2016 13:46:34
917883861;3/28/2016 13:08:15
917883862;3/28/2016 13:08:15
917883863;3/28/2016 13:38:35
917883864;3/28/2016 13:13:24
917883865;3/28/2016 14:22:02
917883866;3/28/2016 13:07:49
917883867;3/28/2016 13:39:06
917883868;3/28/2016 13:13:02
917883869;3/28/2016 13:10:37
917883870;3/28/2016 13:11:20
917883871;3/28/2016 13:11:17
917883872;3/28/2016 13:10:58
917883873;3/28/2016 13:13:36
917883874;3/28/2016 13:36:37
917883875;3/28/2016 13:37:39
917883876;3/28/2016 13:18:56
917883877;3/28/2016 13:09:45
917883878;3/28/2016 13:07:45
917883879;3/28/2016 13:16:49
917883880;3/28/2016 13:15:51
917883881;3/28/2016 13:37:20
917883882;3/28/2016 13:14:29
917883883;3/28/2016 13:11:11
917883884;3/28/2016 13:09:03
917883885;3/28/2016 13:39:06
917883886;3/28/2016 13:11:35
917883887;3/28/2016 13:22:35
917883888;3/28/2016 13:16:32
917883889;3/28/2016 13:09:03
917883890;3/28/2016 13:45:09
917883891;3/28/2016 13:13:04
917883892;3/28/2016 13:19:00
917883893;3/28/2016 13:08:46
917883894;3/28/2016 13:39:06
917883895;3/28/2016 13:11:52
917883896;3/28/2016 13:19:29
917883897;3/28/2016 13:44:26
917883898;3/28/2016 13:18:40
917883899;3/28/2016 13:16:32
917883900;3/28/2016 13:12:01
917883901;3/28/2016 13:07:45
917883902;3/28/2016 13:44:04
917883903;3/28/2016 13:37:19
917883904;3/28/2016 13:16:27
917883905;3/28/2016 13:10:37
917883906;3/28/2016 13:10:13
917883907;3/28/2016 13:11:20
917883908;3/28/2016 13:13:04
917883909;3/28/2016 13:13:45
917883910;3/28/2016 13:16:32
917883911;3/28/2016 13:17:59
917883912;3/28/2016 13:16:41
917883913;3/28/2016 13:17:59
917883914;3/28/2016 13:18:40
917883915;3/28/2016 13:19:29
917883916;3/28/2016 13:08:15
917883917;3/28/2016 13:41:49
917883918;3/28/2016 13:12:14
917883919;3/28/2016 13:46:34
917883920;3/28/2016 13:11:20
917883921;3/28/2016 13:13:02
917883922;3/28/2016 13:18:34
917883923;3/28/2016 13:12:04
917883924;3/28/2016 13:09:38
917883925;3/28/2016 13:07:14
917883926;3/28/2016 13:12:14
917883927;3/28/2016 13:18:56
917883928;3/28/2016 13:14:29
917883929;3/28/2016 13:17:41
917883930;3/28/2016 13:46:34
917883931;3/28/2016 13:16:41
917883932;3/28/2016 13:07:53
917883933;3/28/2016 13:13:10
917883934;3/28/2016 13:32:41
917883935;3/28/2016 13:11:52
917883936;3/28/2016 13:37:39
917883937;3/28/2016 13:08:46
917883938;3/28/2016 13:08:21
917883939;3/28/2016 13:18:34
917883940;3/28/2016 13:37:19
917883941;3/28/2016 13:19:29
917883942;3/28/2016 13:13:04
917883943;3/28/2016 13:37:19
917883944;3/28/2016 13:14:29
917883945;3/28/2016 13:12:01
917883946;3/28/2016 13:13:45
917883947;3/28/2016 13:16:32
917883948;3/28/2016 13:13:02
917883949;3/28/2016 13:11:35
917883950;3/28/2016 13:10:02
917883951;3/28/2016 13:15:02
917883952;3/28/2016 13:37:39
917883953;3/28/2016 13:44:26
917883954;3/28/2016 13:15:51
917883955;3/28/2016 13:38:10
917883956;3/28/2016 13:10:54
917883957;3/28/2016 13:13:45
917883958;3/28/2016 13:44:26
917883959;3/28/2016 13:07:49
917883960;3/28/2016 14:22:02
917883961;3/28/2016 13:14:01
917883962;3/28/2016 13:14:01
917883963;3/28/2016 13:07:49
917883964;3/28/2016 13:20:23
917883965;3/28/2016 13:07:45
917883966;3/28/2016 13:20:23
917883967;3/28/2016 13:37:35
917883968;3/28/2016 13:17:14
917883969;3/28/2016 13:07:45
917883970;3/28/2016 13:12:45
917883971;3/28/2016 13:41:38
917883972;3/28/2016 13:16:27
917883973;3/28/2016 13:12:55
917883974;3/28/2016 13:13:36
917883975;3/28/2016 13:12:57
917883976;3/28/2016 13:20:30
917883977;3/28/2016 13:10:21
917883978;3/28/2016 13:07:49
917883979;3/28/2016 13:15:02
917883980;3/28/2016 13:11:15
917883981;3/28/2016 13:08:15
917883982;3/28/2016 13:46:34
917883983;3/28/2016 13:13:45
917883984;3/28/2016 13:17:14
917883985;3/28/2016 14:22:02
917883986;3/28/2016 13:09:12
917883987;3/28/2016 13:17:14
917883988;3/28/2016 13:07:53
917883989;3/28/2016 13:15:02
917883990;3/28/2016 13:08:21
917883991;3/28/2016 13:18:34
917883992;3/28/2016 13:18:34
917883993;3/28/2016 13:13:04
917883994;3/28/2016 13:11:44
917883995;3/28/2016 13:13:36
917883996;3/28/2016 13:10:58
917883997;3/28/2016 13:13:24
917883998;3/28/2016 13:13:45
917883999;3/28/2016 13:38:10
917884000;3/28/2016 13:20:30
917884001;3/28/2016 13:37:19
917884002;3/28/2016 13:18:40
917884003;3/28/2016 13:45:09
917884004;3/28/2016 13:11:20
917884005;3/28/2016 13:17:59
917884006;3/28/2016 13:12:01
917884007;3/28/2016 13:08:15
917884008;3/28/2016 13:20:23
917884009;3/28/2016 13:18:56
917884010;3/28/2016 13:09:45
917884011;3/28/2016 13:13:10
917884012;3/28/2016 13:22:35
917884013;3/28/2016 13:38:35
917884014;3/28/2016 13:13:02
917884015;3/28/2016 13:38:35
917884016;3/28/2016 13:13:59
917884017;3/28/2016 13:13:10
917884018;3/28/2016 13:16:27
917884019;3/28/2016 13:37:35
917884020;3/28/2016 13:15:28
917884021;3/28/2016 13:13:04
917884022;3/28/2016 13:13:36
917884023;3/28/2016 13:13:02
917884024;3/28/2016 13:12:01
917884025;3/28/2016 13:09:45
917884026;3/28/2016 14:22:02
917884027;3/28/2016 13:39:53
917884028;3/28/2016 13:37:39
917884029;3/28/2016 13:22:35
917884030;3/28/2016 13:12:57
917884031;3/28/2016 13:11:35
917884033;3/28/2016 13:12:04
917884034;3/28/2016 13:16:32
917884035;3/28/2016 13:38:10
917884036;3/28/2016 13:41:38
917884037;3/28/2016 13:16:32
917884038;3/28/2016 13:08:21
917884039;3/28/2016 13:17:14
917884040;3/28/2016 13:12:04
917884041;3/28/2016 13:46:34
917884042;3/28/2016 13:10:13
917884043;3/28/2016 13:12:01
917884044;3/28/2016 13:36:37
917884045;3/28/2016 13:10:02
917884046;3/28/2016 13:11:30
917884047;3/28/2016 13:12:04
917884048;3/28/2016 13:11:15
917884049;3/28/2016 13:14:29
917884050;3/28/2016 13:07:14
917884051;3/28/2016 13:41:38
917884052;3/28/2016 13:11:57
917884053;3/28/2016 13:05:16
917884054;3/28/2016 13:12:55
917884055;3/28/2016 13:10:09
917884056;3/28/2016 13:10:13
917884057;3/28/2016 13:37:19
917884058;3/28/2016 13:09:12
917884059;3/28/2016 13:34:28
917884060;3/28/2016 13:11:35
917884061;3/28/2016 13:36:37
917884062;3/28/2016 13:13:02
917884063;3/28/2016 13:10:12
917884064;3/28/2016 13:39:53
917884065;3/28/2016 13:18:34
917884066;3/28/2016 13:46:34
917884067;3/28/2016 13:10:12
917884068;3/28/2016 13:16:41
917884069;3/28/2016 13:10:58
917884070;3/28/2016 13:10:58
917884071;3/28/2016 13:11:52
917884072;3/28/2016 13:12:57
917884073;3/28/2016 13:09:38
917884074;3/28/2016 13:15:02
917884075;3/28/2016 13:07:14
917884076;3/28/2016 13:39:06
917884077;3/28/2016 14:22:02
917884078;3/28/2016 13:11:35
917884079;3/28/2016 13:14:01
917884080;3/28/2016 13:13:50
917884081;3/28/2016 13:10:33
917884082;3/28/2016 13:08:21
917884083;3/28/2016 13:37:35
917884084;3/28/2016 13:12:14
917884085;3/28/2016 13:41:49
917884086;3/28/2016 13:18:40
917884087;3/28/2016 13:10:12
917884088;3/28/2016 13:46:34
917884089;3/28/2016 13:05:16
917884090;3/28/2016 13:13:10
917884091;3/28/2016 13:11:35
917884092;3/28/2016 13:10:12
917884093;3/28/2016 13:07:53
917884094;3/28/2016 13:45:09
917884095;3/28/2016 13:39:06
917884096;3/28/2016 13:16:41
917884097;3/28/2016 13:09:03
917884098;3/28/2016 13:12:57
917884099;3/28/2016 13:11:44
917884100;3/28/2016 13:20:30
917884101;3/28/2016 13:12:24
917884102;3/28/2016 13:20:23
917884103;3/28/2016 13:19:29
917884104;3/28/2016 13:12:55
917884105;3/28/2016 13:20:23
917884106;3/28/2016 13:09:38
917884107;3/28/2016 13:12:14
917884108;3/28/2016 13:09:38
917884109;3/28/2016 13:12:57
917884110;3/28/2016 13:16:58
917884111;3/28/2016 13:12:57
917884112;3/28/2016 13:16:58
917884113;3/28/2016 13:11:35
917884114;3/28/2016 13:11:52
917884115;3/28/2016 13:17:14
917884116;3/28/2016 13:16:49
917884117;3/28/2016 13:15:51
917884118;3/28/2016 13:11:15
917884119;3/28/2016 13:12:24
917884120;3/28/2016 13:45:09
917884121;3/28/2016 13:11:15
917884122;3/28/2016 13:16:27
917884123;3/28/2016 13:09:38
917884124;3/28/2016 13:39:53
917884125;3/28/2016 13:16:32
917884126;3/28/2016 13:08:46
917884127;3/28/2016 13:07:53
917884128;3/28/2016 13:10:12
917884129;3/28/2016 13:39:53
917884130;3/28/2016 13:09:03
917884131;3/28/2016 13:15:02
917884132;3/28/2016 13:11:15
917884133;3/28/2016 13:07:14
917884134;3/28/2016 13:37:19
917884135;3/28/2016 13:41:49
917884136;3/28/2016 13:09:38
917884137;3/28/2016 13:12:04
917884138;3/28/2016 13:17:41
917884139;3/28/2016 13:13:09
917884140;3/28/2016 13:16:32
917884141;3/28/2016 13:10:02
917884142;3/28/2016 13:11:11
917884143;3/28/2016 13:12:01
917884144;3/28/2016 13:38:35
917884145;3/28/2016 13:10:12
917884146;3/28/2016 13:15:51
917884147;3/28/2016 13:13:59
917884148;3/28/2016 13:19:29
917884149;3/28/2016 13:10:48
917884150;3/28/2016 13:17:14
917884151;3/28/2016 13:16:58
917884152;3/28/2016 13:46:34
917884153;3/28/2016 13:10:02
917884154;3/28/2016 13:18:34
917884155;3/28/2016 13:07:45
917884156;3/28/2016 13:37:35
917884157;3/28/2016 13:15:51
917884158;3/28/2016 13:11:30
917884159;3/28/2016 13:13:19
917884160;3/28/2016 13:07:14
917884161;3/28/2016 13:41:38
917884162;3/28/2016 13:07:45
917884163;3/28/2016 13:34:28
917884164;3/28/2016 13:07:49
917884165;3/28/2016 13:16:32
917884166;3/28/2016 13:11:17
917884167;3/28/2016 13:08:15
917884168;3/28/2016 13:18:40
917884169;3/28/2016 13:10:21
917884170;3/28/2016 13:37:35
917884171;3/28/2016 13:10:02
917884172;3/28/2016 13:15:51
917884173;3/28/2016 13:38:35
917884174;3/28/2016 13:10:37
917884175;3/28/2016 13:17:59
917884176;3/28/2016 13:10:21
917884177;3/28/2016 13:11:17
917884178;3/28/2016 13:13:24
917884179;3/28/2016 13:10:09
917884180;3/28/2016 13:41:49
917884181;3/28/2016 13:11:11
917884182;3/28/2016 13:32:41
917884183;3/28/2016 13:08:46
917884184;3/28/2016 13:10:48
917884185;3/28/2016 13:05:16
917884186;3/28/2016 13:05:16
917884187;3/28/2016 13:39:53
917884188;3/28/2016 13:17:59
917884189;3/28/2016 13:13:50
917884190;3/28/2016 13:17:14
917884191;3/28/2016 13:13:50
917884192;3/28/2016 13:09:45
917884193;3/28/2016 13:16:27
917884194;3/28/2016 13:16:41
917884195;3/28/2016 13:15:51
917884196;3/28/2016 13:09:38
917884197;3/28/2016 13:11:30
917884198;3/28/2016 13:09:45
917884199;3/28/2016 13:12:24
917884200;3/28/2016 13:11:20
917884201;3/28/2016 13:11:35
917884202;3/28/2016 13:12:01
917884203;3/28/2016 13:08:46
917884204;3/28/2016 13:09:03
917884205;3/28/2016 13:14:29
917884206;3/28/2016 13:13:50
917884207;3/28/2016 13:22:35
917884208;3/28/2016 13:14:29
917884209;3/28/2016 13:12:55
917884210;3/28/2016 13:14:01
917884211;3/28/2016 13:07:45
917884212;3/28/2016 13:10:21
917884213;3/28/2016 13:09:45
917884214;3/28/2016 13:10:09
917884215;3/28/2016 13:13:02
917884216;3/28/2016 13:10:09
917884217;3/28/2016 13:14:29
917884218;3/28/2016 13:10:02
917884219;3/28/2016 13:15:02
917884220;3/28/2016 13:13:50
917884221;3/28/2016 14:22:02
917884222;3/28/2016 13:20:30
917884223;3/28/2016 14:22:02
917884224;3/28/2016 13:09:03
917884225;3/28/2016 13:12:24
917884226;3/28/2016 13:08:21
917884227;3/28/2016 13:14:01
917884228;3/28/2016 13:09:45
917884229;3/28/2016 13:41:49
917884230;3/28/2016 13:18:34
917884231;3/28/2016 13:10:21
917884232;3/28/2016 13:10:21
917884235;3/28/2016 13:13:45
917884236;3/28/2016 13:11:52
917884237;3/28/2016 13:07:14
917884238;3/28/2016 13:10:48
917884239;3/28/2016 13:11:15
917884240;3/28/2016 13:13:45
917884241;3/28/2016 13:13:57
917884242;3/28/2016 13:10:02
917884243;3/28/2016 13:09:12
917884244;3/28/2016 13:05:16
917884245;3/28/2016 13:10:33
917884246;3/28/2016 13:37:39
917884247;3/28/2016 13:09:03
917884248;3/28/2016 13:13:24
917884249;3/28/2016 13:13:50
917884250;3/28/2016 13:19:00
917884251;3/28/2016 13:37:19
917884252;3/28/2016 13:36:37
917884253;3/28/2016 13:08:46
917884254;3/28/2016 13:10:02
917884255;3/28/2016 13:09:12
917884256;3/28/2016 13:10:02
917884257;3/28/2016 13:15:02
917884258;3/28/2016 13:12:24
917884259;3/28/2016 13:11:10
917884260;3/28/2016 13:10:02
917884261;3/28/2016 13:14:01
917884262;3/28/2016 13:15:51
917884263;3/28/2016 13:41:49
917884264;3/28/2016 13:13:50
917884265;3/28/2016 13:41:49
917884266;3/28/2016 13:39:06
917884267;3/28/2016 13:08:15
917884268;3/28/2016 13:08:15
917884269;3/28/2016 13:37:39
917884270;3/28/2016 13:08:21
917884271;3/28/2016 13:15:02
917884272;3/28/2016 13:08:15
917884273;3/28/2016 13:11:45
917884274;3/28/2016 13:12:55
917884275;3/28/2016 13:17:59
917884276;3/28/2016 13:18:56
917884277;3/28/2016 13:13:10
917884278;3/28/2016 13:17:14
917884279;3/28/2016 13:11:30
917884280;3/28/2016 13:14:29
917884281;3/28/2016 13:10:33
917884282;3/28/2016 13:11:44
917884283;3/28/2016 13:11:15
917884284;3/28/2016 13:17:41
917884285;3/28/2016 13:16:32
917884286;3/28/2016 13:37:35
917884287;3/28/2016 14:22:02
917884288;3/28/2016 13:11:30
917884289;3/28/2016 13:08:15
917884290;3/28/2016 13:12:24
917884291;3/28/2016 13:13:59
917884292;3/28/2016 13:07:53
917884293;3/28/2016 13:10:12
917884294;3/28/2016 13:11:44
917884295;3/28/2016 13:17:41
917884296;3/28/2016 13:18:56
917884297;3/28/2016 13:13:28
917884298;3/28/2016 13:11:30
917884299;3/28/2016 13:10:13
917884300;3/28/2016 13:08:21
917884301;3/28/2016 13:18:34
917884302;3/28/2016 13:19:29
917884303;3/28/2016 13:14:29
917884304;3/28/2016 13:16:58
917884305;3/28/2016 13:16:49
917884306;3/28/2016 13:16:58
917884307;3/28/2016 13:10:21
917884308;3/28/2016 13:18:56
917884309;3/28/2016 13:19:00
917884310;3/28/2016 13:15:38
917884311;3/28/2016 13:09:03
917884312;3/28/2016 13:09:03
917884313;3/28/2016 13:45:09
917884314;3/28/2016 13:18:40
917884315;3/28/2016 13:08:15
917884316;3/28/2016 13:08:46
917884317;3/28/2016 13:10:58
917884318;3/28/2016 13:37:35
917884319;3/28/2016 13:07:14
917884320;3/28/2016 13:10:02
917884321;3/28/2016 13:05:16
917884322;3/28/2016 13:32:41
917884323;3/28/2016 13:14:01
917884324;3/28/2016 13:10:09
917884325;3/28/2016 13:39:53
917884326;3/28/2016 13:41:38
917884327;3/28/2016 13:16:32
917884328;3/28/2016 13:13:24
917884329;3/28/2016 13:17:59
917884330;3/28/2016 13:07:53
917884331;3/28/2016 13:13:02
917884332;3/28/2016 13:16:58
917884333;3/28/2016 13:13:50
917884334;3/28/2016 13:09:12
917884337;3/28/2016 13:16:32
917884338;3/28/2016 13:11:52
917884339;3/28/2016 13:12:04
917884340;3/28/2016 13:10:33
917884341;3/28/2016 13:17:41
917884342;3/28/2016 13:41:38
917884343;3/28/2016 13:07:53
917884344;3/28/2016 13:17:41
917884345;3/28/2016 13:20:23
917884346;3/28/2016 13:18:40
917884347;3/28/2016 13:10:12
917884348;3/28/2016 13:11:35
917884349;3/28/2016 13:09:12
917884350;3/28/2016 13:05:16
917884351;3/28/2016 13:10:09
917884352;3/28/2016 13:17:41
917884353;3/28/2016 13:15:02
917884354;3/28/2016 13:19:29
917884355;3/28/2016 13:34:28
917884356;3/28/2016 13:16:58
917884357;3/28/2016 13:12:14
917884358;3/28/2016 13:37:19
917884359;3/28/2016 13:07:45
917884360;3/28/2016 13:22:35
917884361;3/28/2016 13:38:10
917884362;3/28/2016 13:13:59
917884363;3/28/2016 13:19:00
917884364;3/28/2016 13:16:49
917884365;3/28/2016 13:13:02
917884366;3/28/2016 13:13:02
917884367;3/28/2016 13:14:01
917884368;3/28/2016 13:08:15
917884369;3/28/2016 13:17:14
917884370;3/28/2016 13:19:00
917884371;3/28/2016 13:13:45
917884372;3/28/2016 13:38:10
917884373;3/28/2016 13:05:16
917884374;3/28/2016 13:37:35
917884375;3/28/2016 13:22:35
917884376;3/28/2016 13:38:35
917884377;3/28/2016 13:10:02
917884378;3/28/2016 13:11:44
917884379;3/28/2016 13:16:32
917884380;3/28/2016 13:10:37
917884381;3/28/2016 13:13:05
917884382;3/28/2016 13:20:30
917884383;3/28/2016 13:16:32
917884384;3/28/2016 13:09:03
917884385;3/28/2016 13:08:15
917884386;3/28/2016 13:37:20
917884387;3/28/2016 13:12:24
917884388;3/28/2016 13:13:02
917884389;3/28/2016 13:16:27
917884390;3/28/2016 13:38:10
917884391;3/28/2016 13:16:32
917884392;3/28/2016 13:16:49
917884393;3/28/2016 13:12:14
917884394;3/28/2016 13:12:01
917884395;3/28/2016 13:05:16
917884396;3/28/2016 13:38:10
917884397;3/28/2016 13:10:37
917884398;3/28/2016 13:16:32
917884399;3/28/2016 13:17:41
917884400;3/28/2016 13:13:19
917884401;3/28/2016 13:07:53
917884402;3/28/2016 13:37:20
917884403;3/28/2016 13:07:49
917884404;3/28/2016 13:07:53
917884405;3/28/2016 13:11:17
917884406;3/28/2016 13:13:04
917884407;3/28/2016 13:44:04
917884408;3/28/2016 13:09:12
917884409;3/28/2016 13:13:02
917884410;3/28/2016 13:11:52
917884411;3/28/2016 13:10:02
917884412;3/28/2016 13:07:14
917884413;3/28/2016 13:09:38
917884414;3/28/2016 13:18:56
917884415;3/28/2016 13:14:01
917884416;3/28/2016 13:12:55
917884417;3/28/2016 13:18:34
917884418;3/28/2016 13:18:34
917884419;3/28/2016 13:08:15
917884420;3/28/2016 13:41:38
917884421;3/28/2016 13:12:57
917884422;3/28/2016 13:12:24
917884423;3/28/2016 13:08:46
917884424;3/28/2016 13:10:37
917884425;3/28/2016 13:10:13
917884426;3/28/2016 13:12:55
917884427;3/28/2016 13:11:52
917884428;3/28/2016 13:14:29
917884429;3/28/2016 13:18:40
917884430;3/28/2016 13:07:45
917884431;3/28/2016 13:39:06
917884432;3/28/2016 13:10:02
917884433;3/28/2016 14:22:02
917884434;3/28/2016 13:10:21
917884435;3/28/2016 13:09:12
917884436;3/28/2016 13:12:01
917884437;3/28/2016 13:11:20
917884438;3/28/2016 13:14:01
917884439;3/28/2016 13:10:02
917884440;3/28/2016 13:07:49
917884441;3/28/2016 13:09:38
917884442;3/28/2016 13:09:12
917884443;3/28/2016 13:12:22
917884444;3/28/2016 13:39:06
917884445;3/28/2016 13:08:15
917884446;3/28/2016 13:19:00
917884447;3/28/2016 13:10:02
917884448;3/28/2016 13:20:23
917884449;3/28/2016 13:11:30
917884450;3/28/2016 13:13:36
917884451;3/28/2016 13:38:35
917884452;3/28/2016 13:13:45
917884453;3/28/2016 13:13:02
917884454;3/28/2016 13:10:13
917884455;3/28/2016 13:17:14
917884456;3/28/2016 13:36:37
917884457;3/28/2016 13:11:52
917884458;3/28/2016 13:22:35
917884459;3/28/2016 13:16:58
917884460;3/28/2016 13:12:14
917884461;3/28/2016 13:16:41
917884462;3/28/2016 13:41:49
917884463;3/28/2016 13:38:10
917884464;3/28/2016 13:12:01
917884465;3/28/2016 13:08:46
917884466;3/28/2016 13:10:13
917884467;3/28/2016 13:19:00
917884468;3/28/2016 13:11:39
917884469;3/28/2016 13:12:57
917884470;3/28/2016 13:13:36
917884471;3/28/2016 13:20:30
917884472;3/28/2016 13:10:48
917884473;3/28/2016 13:11:15
917884474;3/28/2016 13:10:37
917884475;3/28/2016 13:19:00
917884476;3/28/2016 13:12:32
917884477;3/28/2016 13:11:17
917884478;3/28/2016 13:11:17
917884479;3/28/2016 13:32:41
917884480;3/28/2016 13:38:35
917884481;3/28/2016 13:12:55
917884482;3/28/2016 13:07:53
917884483;3/28/2016 13:19:29
917884484;3/28/2016 13:38:10
917884485;3/28/2016 13:16:27
917884486;3/28/2016 13:12:24
917884487;3/28/2016 13:19:29
917884488;3/28/2016 13:12:55
917884489;3/28/2016 13:10:09
917884490;3/28/2016 13:20:23
917884491;3/28/2016 13:13:10
917884492;3/28/2016 13:13:10
917884493;3/28/2016 13:13:36
917884494;3/28/2016 13:20:30
917884495;3/28/2016 13:18:56
917884496;3/28/2016 13:19:00
917884497;3/28/2016 13:17:59
917884498;3/28/2016 13:11:30
917884499;3/28/2016 13:13:02
917884500;3/28/2016 13:07:14
917884501;3/28/2016 13:11:20
917884502;3/28/2016 13:16:49
917884503;3/28/2016 13:20:23
917884504;3/28/2016 13:22:35
917884505;3/28/2016 13:16:27
917884506;3/28/2016 13:10:48
917884507;3/28/2016 13:45:09
917884508;3/28/2016 13:18:56
917884509;3/28/2016 13:13:10
917884510;3/28/2016 13:13:10
917884511;3/28/2016 13:10:13
917884512;3/28/2016 13:11:20
917884513;3/28/2016 13:07:45
917884514;3/28/2016 13:45:09
917884515;3/28/2016 13:09:12
917884516;3/28/2016 13:11:17
917884517;3/28/2016 13:10:37
917884518;3/28/2016 13:08:21
917884519;3/28/2016 13:32:41
917884520;3/28/2016 13:11:30
917884521;3/28/2016 13:12:14
917884522;3/28/2016 13:11:20
917884523;3/28/2016 13:46:34
917884524;3/28/2016 13:10:58
917884525;3/28/2016 13:08:15
917884526;3/28/2016 13:16:49
917884527;3/28/2016 13:32:41
917884528;3/28/2016 13:11:35
917884529;3/28/2016 13:11:11
917884530;3/28/2016 13:16:41
917884531;3/28/2016 13:10:13
917884532;3/28/2016 13:10:02
917884533;3/28/2016 13:45:09
917884534;3/28/2016 13:10:09
917884535;3/28/2016 13:08:21
917884536;3/28/2016 13:11:15
917885272;
917885365;3/28/2016 10:32:40
917885530;
917885765;
917885922;
917886133;
917887276;
917887366;
917887796;
917888379;
917888490;
917889320;
917889374;