451187674385117185;Wed Apr 02 02:41:38 +0000 2014
451187734736928768;Wed Apr 02 02:41:53 +0000 2014
451187618697736192;Wed Apr 02 02:41:25 +0000 2014
451187710049652736;Wed Apr 02 02:41:47 +0000 2014
451187725409218560;Wed Apr 02 02:41:51 +0000 2014
451187660858462208;Wed Apr 02 02:41:35 +0000 2014
451187671235584000;Wed Apr 02 02:41:38 +0000 2014
451187646602047488;Wed Apr 02 02:41:32 +0000 2014
451187677992214528;Wed Apr 02 02:41:39 +0000 2014
451187710623899648;Wed Apr 02 02:41:47 +0000 2014
451187669251280896;Wed Apr 02 02:41:37 +0000 2014
451187659709235200;Wed Apr 02 02:41:35 +0000 2014
451187698309406720;Wed Apr 02 02:41:44 +0000 2014
451187681817395200;Wed Apr 02 02:41:40 +0000 2014
451187637463031808;Wed Apr 02 02:41:30 +0000 2014
451187723349786624;Wed Apr 02 02:41:50 +0000 2014
451187726402867200;Wed Apr 02 02:41:51 +0000 2014
451187656257708032;Wed Apr 02 02:41:35 +0000 2014
451187700436324352;Wed Apr 02 02:41:45 +0000 2014
451187625114611712;Wed Apr 02 02:41:27 +0000 2014
451187734452129792;Wed Apr 02 02:41:53 +0000 2014
451187687660068864;Wed Apr 02 02:41:42 +0000 2014
451187622077947904;Wed Apr 02 02:41:26 +0000 2014
451187734720172032;Wed Apr 02 02:41:53 +0000 2014
451187726017376256;Wed Apr 02 02:41:51 +0000 2014
451187739547795456;Wed Apr 02 02:41:54 +0000 2014
451187685227765760;Wed Apr 02 02:41:41 +0000 2014
451187659151400961;Wed Apr 02 02:41:35 +0000 2014
451187699374780416;Wed Apr 02 02:41:44 +0000 2014
451187717183795200;Wed Apr 02 02:41:49 +0000 2014
451187739010936832;Wed Apr 02 02:41:54 +0000 2014
451187671235584001;Wed Apr 02 02:41:38 +0000 2014
451187682824433664;Wed Apr 02 02:41:40 +0000 2014
451187729167286273;Wed Apr 02 02:41:51 +0000 2014
451187729976397824;Wed Apr 02 02:41:52 +0000 2014
451187722493779970;Wed Apr 02 02:41:50 +0000 2014
451187635709440000;Wed Apr 02 02:41:29 +0000 2014
451187651509755904;Wed Apr 02 02:41:33 +0000 2014
451187621843070976;Wed Apr 02 02:41:26 +0000 2014
451187726151593984;Wed Apr 02 02:41:51 +0000 2014
451187697952907264;Wed Apr 02 02:41:44 +0000 2014
451187682694406144;Wed Apr 02 02:41:40 +0000 2014
451187710854967296;Wed Apr 02 02:41:47 +0000 2014
451187684237910017;Wed Apr 02 02:41:41 +0000 2014
451187739980234752;Wed Apr 02 02:41:54 +0000 2014
451187719767474176;Wed Apr 02 02:41:49 +0000 2014
451187724863545344;Wed Apr 02 02:41:50 +0000 2014
451187647226998784;Wed Apr 02 02:41:32 +0000 2014
451187707856027648;Wed Apr 02 02:41:46 +0000 2014
451187704454475776;Wed Apr 02 02:41:46 +0000 2014
451187621901791232;Wed Apr 02 02:41:26 +0000 2014
451187669851467777;Wed Apr 02 02:41:37 +0000 2014
451187630277812224;Wed Apr 02 02:41:28 +0000 2014
451187697910939648;Wed Apr 02 02:41:44 +0000 2014
451187704928034816;Wed Apr 02 02:41:46 +0000 2014
451187712008003584;Wed Apr 02 02:41:47 +0000 2014
451187669302009857;Wed Apr 02 02:41:37 +0000 2014
451187640490942464;Wed Apr 02 02:41:30 +0000 2014
451187686075039744;Wed Apr 02 02:41:41 +0000 2014
451187810179899392;Wed Apr 02 02:42:11 +0000 2014
451187849384439808;Wed Apr 02 02:42:20 +0000 2014
451187776763858944;Wed Apr 02 02:42:03 +0000 2014
451187755293233152;Wed Apr 02 02:41:58 +0000 2014
451187767964602368;Wed Apr 02 02:42:01 +0000 2014
451187800902094848;Wed Apr 02 02:42:09 +0000 2014
451187787531055104;Wed Apr 02 02:42:05 +0000 2014
451187756056584192;Wed Apr 02 02:41:58 +0000 2014
451187810079625216;Wed Apr 02 02:42:11 +0000 2014
451187830283202560;Wed Apr 02 02:42:16 +0000 2014
451187749077663744;Wed Apr 02 02:41:56 +0000 2014
451187770766020608;Wed Apr 02 02:42:01 +0000 2014
451187804056592384;Wed Apr 02 02:42:09 +0000 2014
451187780555522048;Wed Apr 02 02:42:04 +0000 2014
451187821483524096;Wed Apr 02 02:42:13 +0000 2014
451187774977110016;Wed Apr 02 02:42:02 +0000 2014
451187754693443584;Wed Apr 02 02:41:58 +0000 2014
451187762259980288;Wed Apr 02 02:41:59 +0000 2014
451187850818879489;Wed Apr 02 02:42:20 +0000 2014
451187822243110912;Wed Apr 02 02:42:14 +0000 2014
451187826626150400;Wed Apr 02 02:42:15 +0000 2014
451187762436116481;Wed Apr 02 02:41:59 +0000 2014
451187860234719232;Wed Apr 02 02:42:23 +0000 2014
451187854740185088;Wed Apr 02 02:42:21 +0000 2014
451187772141744128;Wed Apr 02 02:42:02 +0000 2014
451187806954479616;Wed Apr 02 02:42:10 +0000 2014
451187841004212224;Wed Apr 02 02:42:18 +0000 2014
451187845030756352;Wed Apr 02 02:42:19 +0000 2014
451187741754417153;Wed Apr 02 02:41:54 +0000 2014
451187774557650944;Wed Apr 02 02:42:02 +0000 2014
451187785857114112;Wed Apr 02 02:42:05 +0000 2014
451187811128209409;Wed Apr 02 02:42:11 +0000 2014
451187774771953664;Wed Apr 02 02:42:02 +0000 2014
451187787199311872;Wed Apr 02 02:42:05 +0000 2014
451187818094944256;Wed Apr 02 02:42:13 +0000 2014
451187786821816321;Wed Apr 02 02:42:05 +0000 2014
451187774310596609;Wed Apr 02 02:42:02 +0000 2014
451187814399373312;Wed Apr 02 02:42:12 +0000 2014
451187762603900928;Wed Apr 02 02:41:59 +0000 2014
451187846934581248;Wed Apr 02 02:42:20 +0000 2014
451187756769611776;Wed Apr 02 02:41:58 +0000 2014
451187810771288064;Wed Apr 02 02:42:11 +0000 2014
451187764261040128;Wed Apr 02 02:42:00 +0000 2014
451187816299786241;Wed Apr 02 02:42:12 +0000 2014
451187742857109504;Wed Apr 02 02:41:55 +0000 2014
451187861685948416;Wed Apr 02 02:42:23 +0000 2014
451187842723479552;Wed Apr 02 02:42:19 +0000 2014
451187804001665024;Wed Apr 02 02:42:09 +0000 2014
451187770493779968;Wed Apr 02 02:42:01 +0000 2014
451187745990656000;Wed Apr 02 02:41:56 +0000 2014
451187750213910528;Wed Apr 02 02:41:56 +0000 2014
451187797890973696;Wed Apr 02 02:42:08 +0000 2014
451187850478768128;Wed Apr 02 02:42:20 +0000 2014
451187742668767234;Wed Apr 02 02:41:55 +0000 2014
451187750231093248;Wed Apr 02 02:41:57 +0000 2014
451187742911651840;Wed Apr 02 02:41:55 +0000 2014
451187781172494336;Wed Apr 02 02:42:04 +0000 2014
451187753904910336;Wed Apr 02 02:41:57 +0000 2014
451187806342086656;Wed Apr 02 02:42:10 +0000 2014
451187785236742144;Wed Apr 02 02:42:05 +0000 2014
451187769478348800;Wed Apr 02 02:42:01 +0000 2014
451187754198896640;Wed Apr 02 02:41:57 +0000 2014
451187823354585088;Wed Apr 02 02:42:14 +0000 2014
451187806509862912;Wed Apr 02 02:42:10 +0000 2014
451187886566547456;Wed Apr 02 02:42:29 +0000 2014
451187914794622976;Wed Apr 02 02:42:36 +0000 2014
451187950869417984;Wed Apr 02 02:42:44 +0000 2014
451187985615052800;Wed Apr 02 02:42:53 +0000 2014
451187935082082305;Wed Apr 02 02:42:41 +0000 2014
451187936177176576;Wed Apr 02 02:42:41 +0000 2014
451187867058851840;Wed Apr 02 02:42:24 +0000 2014
451187901767110657;Wed Apr 02 02:42:33 +0000 2014
451187922583425024;Wed Apr 02 02:42:38 +0000 2014
451187978082074625;Wed Apr 02 02:42:51 +0000 2014
451187910964809729;Wed Apr 02 02:42:35 +0000 2014
451187880962961408;Wed Apr 02 02:42:28 +0000 2014
451187964216111104;Wed Apr 02 02:42:47 +0000 2014
451187963758534656;Wed Apr 02 02:42:47 +0000 2014
451187966845935617;Wed Apr 02 02:42:48 +0000 2014
451187952740474881;Wed Apr 02 02:42:45 +0000 2014
451187877737922560;Wed Apr 02 02:42:27 +0000 2014
451187884486168576;Wed Apr 02 02:42:29 +0000 2014
451187935786704896;Wed Apr 02 02:42:41 +0000 2014
451187958641483776;Wed Apr 02 02:42:46 +0000 2014
451187923002880000;Wed Apr 02 02:42:38 +0000 2014
451187915859582977;Wed Apr 02 02:42:36 +0000 2014
451187881940246528;Wed Apr 02 02:42:28 +0000 2014
451187909568520192;Wed Apr 02 02:42:34 +0000 2014
451187909358792704;Wed Apr 02 02:42:34 +0000 2014
451187894032420864;Wed Apr 02 02:42:31 +0000 2014
451187902114844672;Wed Apr 02 02:42:33 +0000 2014
451187889750028289;Wed Apr 02 02:42:30 +0000 2014
451187949976428545;Wed Apr 02 02:42:44 +0000 2014
451187896977211392;Wed Apr 02 02:42:31 +0000 2014
451187918024212481;Wed Apr 02 02:42:36 +0000 2014
451187968485498881;Wed Apr 02 02:42:49 +0000 2014
451187875963760642;Wed Apr 02 02:42:26 +0000 2014
451187945371074560;Wed Apr 02 02:42:43 +0000 2014
451187985665753088;Wed Apr 02 02:42:53 +0000 2014
451187879465603073;Wed Apr 02 02:42:27 +0000 2014
451187957399953409;Wed Apr 02 02:42:46 +0000 2014
451187879180390400;Wed Apr 02 02:42:28 +0000 2014
451187930296360960;Wed Apr 02 02:42:39 +0000 2014
451187875988897792;Wed Apr 02 02:42:26 +0000 2014
451187907613949952;Wed Apr 02 02:42:34 +0000 2014
451187985938403328;Wed Apr 02 02:42:53 +0000 2014
451187973590364160;Wed Apr 02 02:42:50 +0000 2014
451187895034863616;Wed Apr 02 02:42:31 +0000 2014
451187871425130497;Wed Apr 02 02:42:25 +0000 2014
451187866602053632;Wed Apr 02 02:42:24 +0000 2014
451187962298908673;Wed Apr 02 02:42:47 +0000 2014
451187908876439552;Wed Apr 02 02:42:34 +0000 2014
451187907412230146;Wed Apr 02 02:42:34 +0000 2014
451187906854793216;Wed Apr 02 02:42:34 +0000 2014
451187936726228993;Wed Apr 02 02:42:41 +0000 2014
451187936298422272;Wed Apr 02 02:42:41 +0000 2014
451187965411065857;Wed Apr 02 02:42:48 +0000 2014
451187909203619841;Wed Apr 02 02:42:34 +0000 2014
451187987573796864;Wed Apr 02 02:42:53 +0000 2014
451187957659992065;Wed Apr 02 02:42:46 +0000 2014
451187927142260737;Wed Apr 02 02:42:39 +0000 2014
451187896410570752;Wed Apr 02 02:42:31 +0000 2014
451187937716494336;Wed Apr 02 02:42:41 +0000 2014
451187882288349184;Wed Apr 02 02:42:28 +0000 2014
451187979860836352;Wed Apr 02 02:42:51 +0000 2014
451187926664495104;Wed Apr 02 02:42:39 +0000 2014
451188037041414144;Wed Apr 02 02:43:05 +0000 2014
451188136215719936;Wed Apr 02 02:43:29 +0000 2014
451188019434106880;Wed Apr 02 02:43:01 +0000 2014
451188097980452864;Wed Apr 02 02:43:19 +0000 2014
451188059531259904;Wed Apr 02 02:43:10 +0000 2014
451188098362535937;Wed Apr 02 02:43:19 +0000 2014
451188115034501121;Wed Apr 02 02:43:23 +0000 2014
451188062718918656;Wed Apr 02 02:43:11 +0000 2014
451188089265094657;Wed Apr 02 02:43:17 +0000 2014
451188032247324672;Wed Apr 02 02:43:04 +0000 2014
451188033342025729;Wed Apr 02 02:43:04 +0000 2014
451188072688787456;Wed Apr 02 02:43:13 +0000 2014
451188019488235520;Wed Apr 02 02:43:01 +0000 2014
451188029550383104;Wed Apr 02 02:43:03 +0000 2014
451188007773548544;Wed Apr 02 02:42:58 +0000 2014
451188037028831232;Wed Apr 02 02:43:05 +0000 2014
451187997002989568;Wed Apr 02 02:42:55 +0000 2014
451188101247823873;Wed Apr 02 02:43:20 +0000 2014
451188133371969536;Wed Apr 02 02:43:28 +0000 2014
451188122332565504;Wed Apr 02 02:43:25 +0000 2014
451188093539078145;Wed Apr 02 02:43:18 +0000 2014
451188049733771265;Wed Apr 02 02:43:08 +0000 2014
451188092796686336;Wed Apr 02 02:43:18 +0000 2014
451188055110852608;Wed Apr 02 02:43:09 +0000 2014
451188072202637313;Wed Apr 02 02:43:13 +0000 2014
451188124132331520;Wed Apr 02 02:43:26 +0000 2014
451188051071762432;Wed Apr 02 02:43:08 +0000 2014
451188034403201025;Wed Apr 02 02:43:04 +0000 2014
451188089080135680;Wed Apr 02 02:43:17 +0000 2014
451188117504942080;Wed Apr 02 02:43:24 +0000 2014
451188000630648832;Wed Apr 02 02:42:56 +0000 2014
451188135553433600;Wed Apr 02 02:43:28 +0000 2014
451188055186374656;Wed Apr 02 02:43:09 +0000 2014
451188007916568576;Wed Apr 02 02:42:58 +0000 2014
451188091210850304;Wed Apr 02 02:43:18 +0000 2014
451188054028726272;Wed Apr 02 02:43:09 +0000 2014
451188036282241026;Wed Apr 02 02:43:05 +0000 2014
451188066191806464;Wed Apr 02 02:43:12 +0000 2014
451188015419777024;Wed Apr 02 02:43:00 +0000 2014
451188034088615936;Wed Apr 02 02:43:04 +0000 2014
451188070591643648;Wed Apr 02 02:43:13 +0000 2014
451187992762122240;Wed Apr 02 02:42:54 +0000 2014
451187996436746240;Wed Apr 02 02:42:55 +0000 2014
451188025142157312;Wed Apr 02 02:43:02 +0000 2014
451188124480049152;Wed Apr 02 02:43:26 +0000 2014
451188101377843200;Wed Apr 02 02:43:20 +0000 2014
451188053626064896;Wed Apr 02 02:43:09 +0000 2014
451188067517202432;Wed Apr 02 02:43:12 +0000 2014
451188023686737922;Wed Apr 02 02:43:02 +0000 2014
451187995736276992;Wed Apr 02 02:42:55 +0000 2014
451188093052137472;Wed Apr 02 02:43:18 +0000 2014
451188106063249408;Wed Apr 02 02:43:21 +0000 2014
451188033766043648;Wed Apr 02 02:43:04 +0000 2014
451188096756121600;Wed Apr 02 02:43:19 +0000 2014
451188082453536769;Wed Apr 02 02:43:16 +0000 2014
451188016250249216;Wed Apr 02 02:43:00 +0000 2014
451188035787292673;Wed Apr 02 02:43:05 +0000 2014
451188066523152384;Wed Apr 02 02:43:12 +0000 2014
451188060172988416;Wed Apr 02 02:43:10 +0000 2014
451188081614266368;Wed Apr 02 02:43:16 +0000 2014
451188112979689475;Wed Apr 02 02:43:23 +0000 2014
451188002010570753;Wed Apr 02 02:42:57 +0000 2014
451188121879588865;Wed Apr 02 02:43:25 +0000 2014
451188136861638657;Wed Apr 02 02:43:29 +0000 2014
451188003164418048;Wed Apr 02 02:42:57 +0000 2014
451188032498962432;Wed Apr 02 02:43:04 +0000 2014
451188057719709696;Wed Apr 02 02:43:10 +0000 2014
451188068171931648;Wed Apr 02 02:43:12 +0000 2014
451188088329342976;Wed Apr 02 02:43:17 +0000 2014
451188159242465280;Wed Apr 02 02:43:34 +0000 2014
451188214028443648;Wed Apr 02 02:43:47 +0000 2014
451188173607948288;Wed Apr 02 02:43:37 +0000 2014
451188254272806913;Wed Apr 02 02:43:57 +0000 2014
451188167384002560;Wed Apr 02 02:43:36 +0000 2014
451188210539167744;Wed Apr 02 02:43:46 +0000 2014
451188173914529792;Wed Apr 02 02:43:38 +0000 2014
451188257888698368;Wed Apr 02 02:43:58 +0000 2014
451188251861073922;Wed Apr 02 02:43:56 +0000 2014
451188228381356032;Wed Apr 02 02:43:50 +0000 2014
451188165445824512;Wed Apr 02 02:43:35 +0000 2014
451188217011003393;Wed Apr 02 02:43:48 +0000 2014
451188178875981825;Wed Apr 02 02:43:39 +0000 2014
451188164074291200;Wed Apr 02 02:43:35 +0000 2014
451188236510306304;Wed Apr 02 02:43:52 +0000 2014
451188188040552449;Wed Apr 02 02:43:41 +0000 2014
451188175671918592;Wed Apr 02 02:43:38 +0000 2014
451188233305473024;Wed Apr 02 02:43:52 +0000 2014
451188145157980161;Wed Apr 02 02:43:31 +0000 2014
451188250091065344;Wed Apr 02 02:43:56 +0000 2014
451188233913630720;Wed Apr 02 02:43:52 +0000 2014
451188145661681666;Wed Apr 02 02:43:31 +0000 2014
451188164535652352;Wed Apr 02 02:43:35 +0000 2014
451188148236611584;Wed Apr 02 02:43:31 +0000 2014
451188271503405056;Wed Apr 02 02:44:01 +0000 2014
451188202716418048;Wed Apr 02 02:43:44 +0000 2014
451188232550486016;Wed Apr 02 02:43:51 +0000 2014
451188246106501121;Wed Apr 02 02:43:55 +0000 2014
451188198064939008;Wed Apr 02 02:43:43 +0000 2014
451188200426315776;Wed Apr 02 02:43:44 +0000 2014
451188262694952960;Wed Apr 02 02:43:59 +0000 2014
451188163545808896;Wed Apr 02 02:43:35 +0000 2014
451188193149214721;Wed Apr 02 02:43:42 +0000 2014
451188189131468800;Wed Apr 02 02:43:41 +0000 2014
451188261328015360;Wed Apr 02 02:43:58 +0000 2014
451188196257562624;Wed Apr 02 02:43:43 +0000 2014
451188261952569344;Wed Apr 02 02:43:59 +0000 2014
451188146206568450;Wed Apr 02 02:43:31 +0000 2014
451188190645592065;Wed Apr 02 02:43:41 +0000 2014
451188227035381760;Wed Apr 02 02:43:50 +0000 2014
451188204113113089;Wed Apr 02 02:43:45 +0000 2014
451188212405260288;Wed Apr 02 02:43:47 +0000 2014
451188250108243968;Wed Apr 02 02:43:56 +0000 2014
451188204549332992;Wed Apr 02 02:43:45 +0000 2014
451188256903028736;Wed Apr 02 02:43:57 +0000 2014
451188144172716032;Wed Apr 02 02:43:30 +0000 2014
451188242239352833;Wed Apr 02 02:43:54 +0000 2014
451188167140704256;Wed Apr 02 02:43:36 +0000 2014
451188228603641856;Wed Apr 02 02:43:51 +0000 2014
451188263714168832;Wed Apr 02 02:43:59 +0000 2014
451188198291406849;Wed Apr 02 02:43:43 +0000 2014
451188185188802560;Wed Apr 02 02:43:40 +0000 2014
451188141555073024;Wed Apr 02 02:43:30 +0000 2014
451188225206280192;Wed Apr 02 02:43:50 +0000 2014
451188223738273792;Wed Apr 02 02:43:49 +0000 2014
451188244307120129;Wed Apr 02 02:43:54 +0000 2014
451188247201599488;Wed Apr 02 02:43:55 +0000 2014
451188178545016832;Wed Apr 02 02:43:39 +0000 2014
451188243888082944;Wed Apr 02 02:43:54 +0000 2014
451188152712310784;Wed Apr 02 02:43:32 +0000 2014
451188172144537600;Wed Apr 02 02:43:37 +0000 2014
451188261046583297;Wed Apr 02 02:43:58 +0000 2014
451188227337375744;Wed Apr 02 02:43:50 +0000 2014
451188208080936961;Wed Apr 02 02:43:46 +0000 2014
451188271305875456;Wed Apr 02 02:44:01 +0000 2014
451188215396179969;Wed Apr 02 02:43:47 +0000 2014
451188181145096192;Wed Apr 02 02:43:39 +0000 2014
451188247184433152;Wed Apr 02 02:43:55 +0000 2014
451188265056350208;Wed Apr 02 02:43:59 +0000 2014
451188289844674560;Wed Apr 02 02:44:05 +0000 2014
451188325429170176;Wed Apr 02 02:44:14 +0000 2014
451188382694404096;Wed Apr 02 02:44:27 +0000 2014
451188321062903809;Wed Apr 02 02:44:13 +0000 2014
451188316986413056;Wed Apr 02 02:44:12 +0000 2014
451188277861576704;Wed Apr 02 02:44:02 +0000 2014
451188277903495168;Wed Apr 02 02:44:02 +0000 2014
451188349563203585;Wed Apr 02 02:44:19 +0000 2014
451188296048078848;Wed Apr 02 02:44:07 +0000 2014
451188292608749568;Wed Apr 02 02:44:06 +0000 2014
451188326306164736;Wed Apr 02 02:44:14 +0000 2014
451188384514719744;Wed Apr 02 02:44:28 +0000 2014
451188325353676800;Wed Apr 02 02:44:14 +0000 2014
451188325311729664;Wed Apr 02 02:44:14 +0000 2014
451188328277086208;Wed Apr 02 02:44:14 +0000 2014
451188392676433921;Wed Apr 02 02:44:30 +0000 2014
451188331293200384;Wed Apr 02 02:44:15 +0000 2014
451188384737017856;Wed Apr 02 02:44:28 +0000 2014
451188343083388928;Wed Apr 02 02:44:18 +0000 2014
451188395658575872;Wed Apr 02 02:44:30 +0000 2014
451188361823547392;Wed Apr 02 02:44:22 +0000 2014
451188406622498816;Wed Apr 02 02:44:33 +0000 2014
451188275726667777;Wed Apr 02 02:44:02 +0000 2014
451188290008264705;Wed Apr 02 02:44:05 +0000 2014
451188288339341312;Wed Apr 02 02:44:05 +0000 2014
451188397923516418;Wed Apr 02 02:44:31 +0000 2014
451188281490038785;Wed Apr 02 02:44:03 +0000 2014
451188325462712320;Wed Apr 02 02:44:14 +0000 2014
451188383633534976;Wed Apr 02 02:44:28 +0000 2014
451188290679345152;Wed Apr 02 02:44:05 +0000 2014
451188320815443968;Wed Apr 02 02:44:13 +0000 2014
451188406060863488;Wed Apr 02 02:44:33 +0000 2014
451188384849854464;Wed Apr 02 02:44:28 +0000 2014
451188280252321792;Wed Apr 02 02:44:03 +0000 2014
451188401833013248;Wed Apr 02 02:44:32 +0000 2014
451188394417475584;Wed Apr 02 02:44:30 +0000 2014
451188364403023872;Wed Apr 02 02:44:23 +0000 2014
451188277211856897;Wed Apr 02 02:44:02 +0000 2014
451188284870639616;Wed Apr 02 02:44:04 +0000 2014
451188300012077056;Wed Apr 02 02:44:08 +0000 2014
451188283159347200;Wed Apr 02 02:44:04 +0000 2014
451188401535205376;Wed Apr 02 02:44:32 +0000 2014
451188369448374273;Wed Apr 02 02:44:24 +0000 2014
451188325357858816;Wed Apr 02 02:44:14 +0000 2014
451188364243238912;Wed Apr 02 02:44:23 +0000 2014
451188309872902145;Wed Apr 02 02:44:10 +0000 2014
451188334648242177;Wed Apr 02 02:44:16 +0000 2014
451188385814573056;Wed Apr 02 02:44:28 +0000 2014
451188288129626112;Wed Apr 02 02:44:05 +0000 2014
451188301869764608;Wed Apr 02 02:44:08 +0000 2014
451188300301475840;Wed Apr 02 02:44:08 +0000 2014
451188314201022464;Wed Apr 02 02:44:11 +0000 2014
451188405058015232;Wed Apr 02 02:44:33 +0000 2014
451188376754876416;Wed Apr 02 02:44:26 +0000 2014
451188367447699456;Wed Apr 02 02:44:24 +0000 2014
451188401094402048;Wed Apr 02 02:44:32 +0000 2014
451188317673902080;Wed Apr 02 02:44:12 +0000 2014
451188391527211008;Wed Apr 02 02:44:29 +0000 2014
451188297373843456;Wed Apr 02 02:44:07 +0000 2014
451188314121715712;Wed Apr 02 02:44:11 +0000 2014
451188325353668608;Wed Apr 02 02:44:14 +0000 2014
451188355733409792;Wed Apr 02 02:44:21 +0000 2014
451188396526813185;Wed Apr 02 02:44:31 +0000 2014
451188300267945984;Wed Apr 02 02:44:08 +0000 2014
451188304575479808;Wed Apr 02 02:44:09 +0000 2014
451188326813679616;Wed Apr 02 02:44:14 +0000 2014
451188289156816896;Wed Apr 02 02:44:05 +0000 2014
451188292478722048;Wed Apr 02 02:44:06 +0000 2014
451188319850737664;Wed Apr 02 02:44:12 +0000 2014
451188483520876544;Wed Apr 02 02:44:51 +0000 2014
451188498511302656;Wed Apr 02 02:44:55 +0000 2014
451188498322968576;Wed Apr 02 02:44:55 +0000 2014
451188466663948288;Wed Apr 02 02:44:47 +0000 2014
451188463359234048;Wed Apr 02 02:44:47 +0000 2014
451188518732431360;Wed Apr 02 02:45:00 +0000 2014
451188428399337472;Wed Apr 02 02:44:38 +0000 2014
451188419868520449;Wed Apr 02 02:44:36 +0000 2014
451188553465466881;Wed Apr 02 02:45:08 +0000 2014
451188537057378304;Wed Apr 02 02:45:04 +0000 2014
451188420044681217;Wed Apr 02 02:44:36 +0000 2014
451188511836602368;Wed Apr 02 02:44:58 +0000 2014
451188424511598592;Wed Apr 02 02:44:37 +0000 2014
451188542916415490;Wed Apr 02 02:45:05 +0000 2014
451188505687760896;Wed Apr 02 02:44:57 +0000 2014
451188523677528064;Wed Apr 02 02:45:01 +0000 2014
451188461836308480;Wed Apr 02 02:44:46 +0000 2014
451188418190774272;Wed Apr 02 02:44:36 +0000 2014
451188540874174465;Wed Apr 02 02:45:05 +0000 2014
451188432669114370;Wed Apr 02 02:44:39 +0000 2014
451188485420900353;Wed Apr 02 02:44:52 +0000 2014
451188496775282689;Wed Apr 02 02:44:54 +0000 2014
451188465972285440;Wed Apr 02 02:44:47 +0000 2014
451188457566896129;Wed Apr 02 02:44:45 +0000 2014
451188542270488576;Wed Apr 02 02:45:05 +0000 2014
451188431356690432;Wed Apr 02 02:44:39 +0000 2014
451188509089345536;Wed Apr 02 02:44:57 +0000 2014
451188492559597568;Wed Apr 02 02:44:53 +0000 2014
451188515960025088;Wed Apr 02 02:44:59 +0000 2014
451188527645351937;Wed Apr 02 02:45:02 +0000 2014
451188448448495616;Wed Apr 02 02:44:43 +0000 2014
451188540689620992;Wed Apr 02 02:45:05 +0000 2014
451188475815923713;Wed Apr 02 02:44:49 +0000 2014
451188492140163073;Wed Apr 02 02:44:53 +0000 2014
451188477821198336;Wed Apr 02 02:44:50 +0000 2014
451188531529269249;Wed Apr 02 02:45:03 +0000 2014
451188546863652866;Wed Apr 02 02:45:06 +0000 2014
451188551334379521;Wed Apr 02 02:45:07 +0000 2014
451188467200831489;Wed Apr 02 02:44:47 +0000 2014
451188449484505089;Wed Apr 02 02:44:43 +0000 2014
451188537707085824;Wed Apr 02 02:45:04 +0000 2014
451188577003913216;Wed Apr 02 02:45:14 +0000 2014
451188429309890560;Wed Apr 02 02:44:38 +0000 2014
451188472875741184;Wed Apr 02 02:44:49 +0000 2014
451188571735465984;Wed Apr 02 02:45:12 +0000 2014
451188466823749632;Wed Apr 02 02:44:47 +0000 2014
451188515447926785;Wed Apr 02 02:44:59 +0000 2014
451188547811151872;Wed Apr 02 02:45:07 +0000 2014
451188451107676160;Wed Apr 02 02:44:44 +0000 2014
451188429695356928;Wed Apr 02 02:44:38 +0000 2014
451188419977568256;Wed Apr 02 02:44:36 +0000 2014
451188558687002624;Wed Apr 02 02:45:09 +0000 2014
451188529671180288;Wed Apr 02 02:45:02 +0000 2014
451188525728145408;Wed Apr 02 02:45:01 +0000 2014
451188467397963776;Wed Apr 02 02:44:47 +0000 2014
451188574948696064;Wed Apr 02 02:45:13 +0000 2014
451188426440597504;Wed Apr 02 02:44:38 +0000 2014
451188516748156930;Wed Apr 02 02:44:59 +0000 2014
451188421550428160;Wed Apr 02 02:44:37 +0000 2014
451188525103206402;Wed Apr 02 02:45:01 +0000 2014
451188497399816192;Wed Apr 02 02:44:55 +0000 2014
451188483663466497;Wed Apr 02 02:44:51 +0000 2014
451188475966926848;Wed Apr 02 02:44:50 +0000 2014
451188489317797889;Wed Apr 02 02:44:53 +0000 2014
451188499040206848;Wed Apr 02 02:44:55 +0000 2014
451188513392709632;Wed Apr 02 02:44:59 +0000 2014
451188427627565056;Wed Apr 02 02:44:38 +0000 2014
451188663482056704;Wed Apr 02 02:45:34 +0000 2014
451188596091805696;Wed Apr 02 02:45:18 +0000 2014
451188641415827456;Wed Apr 02 02:45:29 +0000 2014
451188707706814464;Wed Apr 02 02:45:45 +0000 2014
451188615562149888;Wed Apr 02 02:45:23 +0000 2014
451188721140772864;Wed Apr 02 02:45:48 +0000 2014
451188659824631808;Wed Apr 02 02:45:33 +0000 2014
451188639708745729;Wed Apr 02 02:45:29 +0000 2014
451188595890458624;Wed Apr 02 02:45:18 +0000 2014
451188612789710848;Wed Apr 02 02:45:22 +0000 2014
451188592183115776;Wed Apr 02 02:45:17 +0000 2014
451188667558543360;Wed Apr 02 02:45:35 +0000 2014
451188687284346880;Wed Apr 02 02:45:40 +0000 2014
451188656007806977;Wed Apr 02 02:45:32 +0000 2014
451188618673917955;Wed Apr 02 02:45:24 +0000 2014
451188715923451904;Wed Apr 02 02:45:47 +0000 2014
451188582703968257;Wed Apr 02 02:45:15 +0000 2014
451188637880053760;Wed Apr 02 02:45:28 +0000 2014
451188618565259264;Wed Apr 02 02:45:24 +0000 2014
451188583055884288;Wed Apr 02 02:45:15 +0000 2014
451188709996523520;Wed Apr 02 02:45:45 +0000 2014
451188581231362048;Wed Apr 02 02:45:15 +0000 2014
451188690292076544;Wed Apr 02 02:45:41 +0000 2014
451188693181943809;Wed Apr 02 02:45:41 +0000 2014
451188643177066496;Wed Apr 02 02:45:29 +0000 2014
451188683723386880;Wed Apr 02 02:45:39 +0000 2014
451188703114039296;Wed Apr 02 02:45:44 +0000 2014
451188665834680320;Wed Apr 02 02:45:35 +0000 2014
451188716065665025;Wed Apr 02 02:45:47 +0000 2014
451188709766230016;Wed Apr 02 02:45:45 +0000 2014
451188718011838464;Wed Apr 02 02:45:47 +0000 2014
451188626089865217;Wed Apr 02 02:45:25 +0000 2014
451188596448325632;Wed Apr 02 02:45:18 +0000 2014
451188602207096832;Wed Apr 02 02:45:20 +0000 2014
451188643265146881;Wed Apr 02 02:45:29 +0000 2014
451188660491153408;Wed Apr 02 02:45:34 +0000 2014
451188699427250176;Wed Apr 02 02:45:43 +0000 2014
451188625372643328;Wed Apr 02 02:45:25 +0000 2014
451188644334669825;Wed Apr 02 02:45:30 +0000 2014
451188640001953792;Wed Apr 02 02:45:29 +0000 2014
451188713179975680;Wed Apr 02 02:45:46 +0000 2014
451188644334686208;Wed Apr 02 02:45:30 +0000 2014
451188598541262848;Wed Apr 02 02:45:19 +0000 2014
451188715201634304;Wed Apr 02 02:45:47 +0000 2014
451188585920606208;Wed Apr 02 02:45:16 +0000 2014
451188659476111360;Wed Apr 02 02:45:33 +0000 2014
451188654929887232;Wed Apr 02 02:45:32 +0000 2014
451188621786509313;Wed Apr 02 02:45:24 +0000 2014
451188669089849344;Wed Apr 02 02:45:36 +0000 2014
451188627972698112;Wed Apr 02 02:45:26 +0000 2014
451188680427053056;Wed Apr 02 02:45:38 +0000 2014
451188583643496448;Wed Apr 02 02:45:15 +0000 2014
451188654984019968;Wed Apr 02 02:45:32 +0000 2014
451188649304915968;Wed Apr 02 02:45:31 +0000 2014
451188697099403265;Wed Apr 02 02:45:42 +0000 2014
451188693924323328;Wed Apr 02 02:45:42 +0000 2014
451188648973574144;Wed Apr 02 02:45:31 +0000 2014
451188724106145792;Wed Apr 02 02:45:49 +0000 2014
451188608032968704;Wed Apr 02 02:45:21 +0000 2014
451188700282888192;Wed Apr 02 02:45:43 +0000 2014
451188686689165312;Wed Apr 02 02:45:40 +0000 2014
451188622826295296;Wed Apr 02 02:45:25 +0000 2014
451188715247775744;Wed Apr 02 02:45:47 +0000 2014
451188628920602624;Wed Apr 02 02:45:26 +0000 2014
451188705441509377;Wed Apr 02 02:45:44 +0000 2014
451188753403367424;Wed Apr 02 02:45:56 +0000 2014
451188742720458752;Wed Apr 02 02:45:53 +0000 2014
451188857665773568;Wed Apr 02 02:46:21 +0000 2014
451188827391270912;Wed Apr 02 02:46:13 +0000 2014
451188768582926336;Wed Apr 02 02:45:59 +0000 2014
451188741743202305;Wed Apr 02 02:45:53 +0000 2014
451188766942965761;Wed Apr 02 02:45:59 +0000 2014
451188848241164288;Wed Apr 02 02:46:18 +0000 2014
451188795212578816;Wed Apr 02 02:46:06 +0000 2014
451188867035439104;Wed Apr 02 02:46:23 +0000 2014
451188815143526401;Wed Apr 02 02:46:10 +0000 2014
451188787872141313;Wed Apr 02 02:46:04 +0000 2014
451188780935172096;Wed Apr 02 02:46:02 +0000 2014
451188851264847874;Wed Apr 02 02:46:19 +0000 2014
451188802900340736;Wed Apr 02 02:46:07 +0000 2014
451188731471753216;Wed Apr 02 02:45:50 +0000 2014
451188831518457856;Wed Apr 02 02:46:14 +0000 2014
451188782411567106;Wed Apr 02 02:46:03 +0000 2014
451188800577081344;Wed Apr 02 02:46:07 +0000 2014
451188839668006913;Wed Apr 02 02:46:16 +0000 2014
451188793685852162;Wed Apr 02 02:46:05 +0000 2014
451188874358702080;Wed Apr 02 02:46:25 +0000 2014
451188741856841728;Wed Apr 02 02:45:53 +0000 2014
451188828036800512;Wed Apr 02 02:46:13 +0000 2014
451188843320848384;Wed Apr 02 02:46:17 +0000 2014
451188784286400512;Wed Apr 02 02:46:03 +0000 2014
451188778049077249;Wed Apr 02 02:46:02 +0000 2014
451188808298422273;Wed Apr 02 02:46:09 +0000 2014
451188794411474944;Wed Apr 02 02:46:05 +0000 2014
451188725322481664;Wed Apr 02 02:45:49 +0000 2014
451188794528518145;Wed Apr 02 02:46:05 +0000 2014
451188796759875585;Wed Apr 02 02:46:06 +0000 2014
451188862724083712;Wed Apr 02 02:46:22 +0000 2014
451188834428936193;Wed Apr 02 02:46:15 +0000 2014
451188830667038721;Wed Apr 02 02:46:14 +0000 2014
451188813935968256;Wed Apr 02 02:46:10 +0000 2014
451188774081675264;Wed Apr 02 02:46:01 +0000 2014
451188867304267776;Wed Apr 02 02:46:23 +0000 2014
451188756893413376;Wed Apr 02 02:45:57 +0000 2014
451188826678243328;Wed Apr 02 02:46:13 +0000 2014
451188824182620160;Wed Apr 02 02:46:13 +0000 2014
451188797494284288;Wed Apr 02 02:46:06 +0000 2014
451188850350497792;Wed Apr 02 02:46:19 +0000 2014
451188728267280384;Wed Apr 02 02:45:50 +0000 2014
451188811104399361;Wed Apr 02 02:46:09 +0000 2014
451188797938487296;Wed Apr 02 02:46:06 +0000 2014
451188857786998784;Wed Apr 02 02:46:21 +0000 2014
451188730875760640;Wed Apr 02 02:45:50 +0000 2014
451188727713247232;Wed Apr 02 02:45:50 +0000 2014
451188774886580226;Wed Apr 02 02:46:01 +0000 2014
451188798928732162;Wed Apr 02 02:46:07 +0000 2014
451188853609484288;Wed Apr 02 02:46:20 +0000 2014
451188822395453440;Wed Apr 02 02:46:12 +0000 2014
451188730410172417;Wed Apr 02 02:45:50 +0000 2014
451188788056702976;Wed Apr 02 02:46:04 +0000 2014
451188772542357504;Wed Apr 02 02:46:00 +0000 2014
451188787725758464;Wed Apr 02 02:46:04 +0000 2014
451188788622929920;Wed Apr 02 02:46:04 +0000 2014
451188756503330816;Wed Apr 02 02:45:56 +0000 2014
451188875151417344;Wed Apr 02 02:46:25 +0000 2014
451188762291474433;Wed Apr 02 02:45:58 +0000 2014
451188798064693248;Wed Apr 02 02:46:06 +0000 2014
451188799012634626;Wed Apr 02 02:46:07 +0000 2014
451188854121586688;Wed Apr 02 02:46:20 +0000 2014
451188740140957697;Wed Apr 02 02:45:53 +0000 2014
451188830612492288;Wed Apr 02 02:46:14 +0000 2014
451188989064515584;Wed Apr 02 02:46:52 +0000 2014
451188948132323328;Wed Apr 02 02:46:42 +0000 2014
451188950980624384;Wed Apr 02 02:46:43 +0000 2014
451188935813648384;Wed Apr 02 02:46:39 +0000 2014
451188925642457088;Wed Apr 02 02:46:37 +0000 2014
451188914863505408;Wed Apr 02 02:46:34 +0000 2014
451188974304759808;Wed Apr 02 02:46:48 +0000 2014
451188955942109185;Wed Apr 02 02:46:44 +0000 2014
451188960111636480;Wed Apr 02 02:46:45 +0000 2014
451188942394892288;Wed Apr 02 02:46:41 +0000 2014
451188990746849281;Wed Apr 02 02:46:52 +0000 2014
451188972404756481;Wed Apr 02 02:46:48 +0000 2014
451188941384065024;Wed Apr 02 02:46:40 +0000 2014
451188969565597696;Wed Apr 02 02:46:47 +0000 2014
451188905929617408;Wed Apr 02 02:46:32 +0000 2014
451188887860150272;Wed Apr 02 02:46:28 +0000 2014
451188882688581632;Wed Apr 02 02:46:27 +0000 2014
451188954814222336;Wed Apr 02 02:46:44 +0000 2014
451188890758434816;Wed Apr 02 02:46:28 +0000 2014
451188882458279936;Wed Apr 02 02:46:26 +0000 2014
451188995259523072;Wed Apr 02 02:46:53 +0000 2014
451188992986611713;Wed Apr 02 02:46:53 +0000 2014
451188922622550016;Wed Apr 02 02:46:36 +0000 2014
451188983494901760;Wed Apr 02 02:46:51 +0000 2014
451188916112990208;Wed Apr 02 02:46:34 +0000 2014
451188883779510272;Wed Apr 02 02:46:27 +0000 2014
451188932588232704;Wed Apr 02 02:46:38 +0000 2014
451188880633765888;Wed Apr 02 02:46:26 +0000 2014
451188893467963394;Wed Apr 02 02:46:29 +0000 2014
451188980676325376;Wed Apr 02 02:46:50 +0000 2014
451188933397708801;Wed Apr 02 02:46:39 +0000 2014
451188971813339136;Wed Apr 02 02:46:48 +0000 2014
451188974988836864;Wed Apr 02 02:46:48 +0000 2014
451188950086860800;Wed Apr 02 02:46:43 +0000 2014
451188890469019648;Wed Apr 02 02:46:28 +0000 2014
451188959230836737;Wed Apr 02 02:46:45 +0000 2014
451188958719139840;Wed Apr 02 02:46:45 +0000 2014
451188890817159168;Wed Apr 02 02:46:28 +0000 2014
451188927605391360;Wed Apr 02 02:46:37 +0000 2014
451189005640802304;Wed Apr 02 02:46:56 +0000 2014
451188973705383936;Wed Apr 02 02:46:48 +0000 2014
451188917060907008;Wed Apr 02 02:46:35 +0000 2014
451188940544831488;Wed Apr 02 02:46:40 +0000 2014
451188945154367488;Wed Apr 02 02:46:41 +0000 2014
451188893954502657;Wed Apr 02 02:46:29 +0000 2014
451188959012335617;Wed Apr 02 02:46:45 +0000 2014
451188955120037888;Wed Apr 02 02:46:44 +0000 2014
451188938942607361;Wed Apr 02 02:46:40 +0000 2014
451188888082472961;Wed Apr 02 02:46:28 +0000 2014
451188890863296512;Wed Apr 02 02:46:28 +0000 2014
451188955816275968;Wed Apr 02 02:46:44 +0000 2014
451188906596524034;Wed Apr 02 02:46:32 +0000 2014
451188930650451968;Wed Apr 02 02:46:38 +0000 2014
451188886509604865;Wed Apr 02 02:46:27 +0000 2014
451188950053310464;Wed Apr 02 02:46:43 +0000 2014
451188933464834049;Wed Apr 02 02:46:39 +0000 2014
451188899180994560;Wed Apr 02 02:46:30 +0000 2014
451188883490091008;Wed Apr 02 02:46:27 +0000 2014
451188913759989760;Wed Apr 02 02:46:34 +0000 2014
451188956072136704;Wed Apr 02 02:46:44 +0000 2014
451188889126858752;Wed Apr 02 02:46:28 +0000 2014
451188912996642816;Wed Apr 02 02:46:34 +0000 2014
451188891056209920;Wed Apr 02 02:46:28 +0000 2014
451188878905327617;Wed Apr 02 02:46:26 +0000 2014
451188934404345857;Wed Apr 02 02:46:39 +0000 2014
451188902549016577;Wed Apr 02 02:46:31 +0000 2014
451188933934608384;Wed Apr 02 02:46:39 +0000 2014
451188951404269568;Wed Apr 02 02:46:43 +0000 2014
451189133285670912;Wed Apr 02 02:47:26 +0000 2014
451189045129801731;Wed Apr 02 02:47:05 +0000 2014
451189090818334720;Wed Apr 02 02:47:16 +0000 2014
451189033247313920;Wed Apr 02 02:47:02 +0000 2014
451189063798624256;Wed Apr 02 02:47:10 +0000 2014
451189071037997057;Wed Apr 02 02:47:11 +0000 2014
451189124007874560;Wed Apr 02 02:47:24 +0000 2014
451189073760505856;Wed Apr 02 02:47:12 +0000 2014
451189086997716992;Wed Apr 02 02:47:15 +0000 2014
451189035851993088;Wed Apr 02 02:47:03 +0000 2014
451189042197983232;Wed Apr 02 02:47:05 +0000 2014
451189118513741824;Wed Apr 02 02:47:23 +0000 2014
451189087589138432;Wed Apr 02 02:47:15 +0000 2014
451189075219709952;Wed Apr 02 02:47:12 +0000 2014
451189105087352832;Wed Apr 02 02:47:20 +0000 2014
451189019301666816;Wed Apr 02 02:46:59 +0000 2014
451189100918235137;Wed Apr 02 02:47:19 +0000 2014
451189078218661888;Wed Apr 02 02:47:13 +0000 2014
451189027228491777;Wed Apr 02 02:47:01 +0000 2014
451189031531868160;Wed Apr 02 02:47:02 +0000 2014
451189086347198464;Wed Apr 02 02:47:15 +0000 2014
451189080831713280;Wed Apr 02 02:47:14 +0000 2014
451189108291796992;Wed Apr 02 02:47:20 +0000 2014
451189049923891201;Wed Apr 02 02:47:06 +0000 2014
451189101853949954;Wed Apr 02 02:47:19 +0000 2014
451189106912264192;Wed Apr 02 02:47:20 +0000 2014
451189037974700034;Wed Apr 02 02:47:04 +0000 2014
451189124037607424;Wed Apr 02 02:47:24 +0000 2014
451189032400076800;Wed Apr 02 02:47:02 +0000 2014
451189116411994112;Wed Apr 02 02:47:22 +0000 2014
451189113975480320;Wed Apr 02 02:47:22 +0000 2014
451189013584416769;Wed Apr 02 02:46:58 +0000 2014
451189066449432576;Wed Apr 02 02:47:10 +0000 2014
451189079007588352;Wed Apr 02 02:47:13 +0000 2014
451189091359408129;Wed Apr 02 02:47:16 +0000 2014
451189086653779969;Wed Apr 02 02:47:15 +0000 2014
451189088276983809;Wed Apr 02 02:47:15 +0000 2014
451189027681480704;Wed Apr 02 02:47:01 +0000 2014
451189109357559808;Wed Apr 02 02:47:21 +0000 2014
451189089279016960;Wed Apr 02 02:47:16 +0000 2014
451189099211534336;Wed Apr 02 02:47:18 +0000 2014
451189072200208385;Wed Apr 02 02:47:12 +0000 2014
451189089061326848;Wed Apr 02 02:47:16 +0000 2014
451189119138271233;Wed Apr 02 02:47:23 +0000 2014
451189012871401472;Wed Apr 02 02:46:58 +0000 2014
451189087350059008;Wed Apr 02 02:47:15 +0000 2014
451189051824304128;Wed Apr 02 02:47:07 +0000 2014
451189083734540288;Wed Apr 02 02:47:14 +0000 2014
451189043540135937;Wed Apr 02 02:47:05 +0000 2014
451189124498587648;Wed Apr 02 02:47:24 +0000 2014
451189066940182528;Wed Apr 02 02:47:10 +0000 2014
451189125631062016;Wed Apr 02 02:47:24 +0000 2014
451189068311695360;Wed Apr 02 02:47:11 +0000 2014
451189015921053696;Wed Apr 02 02:46:58 +0000 2014
451189015123734528;Wed Apr 02 02:46:58 +0000 2014
451189055649112064;Wed Apr 02 02:47:08 +0000 2014
451189118790156288;Wed Apr 02 02:47:23 +0000 2014
451189043712524288;Wed Apr 02 02:47:05 +0000 2014
451189037378723840;Wed Apr 02 02:47:03 +0000 2014
451189129145876480;Wed Apr 02 02:47:25 +0000 2014
451189109147860993;Wed Apr 02 02:47:20 +0000 2014
451189018357538816;Wed Apr 02 02:46:59 +0000 2014
451189021784694784;Wed Apr 02 02:47:00 +0000 2014
451189108296007680;Wed Apr 02 02:47:20 +0000 2014
451189013974880256;Wed Apr 02 02:46:58 +0000 2014
451189176734474241;Wed Apr 02 02:47:37 +0000 2014
451189142928371712;Wed Apr 02 02:47:29 +0000 2014
451189139179048961;Wed Apr 02 02:47:28 +0000 2014
451189221806854144;Wed Apr 02 02:47:47 +0000 2014
451189136599162880;Wed Apr 02 02:47:27 +0000 2014
451189165376299008;Wed Apr 02 02:47:34 +0000 2014
451189257126703104;Wed Apr 02 02:47:56 +0000 2014
451189241503289344;Wed Apr 02 02:47:52 +0000 2014
451189263925649408;Wed Apr 02 02:47:57 +0000 2014
451189146779152384;Wed Apr 02 02:47:29 +0000 2014
451189206228795392;Wed Apr 02 02:47:44 +0000 2014
451189254350446592;Wed Apr 02 02:47:55 +0000 2014
451189218434220032;Wed Apr 02 02:47:47 +0000 2014
451189178282549248;Wed Apr 02 02:47:37 +0000 2014
451189210821558272;Wed Apr 02 02:47:45 +0000 2014
451189262658981888;Wed Apr 02 02:47:57 +0000 2014
451189243608829952;Wed Apr 02 02:47:53 +0000 2014
451189148859498497;Wed Apr 02 02:47:30 +0000 2014
451189244053454848;Wed Apr 02 02:47:53 +0000 2014
451189237535096832;Wed Apr 02 02:47:51 +0000 2014
451189231344316416;Wed Apr 02 02:47:50 +0000 2014
451189219004645376;Wed Apr 02 02:47:47 +0000 2014
451189143637610496;Wed Apr 02 02:47:29 +0000 2014
451189254971219969;Wed Apr 02 02:47:55 +0000 2014
451189203888390144;Wed Apr 02 02:47:43 +0000 2014
451189256678293504;Wed Apr 02 02:47:56 +0000 2014
451189242970910720;Wed Apr 02 02:47:53 +0000 2014
451189229352001539;Wed Apr 02 02:47:49 +0000 2014
451189163103387648;Wed Apr 02 02:47:33 +0000 2014
451189208708050944;Wed Apr 02 02:47:44 +0000 2014
451189231478931456;Wed Apr 02 02:47:50 +0000 2014
451189179913740288;Wed Apr 02 02:47:37 +0000 2014
451189188344295424;Wed Apr 02 02:47:39 +0000 2014
451189246528090112;Wed Apr 02 02:47:53 +0000 2014
451189176004640768;Wed Apr 02 02:47:36 +0000 2014
451189233496375296;Wed Apr 02 02:47:50 +0000 2014
451189199262060544;Wed Apr 02 02:47:42 +0000 2014
451189199526305792;Wed Apr 02 02:47:42 +0000 2014
451189161283039232;Wed Apr 02 02:47:33 +0000 2014
451189221194076160;Wed Apr 02 02:47:47 +0000 2014
451189221924306944;Wed Apr 02 02:47:47 +0000 2014
451189151439011841;Wed Apr 02 02:47:31 +0000 2014
451189145596354560;Wed Apr 02 02:47:29 +0000 2014
451189179255631872;Wed Apr 02 02:47:37 +0000 2014
451189231457533953;Wed Apr 02 02:47:50 +0000 2014
451189174377254913;Wed Apr 02 02:47:36 +0000 2014
451189193692020736;Wed Apr 02 02:47:41 +0000 2014
451189245101608961;Wed Apr 02 02:47:53 +0000 2014
451189170741190656;Wed Apr 02 02:47:35 +0000 2014
451189221500280832;Wed Apr 02 02:47:47 +0000 2014
451189229276909568;Wed Apr 02 02:47:49 +0000 2014
451189157516177408;Wed Apr 02 02:47:32 +0000 2014
451189252634996736;Wed Apr 02 02:47:55 +0000 2014
451189204161400833;Wed Apr 02 02:47:43 +0000 2014
451189247802748928;Wed Apr 02 02:47:54 +0000 2014
451189187199238144;Wed Apr 02 02:47:39 +0000 2014
451189154466910208;Wed Apr 02 02:47:31 +0000 2014
451189197324701698;Wed Apr 02 02:47:42 +0000 2014
451189198490316800;Wed Apr 02 02:47:42 +0000 2014
451189173123567617;Wed Apr 02 02:47:36 +0000 2014
451189219034021889;Wed Apr 02 02:47:47 +0000 2014
451189254350438400;Wed Apr 02 02:47:55 +0000 2014
451189241427419136;Wed Apr 02 02:47:52 +0000 2014
451189164412006401;Wed Apr 02 02:47:34 +0000 2014
451189150499504128;Wed Apr 02 02:47:30 +0000 2014
451189279130411008;Wed Apr 02 02:48:01 +0000 2014
451189418456805376;Wed Apr 02 02:48:34 +0000 2014
451189344942845952;Wed Apr 02 02:48:17 +0000 2014
451189332942921728;Wed Apr 02 02:48:14 +0000 2014
451189296016683008;Wed Apr 02 02:48:05 +0000 2014
451189299955105792;Wed Apr 02 02:48:06 +0000 2014
451189282850766849;Wed Apr 02 02:48:02 +0000 2014
451189323358957568;Wed Apr 02 02:48:12 +0000 2014
451189418989064192;Wed Apr 02 02:48:34 +0000 2014
451189342627590145;Wed Apr 02 02:48:16 +0000 2014
451189391193800704;Wed Apr 02 02:48:28 +0000 2014
451189390920794112;Wed Apr 02 02:48:28 +0000 2014
451189297434333184;Wed Apr 02 02:48:05 +0000 2014
451189373753516032;Wed Apr 02 02:48:24 +0000 2014
451189269575778305;Wed Apr 02 02:47:59 +0000 2014
451189343143862272;Wed Apr 02 02:48:16 +0000 2014
451189380942540802;Wed Apr 02 02:48:25 +0000 2014
451189402744930305;Wed Apr 02 02:48:30 +0000 2014
451189283693789184;Wed Apr 02 02:48:02 +0000 2014
451189383715364865;Wed Apr 02 02:48:26 +0000 2014
451189364052074497;Wed Apr 02 02:48:21 +0000 2014
451189394867630081;Wed Apr 02 02:48:29 +0000 2014
451189362127302656;Wed Apr 02 02:48:21 +0000 2014
451189318607175680;Wed Apr 02 02:48:10 +0000 2014
451189290987696129;Wed Apr 02 02:48:04 +0000 2014
451189346226302976;Wed Apr 02 02:48:17 +0000 2014
451189375041548288;Wed Apr 02 02:48:24 +0000 2014
451189358914068480;Wed Apr 02 02:48:20 +0000 2014
451189387057823746;Wed Apr 02 02:48:27 +0000 2014
451189372940222464;Wed Apr 02 02:48:23 +0000 2014
451189342611193856;Wed Apr 02 02:48:16 +0000 2014
451189290731462657;Wed Apr 02 02:48:04 +0000 2014
451189306837975040;Wed Apr 02 02:48:08 +0000 2014
451189367084974080;Wed Apr 02 02:48:22 +0000 2014
451189398785114112;Wed Apr 02 02:48:30 +0000 2014
451189304253902849;Wed Apr 02 02:48:07 +0000 2014
451189348713910272;Wed Apr 02 02:48:18 +0000 2014
451189360810274817;Wed Apr 02 02:48:20 +0000 2014
451189284817866752;Wed Apr 02 02:48:02 +0000 2014
451189383459532800;Wed Apr 02 02:48:26 +0000 2014
451189325024481280;Wed Apr 02 02:48:12 +0000 2014
451189400576491520;Wed Apr 02 02:48:30 +0000 2014
451189362340798464;Wed Apr 02 02:48:21 +0000 2014
451189354523000832;Wed Apr 02 02:48:19 +0000 2014
451189284650119168;Wed Apr 02 02:48:02 +0000 2014
451189367747252224;Wed Apr 02 02:48:22 +0000 2014
451189430943240192;Wed Apr 02 02:48:37 +0000 2014
451189379365892096;Wed Apr 02 02:48:25 +0000 2014
451189334419709952;Wed Apr 02 02:48:14 +0000 2014
451189299263062016;Wed Apr 02 02:48:06 +0000 2014
451189268568756224;Wed Apr 02 02:47:58 +0000 2014
451189330934239232;Wed Apr 02 02:48:13 +0000 2014
451189322188742656;Wed Apr 02 02:48:11 +0000 2014
451189354640076801;Wed Apr 02 02:48:19 +0000 2014
451189430565359617;Wed Apr 02 02:48:37 +0000 2014
451189396176658432;Wed Apr 02 02:48:29 +0000 2014
451189403688652800;Wed Apr 02 02:48:31 +0000 2014
451189383677239296;Wed Apr 02 02:48:26 +0000 2014
451189338261307392;Wed Apr 02 02:48:15 +0000 2014
451189374571384833;Wed Apr 02 02:48:24 +0000 2014
451189297018699777;Wed Apr 02 02:48:05 +0000 2014
451189335304327168;Wed Apr 02 02:48:14 +0000 2014
451189299204337665;Wed Apr 02 02:48:06 +0000 2014
451189366258679808;Wed Apr 02 02:48:22 +0000 2014
451189431647481856;Wed Apr 02 02:48:38 +0000 2014
451189293008945152;Wed Apr 02 02:48:04 +0000 2014
451189337141805056;Wed Apr 02 02:48:15 +0000 2014
451189396432109568;Wed Apr 02 02:48:29 +0000 2014
451189355285970944;Wed Apr 02 02:48:19 +0000 2014
451189294137622528;Wed Apr 02 02:48:05 +0000 2014
451189409312817153;Wed Apr 02 02:48:32 +0000 2014
451189343260913664;Wed Apr 02 02:48:16 +0000 2014
451189481714900993;Wed Apr 02 02:48:49 +0000 2014
451189549448720384;Wed Apr 02 02:49:05 +0000 2014
451189541143990272;Wed Apr 02 02:49:03 +0000 2014
451189484130824192;Wed Apr 02 02:48:50 +0000 2014
451189450803269633;Wed Apr 02 02:48:42 +0000 2014
451189543275077633;Wed Apr 02 02:49:04 +0000 2014
451189444851138561;Wed Apr 02 02:48:41 +0000 2014
451189499528093697;Wed Apr 02 02:48:54 +0000 2014
451189531232833539;Wed Apr 02 02:49:01 +0000 2014
451189529320632320;Wed Apr 02 02:49:01 +0000 2014
451189531866587137;Wed Apr 02 02:49:01 +0000 2014
451189514514350080;Wed Apr 02 02:48:57 +0000 2014
451189479697424384;Wed Apr 02 02:48:49 +0000 2014
451189508365500417;Wed Apr 02 02:48:56 +0000 2014
451189490510753792;Wed Apr 02 02:48:51 +0000 2014
451189538841710593;Wed Apr 02 02:49:03 +0000 2014
451189547213152256;Wed Apr 02 02:49:05 +0000 2014
451189451575021569;Wed Apr 02 02:48:42 +0000 2014
451189550019125249;Wed Apr 02 02:49:06 +0000 2014
451189513138995201;Wed Apr 02 02:48:57 +0000 2014
451189458319052801;Wed Apr 02 02:48:44 +0000 2014
451189580520112128;Wed Apr 02 02:49:13 +0000 2014
451189498391846912;Wed Apr 02 02:48:53 +0000 2014
451189581212172288;Wed Apr 02 02:49:13 +0000 2014
451189580075909120;Wed Apr 02 02:49:13 +0000 2014
451189532872826880;Wed Apr 02 02:49:02 +0000 2014
451189563289907200;Wed Apr 02 02:49:09 +0000 2014
451189541458546688;Wed Apr 02 02:49:04 +0000 2014
451189453948997632;Wed Apr 02 02:48:43 +0000 2014
451189505392140288;Wed Apr 02 02:48:55 +0000 2014
451189459321511937;Wed Apr 02 02:48:44 +0000 2014
451189532625346560;Wed Apr 02 02:49:01 +0000 2014
451189497972420609;Wed Apr 02 02:48:53 +0000 2014
451189446818283520;Wed Apr 02 02:48:41 +0000 2014
451189457497387008;Wed Apr 02 02:48:44 +0000 2014
451189572567715840;Wed Apr 02 02:49:11 +0000 2014
451189491135700992;Wed Apr 02 02:48:52 +0000 2014
451189498827644928;Wed Apr 02 02:48:53 +0000 2014
451189503055507456;Wed Apr 02 02:48:54 +0000 2014
451189563285704704;Wed Apr 02 02:49:09 +0000 2014
451189492817207296;Wed Apr 02 02:48:52 +0000 2014
451189507136946178;Wed Apr 02 02:48:55 +0000 2014
451189580897587200;Wed Apr 02 02:49:13 +0000 2014
451189457530544128;Wed Apr 02 02:48:44 +0000 2014
451189451020988416;Wed Apr 02 02:48:42 +0000 2014
451189459523219456;Wed Apr 02 02:48:44 +0000 2014
451189557409480704;Wed Apr 02 02:49:07 +0000 2014
451189558231990272;Wed Apr 02 02:49:08 +0000 2014
451189547284459520;Wed Apr 02 02:49:05 +0000 2014
451189557812158464;Wed Apr 02 02:49:07 +0000 2014
451189483770089472;Wed Apr 02 02:48:50 +0000 2014
451189514002636800;Wed Apr 02 02:48:57 +0000 2014
451189562132271104;Wed Apr 02 02:49:08 +0000 2014
451189550262394881;Wed Apr 02 02:49:06 +0000 2014
451189482990362624;Wed Apr 02 02:48:50 +0000 2014
451189476589834240;Wed Apr 02 02:48:48 +0000 2014
451189507015311360;Wed Apr 02 02:48:55 +0000 2014
451189485636567040;Wed Apr 02 02:48:50 +0000 2014
451189545589960704;Wed Apr 02 02:49:05 +0000 2014
451189464400801793;Wed Apr 02 02:48:45 +0000 2014
451189503101640704;Wed Apr 02 02:48:54 +0000 2014
451189496965378048;Wed Apr 02 02:48:53 +0000 2014
451189454787461120;Wed Apr 02 02:48:43 +0000 2014
451189475352145920;Wed Apr 02 02:48:48 +0000 2014
451189560282603520;Wed Apr 02 02:49:08 +0000 2014
451189484063690752;Wed Apr 02 02:48:50 +0000 2014
451189501042257920;Wed Apr 02 02:48:54 +0000 2014
451189562979532800;Wed Apr 02 02:49:09 +0000 2014
451189706659606529;Wed Apr 02 02:49:43 +0000 2014
451189640834215937;Wed Apr 02 02:49:27 +0000 2014
451189607627886592;Wed Apr 02 02:49:20 +0000 2014
451189684601757696;Wed Apr 02 02:49:38 +0000 2014
451189608303177728;Wed Apr 02 02:49:19 +0000 2014
451189713052114944;Wed Apr 02 02:49:44 +0000 2014
451189656760360960;Wed Apr 02 02:49:31 +0000 2014
451189644382593024;Wed Apr 02 02:49:28 +0000 2014
451189597868158976;Wed Apr 02 02:49:17 +0000 2014
451189713416617984;Wed Apr 02 02:49:45 +0000 2014
451189594696867841;Wed Apr 02 02:49:16 +0000 2014
451189583733346304;Wed Apr 02 02:49:14 +0000 2014
451189652842885120;Wed Apr 02 02:49:30 +0000 2014
451189590641348609;Wed Apr 02 02:49:15 +0000 2014
451189702343680000;Wed Apr 02 02:49:42 +0000 2014
451189612380037121;Wed Apr 02 02:49:20 +0000 2014
451189693045276672;Wed Apr 02 02:49:40 +0000 2014
451189686682136576;Wed Apr 02 02:49:38 +0000 2014
451189695330791424;Wed Apr 02 02:49:40 +0000 2014
451189639874109441;Wed Apr 02 02:49:27 +0000 2014
451189659629273088;Wed Apr 02 02:49:32 +0000 2014
451189620953210880;Wed Apr 02 02:49:23 +0000 2014
451189653262303232;Wed Apr 02 02:49:30 +0000 2014
451189684840828929;Wed Apr 02 02:49:38 +0000 2014
451189609389514752;Wed Apr 02 02:49:20 +0000 2014
451189687701368832;Wed Apr 02 02:49:38 +0000 2014
451189610333237248;Wed Apr 02 02:49:20 +0000 2014
451189641945690113;Wed Apr 02 02:49:28 +0000 2014
451189604339548161;Wed Apr 02 02:49:19 +0000 2014
451189649973583872;Wed Apr 02 02:49:29 +0000 2014
451189721138335744;Wed Apr 02 02:49:46 +0000 2014
451189647574839296;Wed Apr 02 02:49:29 +0000 2014
451189601604878336;Wed Apr 02 02:49:18 +0000 2014
451189647562272768;Wed Apr 02 02:49:29 +0000 2014
451189664771489792;Wed Apr 02 02:49:33 +0000 2014
451189687223607296;Wed Apr 02 02:49:38 +0000 2014
451189676271869953;Wed Apr 02 02:49:36 +0000 2014
451189712615927808;Wed Apr 02 02:49:44 +0000 2014
451189640041865216;Wed Apr 02 02:49:27 +0000 2014
451189644483239936;Wed Apr 02 02:49:28 +0000 2014
451189718420840448;Wed Apr 02 02:49:46 +0000 2014
451189649533583361;Wed Apr 02 02:49:29 +0000 2014
451189651651719168;Wed Apr 02 02:49:30 +0000 2014
451189630948233216;Wed Apr 02 02:49:25 +0000 2014
451189666125869057;Wed Apr 02 02:49:33 +0000 2014
451189623386288128;Wed Apr 02 02:49:23 +0000 2014
451189693489491968;Wed Apr 02 02:49:40 +0000 2014
451189634316648448;Wed Apr 02 02:49:26 +0000 2014
451189676758409216;Wed Apr 02 02:49:36 +0000 2014
451189689135820800;Wed Apr 02 02:49:39 +0000 2014
451189657502367744;Wed Apr 02 02:49:31 +0000 2014
451189584513073152;Wed Apr 02 02:49:14 +0000 2014
451189670445989888;Wed Apr 02 02:49:34 +0000 2014
451189646576590848;Wed Apr 02 02:49:29 +0000 2014
451189653442269184;Wed Apr 02 02:49:30 +0000 2014
451189711596302337;Wed Apr 02 02:49:44 +0000 2014
451189637365895168;Wed Apr 02 02:49:26 +0000 2014
451189656302784512;Wed Apr 02 02:49:31 +0000 2014
451189715383746560;Wed Apr 02 02:49:45 +0000 2014
451189651811098624;Wed Apr 02 02:49:30 +0000 2014
451189618982264832;Wed Apr 02 02:49:22 +0000 2014
451189680001019904;Wed Apr 02 02:49:37 +0000 2014
451189640012132352;Wed Apr 02 02:49:27 +0000 2014
451189655698821120;Wed Apr 02 02:49:31 +0000 2014
451189676028612609;Wed Apr 02 02:49:36 +0000 2014
451189695230128130;Wed Apr 02 02:49:40 +0000 2014
451189585901416450;Wed Apr 02 02:49:14 +0000 2014
451189635041861632;Wed Apr 02 02:49:26 +0000 2014
451189644319666176;Wed Apr 02 02:49:28 +0000 2014
451189608651313152;Wed Apr 02 02:49:20 +0000 2014
451189585993682944;Wed Apr 02 02:49:14 +0000 2014
451189826919079936;Wed Apr 02 02:50:12 +0000 2014
451189781742239744;Wed Apr 02 02:50:01 +0000 2014
451189740218249216;Wed Apr 02 02:49:51 +0000 2014
451189742554464256;Wed Apr 02 02:49:52 +0000 2014
451189799719014400;Wed Apr 02 02:50:05 +0000 2014
451189786599239680;Wed Apr 02 02:50:02 +0000 2014
451189853946793984;Wed Apr 02 02:50:18 +0000 2014
451189822754152448;Wed Apr 02 02:50:11 +0000 2014
451189811811205120;Wed Apr 02 02:50:08 +0000 2014
451189770924732417;Wed Apr 02 02:49:58 +0000 2014
451189900558102528;Wed Apr 02 02:50:29 +0000 2014
451189859932061697;Wed Apr 02 02:50:19 +0000 2014
451189878823211008;Wed Apr 02 02:50:24 +0000 2014
451189730898870272;Wed Apr 02 02:49:49 +0000 2014
451189768240766977;Wed Apr 02 02:49:58 +0000 2014
451189848045412353;Wed Apr 02 02:50:17 +0000 2014
451189805863288833;Wed Apr 02 02:50:07 +0000 2014
451189854647230464;Wed Apr 02 02:50:18 +0000 2014
451189798766907392;Wed Apr 02 02:50:05 +0000 2014
451189837429633024;Wed Apr 02 02:50:14 +0000 2014
451189749420539904;Wed Apr 02 02:49:53 +0000 2014
451189754604691457;Wed Apr 02 02:49:54 +0000 2014
451189874809634816;Wed Apr 02 02:50:23 +0000 2014
451189834720477185;Wed Apr 02 02:50:13 +0000 2014
451189731150528512;Wed Apr 02 02:49:49 +0000 2014
451189744861724672;Wed Apr 02 02:49:52 +0000 2014
451189755561394176;Wed Apr 02 02:49:55 +0000 2014
451189870988247041;Wed Apr 02 02:50:22 +0000 2014
451189807411367936;Wed Apr 02 02:50:07 +0000 2014
451189777141075968;Wed Apr 02 02:50:00 +0000 2014
451189890948952064;Wed Apr 02 02:50:27 +0000 2014
451189832573009920;Wed Apr 02 02:50:13 +0000 2014
451189874154954752;Wed Apr 02 02:50:23 +0000 2014
451189814612615168;Wed Apr 02 02:50:09 +0000 2014
451189760132804608;Wed Apr 02 02:49:56 +0000 2014
451189855012524032;Wed Apr 02 02:50:18 +0000 2014
451189728973312000;Wed Apr 02 02:49:48 +0000 2014
451189795771781120;Wed Apr 02 02:50:04 +0000 2014
451189868316459008;Wed Apr 02 02:50:21 +0000 2014
451189818467549184;Wed Apr 02 02:50:10 +0000 2014
451189769599737856;Wed Apr 02 02:49:58 +0000 2014
451189762599043073;Wed Apr 02 02:49:56 +0000 2014
451189864814608384;Wed Apr 02 02:50:21 +0000 2014
451189873782063104;Wed Apr 02 02:50:23 +0000 2014
451189815795412992;Wed Apr 02 02:50:09 +0000 2014
451189890550878210;Wed Apr 02 02:50:27 +0000 2014
451189867536732161;Wed Apr 02 02:50:21 +0000 2014
451189856002396160;Wed Apr 02 02:50:19 +0000 2014
451189822221058048;Wed Apr 02 02:50:11 +0000 2014
451189771009032192;Wed Apr 02 02:49:58 +0000 2014
451189873383571458;Wed Apr 02 02:50:23 +0000 2014
451189898553200640;Wed Apr 02 02:50:29 +0000 2014
451189807293558784;Wed Apr 02 02:50:07 +0000 2014
451189806089793536;Wed Apr 02 02:50:07 +0000 2014
451189750217457664;Wed Apr 02 02:49:53 +0000 2014
451189788985786368;Wed Apr 02 02:50:03 +0000 2014
451189778462289920;Wed Apr 02 02:50:00 +0000 2014
451189901883871232;Wed Apr 02 02:50:30 +0000 2014
451189894673870848;Wed Apr 02 02:50:28 +0000 2014
451189760329920512;Wed Apr 02 02:49:56 +0000 2014
451189836222066688;Wed Apr 02 02:50:14 +0000 2014
451189795679522816;Wed Apr 02 02:50:04 +0000 2014
451189808426405890;Wed Apr 02 02:50:07 +0000 2014
451189876789362689;Wed Apr 02 02:50:24 +0000 2014
451189760891944960;Wed Apr 02 02:49:56 +0000 2014
451189842437632001;Wed Apr 02 02:50:15 +0000 2014
451189888587542528;Wed Apr 02 02:50:26 +0000 2014
451189852575629313;Wed Apr 02 02:50:18 +0000 2014
451189734677553153;Wed Apr 02 02:49:50 +0000 2014
451189991612227584;Wed Apr 02 02:50:51 +0000 2014
451189912344088576;Wed Apr 02 02:50:32 +0000 2014
451189996553531392;Wed Apr 02 02:50:52 +0000 2014
451190057773576192;Wed Apr 02 02:51:07 +0000 2014
451190051716608000;Wed Apr 02 02:51:05 +0000 2014
451190054476464128;Wed Apr 02 02:51:06 +0000 2014
451190043148034048;Wed Apr 02 02:51:03 +0000 2014
451190063544545280;Wed Apr 02 02:51:08 +0000 2014
451190014127263744;Wed Apr 02 02:50:56 +0000 2014
451189970347118593;Wed Apr 02 02:50:46 +0000 2014
451189960167923712;Wed Apr 02 02:50:43 +0000 2014
451189990408466432;Wed Apr 02 02:50:51 +0000 2014
451190033522130944;Wed Apr 02 02:51:01 +0000 2014
451190048881270784;Wed Apr 02 02:51:05 +0000 2014
451189989398032384;Wed Apr 02 02:50:50 +0000 2014
451190014882234368;Wed Apr 02 02:50:56 +0000 2014
451189956623761408;Wed Apr 02 02:50:43 +0000 2014
451190014551273472;Wed Apr 02 02:50:56 +0000 2014
451190035673808896;Wed Apr 02 02:51:01 +0000 2014
451190033781760000;Wed Apr 02 02:51:01 +0000 2014
451190000227344384;Wed Apr 02 02:50:53 +0000 2014
451189999531487232;Wed Apr 02 02:50:53 +0000 2014
451189998667448322;Wed Apr 02 02:50:53 +0000 2014
451189926236028928;Wed Apr 02 02:50:35 +0000 2014
451189964395401216;Wed Apr 02 02:50:44 +0000 2014
451190055772905472;Wed Apr 02 02:51:06 +0000 2014
451189973652226048;Wed Apr 02 02:50:47 +0000 2014
451189990207537152;Wed Apr 02 02:50:51 +0000 2014
451189978752880640;Wed Apr 02 02:50:48 +0000 2014
451189993382625280;Wed Apr 02 02:50:51 +0000 2014
451190005184991232;Wed Apr 02 02:50:54 +0000 2014
451189954321076224;Wed Apr 02 02:50:42 +0000 2014
451189976047157248;Wed Apr 02 02:50:47 +0000 2014
451189983836389377;Wed Apr 02 02:50:49 +0000 2014
451189937707040769;Wed Apr 02 02:50:38 +0000 2014
451189916639440896;Wed Apr 02 02:50:33 +0000 2014
451189963598471168;Wed Apr 02 02:50:44 +0000 2014
451189983542390786;Wed Apr 02 02:50:49 +0000 2014
451189975670083584;Wed Apr 02 02:50:47 +0000 2014
451190026802843648;Wed Apr 02 02:50:59 +0000 2014
451189947060744193;Wed Apr 02 02:50:40 +0000 2014
451189918476144640;Wed Apr 02 02:50:33 +0000 2014
451190044368175104;Wed Apr 02 02:51:03 +0000 2014
451190011216801792;Wed Apr 02 02:50:56 +0000 2014
451189959383588864;Wed Apr 02 02:50:43 +0000 2014
451189971135655936;Wed Apr 02 02:50:46 +0000 2014
451189958557302784;Wed Apr 02 02:50:43 +0000 2014
451190068732899328;Wed Apr 02 02:51:09 +0000 2014
451189909328773120;Wed Apr 02 02:50:31 +0000 2014
451189905691930625;Wed Apr 02 02:50:30 +0000 2014
451190049317466112;Wed Apr 02 02:51:05 +0000 2014
451190025049231360;Wed Apr 02 02:50:59 +0000 2014
451189951544057856;Wed Apr 02 02:50:41 +0000 2014
451189945831813120;Wed Apr 02 02:50:40 +0000 2014
451189935144304640;Wed Apr 02 02:50:37 +0000 2014
451190010696314880;Wed Apr 02 02:50:55 +0000 2014
451189957420265472;Wed Apr 02 02:50:43 +0000 2014
451190057026994176;Wed Apr 02 02:51:06 +0000 2014
451189953721294848;Wed Apr 02 02:50:42 +0000 2014
451189905150865408;Wed Apr 02 02:50:30 +0000 2014
451190053310832640;Wed Apr 02 02:51:06 +0000 2014
451190128791134208;Wed Apr 02 02:51:24 +0000 2014
451190241605341185;Wed Apr 02 02:51:50 +0000 2014
451190094716612608;Wed Apr 02 02:51:16 +0000 2014
451190250111393792;Wed Apr 02 02:51:53 +0000 2014
451190206792601600;Wed Apr 02 02:51:42 +0000 2014
451190080796110848;Wed Apr 02 02:51:12 +0000 2014
451190136265388032;Wed Apr 02 02:51:25 +0000 2014
451190216854732801;Wed Apr 02 02:51:45 +0000 2014
451190154976178176;Wed Apr 02 02:51:30 +0000 2014
451190217387827200;Wed Apr 02 02:51:45 +0000 2014
451190106246770688;Wed Apr 02 02:51:18 +0000 2014
451190252217311232;Wed Apr 02 02:51:53 +0000 2014
451190231396786176;Wed Apr 02 02:51:48 +0000 2014
451190275856023553;Wed Apr 02 02:51:59 +0000 2014
451190135267160064;Wed Apr 02 02:51:25 +0000 2014
451190239365988352;Wed Apr 02 02:51:50 +0000 2014
451190112920276992;Wed Apr 02 02:51:20 +0000 2014
451190247787749376;Wed Apr 02 02:51:52 +0000 2014
451190143207370752;Wed Apr 02 02:51:27 +0000 2014
451190285536464897;Wed Apr 02 02:52:01 +0000 2014
451190240821010432;Wed Apr 02 02:51:50 +0000 2014
451190145329668096;Wed Apr 02 02:51:28 +0000 2014
451190176182968320;Wed Apr 02 02:51:35 +0000 2014
451190113872007169;Wed Apr 02 02:51:20 +0000 2014
451190115197788160;Wed Apr 02 02:51:20 +0000 2014
451190168910057474;Wed Apr 02 02:51:33 +0000 2014
451190095853260800;Wed Apr 02 02:51:16 +0000 2014
451190276921360384;Wed Apr 02 02:51:59 +0000 2014
451190204645535744;Wed Apr 02 02:51:42 +0000 2014
451190208994627584;Wed Apr 02 02:51:43 +0000 2014
451190173687369728;Wed Apr 02 02:51:34 +0000 2014
451190102619062272;Wed Apr 02 02:51:17 +0000 2014
451190192947613696;Wed Apr 02 02:51:39 +0000 2014
451190099636543489;Wed Apr 02 02:51:17 +0000 2014
451190219073945600;Wed Apr 02 02:51:45 +0000 2014
451190135980179458;Wed Apr 02 02:51:25 +0000 2014
451190186941362177;Wed Apr 02 02:51:37 +0000 2014
451190116128526336;Wed Apr 02 02:51:21 +0000 2014
451190234932207617;Wed Apr 02 02:51:49 +0000 2014
451190170021138433;Wed Apr 02 02:51:33 +0000 2014
451190213566795776;Wed Apr 02 02:51:44 +0000 2014
451190095664934912;Wed Apr 02 02:51:16 +0000 2014
451190251080671233;Wed Apr 02 02:51:53 +0000 2014
451190283795841025;Wed Apr 02 02:52:01 +0000 2014
451190156985647105;Wed Apr 02 02:51:30 +0000 2014
451190276887834624;Wed Apr 02 02:51:59 +0000 2014
451190279165329410;Wed Apr 02 02:51:59 +0000 2014
451190172646785024;Wed Apr 02 02:51:34 +0000 2014
451190214753800192;Wed Apr 02 02:51:44 +0000 2014
451190160441344002;Wed Apr 02 02:51:31 +0000 2014
451190281665130496;Wed Apr 02 02:52:00 +0000 2014
451190110311448576;Wed Apr 02 02:51:19 +0000 2014
451190134378336256;Wed Apr 02 02:51:25 +0000 2014
451190206532947968;Wed Apr 02 02:51:42 +0000 2014
451190085963493377;Wed Apr 02 02:51:13 +0000 2014
451190197120933888;Wed Apr 02 02:51:40 +0000 2014
451190168951607296;Wed Apr 02 02:51:33 +0000 2014
451190179936497664;Wed Apr 02 02:51:36 +0000 2014
451190119840882688;Wed Apr 02 02:51:21 +0000 2014
451190106863730689;Wed Apr 02 02:51:18 +0000 2014
451190310278684674;Wed Apr 02 02:52:07 +0000 2014
451190409515900928;Wed Apr 02 02:52:31 +0000 2014
451190403514265600;Wed Apr 02 02:52:29 +0000 2014
451190373419732992;Wed Apr 02 02:52:22 +0000 2014
451190392709726208;Wed Apr 02 02:52:27 +0000 2014
451190391786573825;Wed Apr 02 02:52:26 +0000 2014
451190343376310272;Wed Apr 02 02:52:15 +0000 2014
451190307145531392;Wed Apr 02 02:52:06 +0000 2014
451190374233800704;Wed Apr 02 02:52:22 +0000 2014
451190298014539776;Wed Apr 02 02:52:04 +0000 2014
451190343078543360;Wed Apr 02 02:52:15 +0000 2014
451190372610609152;Wed Apr 02 02:52:22 +0000 2014
451190329585045506;Wed Apr 02 02:52:11 +0000 2014
451190306554540033;Wed Apr 02 02:52:06 +0000 2014
451190368760262656;Wed Apr 02 02:52:21 +0000 2014
451190298916683776;Wed Apr 02 02:52:04 +0000 2014
451190372111491072;Wed Apr 02 02:52:22 +0000 2014
451190312149729280;Wed Apr 02 02:52:07 +0000 2014
451190297251172352;Wed Apr 02 02:52:04 +0000 2014
451190319434854401;Wed Apr 02 02:52:09 +0000 2014
451190387239960576;Wed Apr 02 02:52:25 +0000 2014
451190364271964160;Wed Apr 02 02:52:20 +0000 2014
451190374175080448;Wed Apr 02 02:52:22 +0000 2014
451190407859159040;Wed Apr 02 02:52:30 +0000 2014
451190299159560192;Wed Apr 02 02:52:04 +0000 2014
451190335050641409;Wed Apr 02 02:52:13 +0000 2014
451190373214593024;Wed Apr 02 02:52:22 +0000 2014
451190369598730240;Wed Apr 02 02:52:21 +0000 2014
451190322199281664;Wed Apr 02 02:52:10 +0000 2014
451190332827238400;Wed Apr 02 02:52:12 +0000 2014
451190325466652672;Wed Apr 02 02:52:10 +0000 2014
451190373449494528;Wed Apr 02 02:52:22 +0000 2014
451190412833611776;Wed Apr 02 02:52:31 +0000 2014
451190408819642368;Wed Apr 02 02:52:30 +0000 2014
451190331292135424;Wed Apr 02 02:52:12 +0000 2014
451190374456131584;Wed Apr 02 02:52:22 +0000 2014
451190373231374336;Wed Apr 02 02:52:22 +0000 2014
451190325294673921;Wed Apr 02 02:52:10 +0000 2014
451190316289110016;Wed Apr 02 02:52:08 +0000 2014
451190383779655681;Wed Apr 02 02:52:24 +0000 2014
451190417606717440;Wed Apr 02 02:52:32 +0000 2014
451190384534618112;Wed Apr 02 02:52:25 +0000 2014
451190417988390913;Wed Apr 02 02:52:33 +0000 2014
451190334282670080;Wed Apr 02 02:52:13 +0000 2014
451190408195100672;Wed Apr 02 02:52:30 +0000 2014
451190383637045248;Wed Apr 02 02:52:24 +0000 2014
451190374430949376;Wed Apr 02 02:52:22 +0000 2014
451190330079969281;Wed Apr 02 02:52:12 +0000 2014
451190416248147968;Wed Apr 02 02:52:32 +0000 2014
451190363030839297;Wed Apr 02 02:52:19 +0000 2014
451190382202613760;Wed Apr 02 02:52:24 +0000 2014
451190313848020993;Wed Apr 02 02:52:08 +0000 2014
451190333989068800;Wed Apr 02 02:52:13 +0000 2014
451190364922068992;Wed Apr 02 02:52:20 +0000 2014
451190362048962560;Wed Apr 02 02:52:19 +0000 2014
451190397499224064;Wed Apr 02 02:52:28 +0000 2014
451190317971034113;Wed Apr 02 02:52:09 +0000 2014
451190382773039104;Wed Apr 02 02:52:24 +0000 2014
451190377325019136;Wed Apr 02 02:52:23 +0000 2014
451190310849114112;Wed Apr 02 02:52:07 +0000 2014
451190402112974848;Wed Apr 02 02:52:29 +0000 2014
451190291345985536;Wed Apr 02 02:52:02 +0000 2014
451190346156765184;Wed Apr 02 02:52:15 +0000 2014
451190297288925185;Wed Apr 02 02:52:04 +0000 2014
451190343493750784;Wed Apr 02 02:52:15 +0000 2014
451190348748845056;Wed Apr 02 02:52:16 +0000 2014
451190304914173953;Wed Apr 02 02:52:06 +0000 2014
451190372245323776;Wed Apr 02 02:52:22 +0000 2014
451190393049473024;Wed Apr 02 02:52:27 +0000 2014
451190288363827200;Wed Apr 02 02:52:02 +0000 2014
451190336929271808;Wed Apr 02 02:52:13 +0000 2014
451190364763074560;Wed Apr 02 02:52:20 +0000 2014
451190367887450112;Wed Apr 02 02:52:21 +0000 2014
451190371721433089;Wed Apr 02 02:52:21 +0000 2014
451190439941767169;Wed Apr 02 02:52:38 +0000 2014
451190538184564736;Wed Apr 02 02:53:01 +0000 2014
451190430474842112;Wed Apr 02 02:52:36 +0000 2014
451190504332333058;Wed Apr 02 02:52:53 +0000 2014
451190449035030529;Wed Apr 02 02:52:40 +0000 2014
451190525161254912;Wed Apr 02 02:52:58 +0000 2014
451190446526435328;Wed Apr 02 02:52:39 +0000 2014
451190448283856897;Wed Apr 02 02:52:40 +0000 2014
451190456638926848;Wed Apr 02 02:52:42 +0000 2014
451190468408123392;Wed Apr 02 02:52:45 +0000 2014
451190532220272640;Wed Apr 02 02:53:00 +0000 2014
451190532749139969;Wed Apr 02 02:53:00 +0000 2014
451190545767886848;Wed Apr 02 02:53:03 +0000 2014
451190488662421507;Wed Apr 02 02:52:49 +0000 2014
451190504567238656;Wed Apr 02 02:52:53 +0000 2014
451190431049842688;Wed Apr 02 02:52:36 +0000 2014
451190552252276736;Wed Apr 02 02:53:05 +0000 2014
451190446505877504;Wed Apr 02 02:52:39 +0000 2014
451190429036195840;Wed Apr 02 02:52:35 +0000 2014
451190495603994624;Wed Apr 02 02:52:51 +0000 2014
451190495721451520;Wed Apr 02 02:52:51 +0000 2014
451190503560978433;Wed Apr 02 02:52:53 +0000 2014
451190499206901762;Wed Apr 02 02:52:52 +0000 2014
451190492110548993;Wed Apr 02 02:52:50 +0000 2014
451190542236655616;Wed Apr 02 02:53:02 +0000 2014
451190486016225280;Wed Apr 02 02:52:49 +0000 2014
451190484539428864;Wed Apr 02 02:52:48 +0000 2014
451190547450187776;Wed Apr 02 02:53:03 +0000 2014
451190482274500608;Wed Apr 02 02:52:48 +0000 2014
451190469008314370;Wed Apr 02 02:52:45 +0000 2014
451190558468231168;Wed Apr 02 02:53:06 +0000 2014
451190557176791040;Wed Apr 02 02:53:06 +0000 2014
451190441489469440;Wed Apr 02 02:52:38 +0000 2014
451190439140261888;Wed Apr 02 02:52:38 +0000 2014
451190473432907776;Wed Apr 02 02:52:46 +0000 2014
451190564479049728;Wed Apr 02 02:53:07 +0000 2014
451190440239198208;Wed Apr 02 02:52:38 +0000 2014
451190447172358144;Wed Apr 02 02:52:39 +0000 2014
451190516718534656;Wed Apr 02 02:52:56 +0000 2014
451190451874574336;Wed Apr 02 02:52:41 +0000 2014
451190518253629440;Wed Apr 02 02:52:56 +0000 2014
451190423684276227;Wed Apr 02 02:52:34 +0000 2014
451190428126425088;Wed Apr 02 02:52:35 +0000 2014
451190494933307392;Wed Apr 02 02:52:51 +0000 2014
451190436338491393;Wed Apr 02 02:52:37 +0000 2014
451190422774501376;Wed Apr 02 02:52:34 +0000 2014
451190470538829827;Wed Apr 02 02:52:45 +0000 2014
451190540613455872;Wed Apr 02 02:53:02 +0000 2014
451190430256734208;Wed Apr 02 02:52:35 +0000 2014
451190505695899648;Wed Apr 02 02:52:53 +0000 2014
451190469696192512;Wed Apr 02 02:52:45 +0000 2014
451190475941109760;Wed Apr 02 02:52:46 +0000 2014
451190447604367360;Wed Apr 02 02:52:40 +0000 2014
451190538197143556;Wed Apr 02 02:53:01 +0000 2014
451190459549765633;Wed Apr 02 02:52:43 +0000 2014
451190453074141184;Wed Apr 02 02:52:41 +0000 2014
451190452889219072;Wed Apr 02 02:52:41 +0000 2014
451190451614142464;Wed Apr 02 02:52:41 +0000 2014
451190456056315905;Wed Apr 02 02:52:42 +0000 2014
451190489316749312;Wed Apr 02 02:52:50 +0000 2014
451190424523534336;Wed Apr 02 02:52:34 +0000 2014
451190492932624386;Wed Apr 02 02:52:50 +0000 2014
451190542567620608;Wed Apr 02 02:53:02 +0000 2014
451190562343759872;Wed Apr 02 02:53:07 +0000 2014
451190457079324673;Wed Apr 02 02:52:42 +0000 2014
451190461323956224;Wed Apr 02 02:52:43 +0000 2014
451190482518167552;Wed Apr 02 02:52:48 +0000 2014
451190435063418882;Wed Apr 02 02:52:37 +0000 2014
