503642998832242689;Sun Aug 24 20:40:22 +0000 2014
503643131624292352;Sun Aug 24 20:40:54 +0000 2014
503643013852463104;Sun Aug 24 20:40:26 +0000 2014
503643081066184704;Sun Aug 24 20:40:42 +0000 2014
503642985167609856;Sun Aug 24 20:40:19 +0000 2014
503643126683009025;Sun Aug 24 20:40:53 +0000 2014
503643009817128960;Sun Aug 24 20:40:25 +0000 2014
503643126141947904;Sun Aug 24 20:40:53 +0000 2014
503643045867188224;Sun Aug 24 20:40:34 +0000 2014
503643039764860932;Sun Aug 24 20:40:32 +0000 2014
503643063529398272;Sun Aug 24 20:40:38 +0000 2014
503643028591218688;Sun Aug 24 20:40:29 +0000 2014
503643019653181440;Sun Aug 24 20:40:27 +0000 2014
503642992541171712;Sun Aug 24 20:40:21 +0000 2014
503642976422096896;Sun Aug 24 20:40:17 +0000 2014
503643105338216448;Sun Aug 24 20:40:48 +0000 2014
503643033016233985;Sun Aug 24 20:40:30 +0000 2014
503643104709066752;Sun Aug 24 20:40:48 +0000 2014
503643004759195650;Sun Aug 24 20:40:24 +0000 2014
503643130923466753;Sun Aug 24 20:40:54 +0000 2014
503643062715703296;Sun Aug 24 20:40:38 +0000 2014
503642977588494337;Sun Aug 24 20:40:17 +0000 2014
503643044827394048;Sun Aug 24 20:40:33 +0000 2014
503643050128592896;Sun Aug 24 20:40:35 +0000 2014
503643001722118144;Sun Aug 24 20:40:23 +0000 2014
503643063450083328;Sun Aug 24 20:40:38 +0000 2014
503643036996227073;Sun Aug 24 20:40:31 +0000 2014
503643144148099072;Sun Aug 24 20:40:57 +0000 2014
503643112363671552;Sun Aug 24 20:40:49 +0000 2014
503643033909202947;Sun Aug 24 20:40:31 +0000 2014
503643149374205952;Sun Aug 24 20:40:58 +0000 2014
503643056629768192;Sun Aug 24 20:40:36 +0000 2014
503643027076694016;Sun Aug 24 20:40:29 +0000 2014
503643010127499264;Sun Aug 24 20:40:25 +0000 2014
503643011990183936;Sun Aug 24 20:40:25 +0000 2014
503643117308764160;Sun Aug 24 20:40:51 +0000 2014
503642976976113664;Sun Aug 24 20:40:17 +0000 2014
503643105485004800;Sun Aug 24 20:40:48 +0000 2014
503643128994086912;Sun Aug 24 20:40:53 +0000 2014
503643096567926784;Sun Aug 24 20:40:46 +0000 2014
503643080005013505;Sun Aug 24 20:40:42 +0000 2014
503643128931565568;Sun Aug 24 20:40:53 +0000 2014
503643109620588544;Sun Aug 24 20:40:49 +0000 2014
503643136636506112;Sun Aug 24 20:40:55 +0000 2014
503643042926977025;Sun Aug 24 20:40:33 +0000 2014
503643138968133632;Sun Aug 24 20:40:56 +0000 2014
503642988522647552;Sun Aug 24 20:40:20 +0000 2014
503643033280462848;Sun Aug 24 20:40:31 +0000 2014
503643016653860864;Sun Aug 24 20:40:27 +0000 2014
503643018906570752;Sun Aug 24 20:40:27 +0000 2014
503643095204782081;Sun Aug 24 20:40:45 +0000 2014
503643003508883458;Sun Aug 24 20:40:23 +0000 2014
503642998664884225;Sun Aug 24 20:40:22 +0000 2014
503643073335685120;Sun Aug 24 20:40:40 +0000 2014
503643054327484418;Sun Aug 24 20:40:36 +0000 2014
503643127253450753;Sun Aug 24 20:40:53 +0000 2014
503643044642848768;Sun Aug 24 20:40:33 +0000 2014
503643146115223552;Sun Aug 24 20:40:57 +0000 2014
503643045305516033;Sun Aug 24 20:40:33 +0000 2014
503643093589958657;Sun Aug 24 20:40:45 +0000 2014
503643000913006593;Sun Aug 24 20:40:23 +0000 2014
503642982189252608;Sun Aug 24 20:40:18 +0000 2014
503643124787609600;Sun Aug 24 20:40:52 +0000 2014
503643029559734272;Sun Aug 24 20:40:30 +0000 2014
503643098891575296;Sun Aug 24 20:40:46 +0000 2014
503642996584513536;Sun Aug 24 20:40:22 +0000 2014
503643081871089664;Sun Aug 24 20:40:42 +0000 2014
503643127132221440;Sun Aug 24 20:40:53 +0000 2014
503643077836546048;Sun Aug 24 20:40:41 +0000 2014
503643229460262912;Sun Aug 24 20:41:17 +0000 2014
503643227074080768;Sun Aug 24 20:41:17 +0000 2014
503643244337451008;Sun Aug 24 20:41:21 +0000 2014
503643236267982850;Sun Aug 24 20:41:19 +0000 2014
503643176272265216;Sun Aug 24 20:41:05 +0000 2014
503643222598356992;Sun Aug 24 20:41:16 +0000 2014
503643158748880896;Sun Aug 24 20:41:00 +0000 2014
503643233834893313;Sun Aug 24 20:41:18 +0000 2014
503643219885031424;Sun Aug 24 20:41:15 +0000 2014
503643168324071424;Sun Aug 24 20:41:03 +0000 2014
503643171352739842;Sun Aug 24 20:41:03 +0000 2014
503643156941111296;Sun Aug 24 20:41:00 +0000 2014
503643168941015040;Sun Aug 24 20:41:03 +0000 2014
503643212112994305;Sun Aug 24 20:41:13 +0000 2014
503643227858030593;Sun Aug 24 20:41:17 +0000 2014
503643220949991424;Sun Aug 24 20:41:15 +0000 2014
503643256409030657;Sun Aug 24 20:41:24 +0000 2014
503643208169967616;Sun Aug 24 20:41:12 +0000 2014
503643181620015104;Sun Aug 24 20:41:06 +0000 2014
503643190864257024;Sun Aug 24 20:41:08 +0000 2014
503643213979070465;Sun Aug 24 20:41:14 +0000 2014
503643235265576960;Sun Aug 24 20:41:19 +0000 2014
503643164834803712;Sun Aug 24 20:41:02 +0000 2014
503643192734916608;Sun Aug 24 20:41:09 +0000 2014
503643156668096513;Sun Aug 24 20:41:00 +0000 2014
503643159239622656;Sun Aug 24 20:41:01 +0000 2014
503643239782420480;Sun Aug 24 20:41:20 +0000 2014
503643187903488000;Sun Aug 24 20:41:07 +0000 2014
503643237022564352;Sun Aug 24 20:41:19 +0000 2014
503643205280468992;Sun Aug 24 20:41:12 +0000 2014
503643204865236992;Sun Aug 24 20:41:11 +0000 2014
503643240000540672;Sun Aug 24 20:41:20 +0000 2014
503643216084602880;Sun Aug 24 20:41:14 +0000 2014
503643207486283776;Sun Aug 24 20:41:12 +0000 2014
503643214834724864;Sun Aug 24 20:41:14 +0000 2014
503643175550861314;Sun Aug 24 20:41:05 +0000 2014
503643215950389249;Sun Aug 24 20:41:14 +0000 2014
503643180508909570;Sun Aug 24 20:41:06 +0000 2014
503643171775983616;Sun Aug 24 20:41:04 +0000 2014
503643221218824192;Sun Aug 24 20:41:15 +0000 2014
503643253875286016;Sun Aug 24 20:41:23 +0000 2014
503643180412436480;Sun Aug 24 20:41:06 +0000 2014
503643162515349505;Sun Aug 24 20:41:01 +0000 2014
503643205879861250;Sun Aug 24 20:41:12 +0000 2014
503643166453825537;Sun Aug 24 20:41:02 +0000 2014
503643214180392961;Sun Aug 24 20:41:14 +0000 2014
503643183675219968;Sun Aug 24 20:41:06 +0000 2014
503643218278240256;Sun Aug 24 20:41:15 +0000 2014
503643206219624450;Sun Aug 24 20:41:12 +0000 2014
503643159088218112;Sun Aug 24 20:41:01 +0000 2014
503643209894211587;Sun Aug 24 20:41:13 +0000 2014
503643197969424384;Sun Aug 24 20:41:10 +0000 2014
503643171327602689;Sun Aug 24 20:41:03 +0000 2014
503643169402003456;Sun Aug 24 20:41:03 +0000 2014
503643198116225024;Sun Aug 24 20:41:10 +0000 2014
503643202125955073;Sun Aug 24 20:41:11 +0000 2014
503643180756393984;Sun Aug 24 20:41:06 +0000 2014
503643216424357888;Sun Aug 24 20:41:14 +0000 2014
503643187034853376;Sun Aug 24 20:41:07 +0000 2014
503643191061401601;Sun Aug 24 20:41:08 +0000 2014
503643156358115328;Sun Aug 24 20:41:00 +0000 2014
503643169524047873;Sun Aug 24 20:41:03 +0000 2014
503643250842796032;Sun Aug 24 20:41:22 +0000 2014
503643204156006400;Sun Aug 24 20:41:11 +0000 2014
503643288612913153;Sun Aug 24 20:41:31 +0000 2014
503643276654559233;Sun Aug 24 20:41:29 +0000 2014
503643337199718400;Sun Aug 24 20:41:43 +0000 2014
503643287706931201;Sun Aug 24 20:41:31 +0000 2014
503643280475582464;Sun Aug 24 20:41:29 +0000 2014
503643304039575552;Sun Aug 24 20:41:35 +0000 2014
503643321412378624;Sun Aug 24 20:41:39 +0000 2014
503643308460347392;Sun Aug 24 20:41:36 +0000 2014
503643298657861632;Sun Aug 24 20:41:34 +0000 2014
503643289317552128;Sun Aug 24 20:41:32 +0000 2014
503643330551775232;Sun Aug 24 20:41:41 +0000 2014
503643323173969920;Sun Aug 24 20:41:40 +0000 2014
503643321248395264;Sun Aug 24 20:41:39 +0000 2014
503643263018872832;Sun Aug 24 20:41:25 +0000 2014
503643315548323840;Sun Aug 24 20:41:38 +0000 2014
503643298310148097;Sun Aug 24 20:41:34 +0000 2014
503643306291896320;Sun Aug 24 20:41:36 +0000 2014
503643302130753536;Sun Aug 24 20:41:35 +0000 2014
503643327632519168;Sun Aug 24 20:41:41 +0000 2014
503643329922215937;Sun Aug 24 20:41:41 +0000 2014
503643326990778368;Sun Aug 24 20:41:41 +0000 2014
503643302915489795;Sun Aug 24 20:41:35 +0000 2014
503643323236904961;Sun Aug 24 20:41:40 +0000 2014
503643280400453633;Sun Aug 24 20:41:29 +0000 2014
503643307684421632;Sun Aug 24 20:41:36 +0000 2014
503643317330903040;Sun Aug 24 20:41:38 +0000 2014
503643285572055042;Sun Aug 24 20:41:31 +0000 2014
503643293176332289;Sun Aug 24 20:41:32 +0000 2014
503643297685200896;Sun Aug 24 20:41:34 +0000 2014
503643290307403776;Sun Aug 24 20:41:32 +0000 2014
503643302147915777;Sun Aug 24 20:41:35 +0000 2014
503643332015554560;Sun Aug 24 20:41:42 +0000 2014
503643317855207424;Sun Aug 24 20:41:38 +0000 2014
503643298918334465;Sun Aug 24 20:41:34 +0000 2014
503643304790360065;Sun Aug 24 20:41:35 +0000 2014
503643323844685825;Sun Aug 24 20:41:40 +0000 2014
503643293880963072;Sun Aug 24 20:41:33 +0000 2014
503643334938988544;Sun Aug 24 20:41:42 +0000 2014
503643318560239616;Sun Aug 24 20:41:39 +0000 2014
503643299996241920;Sun Aug 24 20:41:34 +0000 2014
503643310557503488;Sun Aug 24 20:41:37 +0000 2014
503643328320385025;Sun Aug 24 20:41:41 +0000 2014
503643317704212480;Sun Aug 24 20:41:38 +0000 2014
503643320405725184;Sun Aug 24 20:41:39 +0000 2014
503643299329359872;Sun Aug 24 20:41:34 +0000 2014
503643321823420416;Sun Aug 24 20:41:39 +0000 2014
503643325761851392;Sun Aug 24 20:41:40 +0000 2014
503643309190156288;Sun Aug 24 20:41:36 +0000 2014
503643312063258625;Sun Aug 24 20:41:37 +0000 2014
503643306971398144;Sun Aug 24 20:41:36 +0000 2014
503643274926518272;Sun Aug 24 20:41:28 +0000 2014
503643305352372224;Sun Aug 24 20:41:35 +0000 2014
503643333470982144;Sun Aug 24 20:41:42 +0000 2014
503643295218958338;Sun Aug 24 20:41:33 +0000 2014
503643291167248384;Sun Aug 24 20:41:32 +0000 2014
503643318937739265;Sun Aug 24 20:41:39 +0000 2014
503643276499353600;Sun Aug 24 20:41:29 +0000 2014
503643331281555456;Sun Aug 24 20:41:42 +0000 2014
503643291859292161;Sun Aug 24 20:41:32 +0000 2014
503643284174929920;Sun Aug 24 20:41:30 +0000 2014
503643335857569792;Sun Aug 24 20:41:43 +0000 2014
503643278697189378;Sun Aug 24 20:41:29 +0000 2014
503643292505210880;Sun Aug 24 20:41:32 +0000 2014
503643296577880064;Sun Aug 24 20:41:33 +0000 2014
503643326789062657;Sun Aug 24 20:41:41 +0000 2014
503643279083061248;Sun Aug 24 20:41:29 +0000 2014
503643262541111296;Sun Aug 24 20:41:25 +0000 2014
503643334280482816;Sun Aug 24 20:41:42 +0000 2014
503643319713673217;Sun Aug 24 20:41:39 +0000 2014
503643300877058049;Sun Aug 24 20:41:34 +0000 2014
503643275266228224;Sun Aug 24 20:41:28 +0000 2014
503643311337639936;Sun Aug 24 20:41:37 +0000 2014
503643291150458880;Sun Aug 24 20:41:32 +0000 2014
503643324017020928;Sun Aug 24 20:41:40 +0000 2014
503643330543357952;Sun Aug 24 20:41:41 +0000 2014
503643294573006849;Sun Aug 24 20:41:33 +0000 2014
503643291758260224;Sun Aug 24 20:41:32 +0000 2014
503643301535551490;Sun Aug 24 20:41:34 +0000 2014
503643309903183873;Sun Aug 24 20:41:36 +0000 2014
503643287954001920;Sun Aug 24 20:41:31 +0000 2014
503643342585233408;Sun Aug 24 20:41:44 +0000 2014
503643450034491392;Sun Aug 24 20:42:10 +0000 2014
503643359668604928;Sun Aug 24 20:41:48 +0000 2014
503643469228019712;Sun Aug 24 20:42:14 +0000 2014
503643453633613825;Sun Aug 24 20:42:11 +0000 2014
503643451465162752;Sun Aug 24 20:42:10 +0000 2014
503643466531102720;Sun Aug 24 20:42:14 +0000 2014
503643460726173696;Sun Aug 24 20:42:12 +0000 2014
503643340228014081;Sun Aug 24 20:41:44 +0000 2014
503643470628937728;Sun Aug 24 20:42:15 +0000 2014
503643450680803328;Sun Aug 24 20:42:10 +0000 2014
503643365850628097;Sun Aug 24 20:41:50 +0000 2014
503643455734956032;Sun Aug 24 20:42:11 +0000 2014
503643458033438720;Sun Aug 24 20:42:12 +0000 2014
503643349119549440;Sun Aug 24 20:41:46 +0000 2014
503643471304216577;Sun Aug 24 20:42:15 +0000 2014
503643467869085696;Sun Aug 24 20:42:14 +0000 2014
503643458708717568;Sun Aug 24 20:42:12 +0000 2014
503643360381652992;Sun Aug 24 20:41:49 +0000 2014
503643346938523649;Sun Aug 24 20:41:45 +0000 2014
503643349224804353;Sun Aug 24 20:41:46 +0000 2014
503643363632226304;Sun Aug 24 20:41:49 +0000 2014
503643366446608384;Sun Aug 24 20:41:50 +0000 2014
503643345496047616;Sun Aug 24 20:41:45 +0000 2014
503643452140453889;Sun Aug 24 20:42:10 +0000 2014
503643356715835392;Sun Aug 24 20:41:48 +0000 2014
503643341905752064;Sun Aug 24 20:41:44 +0000 2014
503643355310743552;Sun Aug 24 20:41:47 +0000 2014
503643449988751361;Sun Aug 24 20:42:10 +0000 2014
503643456489943040;Sun Aug 24 20:42:11 +0000 2014
503643460101230594;Sun Aug 24 20:42:12 +0000 2014
503643355990220800;Sun Aug 24 20:41:47 +0000 2014
503643451490324480;Sun Aug 24 20:42:10 +0000 2014
503643341205299200;Sun Aug 24 20:41:44 +0000 2014
503643464899518464;Sun Aug 24 20:42:13 +0000 2014
503643465667076096;Sun Aug 24 20:42:14 +0000 2014
503643462370328576;Sun Aug 24 20:42:13 +0000 2014
503643365771341825;Sun Aug 24 20:41:50 +0000 2014
503643461602775040;Sun Aug 24 20:42:13 +0000 2014
503643364827598848;Sun Aug 24 20:41:50 +0000 2014
503643467160248320;Sun Aug 24 20:42:14 +0000 2014
503643364265193472;Sun Aug 24 20:41:49 +0000 2014
503643460797485056;Sun Aug 24 20:42:12 +0000 2014
503643344653012992;Sun Aug 24 20:41:45 +0000 2014
503643368237580288;Sun Aug 24 20:41:50 +0000 2014
503643347807129602;Sun Aug 24 20:41:46 +0000 2014
503643468510822400;Sun Aug 24 20:42:14 +0000 2014
503643357495963648;Sun Aug 24 20:41:48 +0000 2014
503643465826058240;Sun Aug 24 20:42:14 +0000 2014
503643362030026754;Sun Aug 24 20:41:49 +0000 2014
503643354677407744;Sun Aug 24 20:41:47 +0000 2014
503643457186168832;Sun Aug 24 20:42:12 +0000 2014
503643341880565760;Sun Aug 24 20:41:44 +0000 2014
503643353146064896;Sun Aug 24 20:41:47 +0000 2014
503643471262285824;Sun Aug 24 20:42:15 +0000 2014
503643472080171008;Sun Aug 24 20:42:15 +0000 2014
503643452748615681;Sun Aug 24 20:42:11 +0000 2014
503643465729581056;Sun Aug 24 20:42:14 +0000 2014
503643469982605312;Sun Aug 24 20:42:15 +0000 2014
503643343197577216;Sun Aug 24 20:41:44 +0000 2014
503643358934605824;Sun Aug 24 20:41:48 +0000 2014
503643364286550017;Sun Aug 24 20:41:49 +0000 2014
503643456900972544;Sun Aug 24 20:42:12 +0000 2014
503643360469725184;Sun Aug 24 20:41:49 +0000 2014
503643361254047744;Sun Aug 24 20:41:49 +0000 2014
503643344791031808;Sun Aug 24 20:41:45 +0000 2014
503643352106299392;Sun Aug 24 20:41:47 +0000 2014
503643349954613248;Sun Aug 24 20:41:46 +0000 2014
503643472445071361;Sun Aug 24 20:42:15 +0000 2014
503643353863294976;Sun Aug 24 20:41:47 +0000 2014
503643360557412352;Sun Aug 24 20:41:49 +0000 2014
503643449279938561;Sun Aug 24 20:42:10 +0000 2014
503643461405663232;Sun Aug 24 20:42:13 +0000 2014
503643350701191168;Sun Aug 24 20:41:46 +0000 2014
503643366580424704;Sun Aug 24 20:41:50 +0000 2014
503643359794434049;Sun Aug 24 20:41:48 +0000 2014
503643467134664704;Sun Aug 24 20:42:14 +0000 2014
503643459379789825;Sun Aug 24 20:42:12 +0000 2014
503643362658750464;Sun Aug 24 20:41:49 +0000 2014
503643456133419008;Sun Aug 24 20:42:11 +0000 2014
503643463125311488;Sun Aug 24 20:42:13 +0000 2014
503643466073915393;Sun Aug 24 20:42:14 +0000 2014
503643358284509184;Sun Aug 24 20:41:48 +0000 2014
503643339392966657;Sun Aug 24 20:41:44 +0000 2014
503643527101034497;Sun Aug 24 20:42:28 +0000 2014
503643507865968641;Sun Aug 24 20:42:24 +0000 2014
503643529324036097;Sun Aug 24 20:42:29 +0000 2014
503643482456457216;Sun Aug 24 20:42:18 +0000 2014
503643482733682688;Sun Aug 24 20:42:18 +0000 2014
503643486516559872;Sun Aug 24 20:42:19 +0000 2014
503643505026011136;Sun Aug 24 20:42:23 +0000 2014
503643535057227776;Sun Aug 24 20:42:30 +0000 2014
503643486956957697;Sun Aug 24 20:42:19 +0000 2014
503643501255720961;Sun Aug 24 20:42:22 +0000 2014
503643490967109632;Sun Aug 24 20:42:20 +0000 2014
503643509929558016;Sun Aug 24 20:42:24 +0000 2014
503643521807831041;Sun Aug 24 20:42:27 +0000 2014
503643495815720960;Sun Aug 24 20:42:21 +0000 2014
503643519719071746;Sun Aug 24 20:42:27 +0000 2014
503643497703153664;Sun Aug 24 20:42:21 +0000 2014
503643500576272384;Sun Aug 24 20:42:22 +0000 2014
503643488219852800;Sun Aug 24 20:42:19 +0000 2014
503643505336782848;Sun Aug 24 20:42:23 +0000 2014
503643512467103744;Sun Aug 24 20:42:25 +0000 2014
503643480372314112;Sun Aug 24 20:42:17 +0000 2014
503643525712736256;Sun Aug 24 20:42:28 +0000 2014
503643508537049091;Sun Aug 24 20:42:24 +0000 2014
503643501943615488;Sun Aug 24 20:42:22 +0000 2014
503643481328611328;Sun Aug 24 20:42:17 +0000 2014
503643517907111936;Sun Aug 24 20:42:26 +0000 2014
503643489037737984;Sun Aug 24 20:42:19 +0000 2014
503643485035978752;Sun Aug 24 20:42:18 +0000 2014
503643491852111872;Sun Aug 24 20:42:20 +0000 2014
503643483442532353;Sun Aug 24 20:42:18 +0000 2014
503643511355617280;Sun Aug 24 20:42:25 +0000 2014
503643494725197824;Sun Aug 24 20:42:21 +0000 2014
503643523296821248;Sun Aug 24 20:42:27 +0000 2014
503643506141708288;Sun Aug 24 20:42:23 +0000 2014
503643476207337472;Sun Aug 24 20:42:16 +0000 2014
503643535044653056;Sun Aug 24 20:42:30 +0000 2014
503643486835712000;Sun Aug 24 20:42:19 +0000 2014
503643516883709952;Sun Aug 24 20:42:26 +0000 2014
503643477683752961;Sun Aug 24 20:42:16 +0000 2014
503643474122788864;Sun Aug 24 20:42:16 +0000 2014
503643528455790592;Sun Aug 24 20:42:29 +0000 2014
503643484646277121;Sun Aug 24 20:42:18 +0000 2014
503643518922145792;Sun Aug 24 20:42:26 +0000 2014
503643481244725248;Sun Aug 24 20:42:17 +0000 2014
503643494846836736;Sun Aug 24 20:42:21 +0000 2014
503643507215839235;Sun Aug 24 20:42:24 +0000 2014
503643508549623808;Sun Aug 24 20:42:24 +0000 2014
503643524840308737;Sun Aug 24 20:42:28 +0000 2014
503643516174868480;Sun Aug 24 20:42:26 +0000 2014
503643529382748163;Sun Aug 24 20:42:29 +0000 2014
503643528732221440;Sun Aug 24 20:42:29 +0000 2014
503643504493731840;Sun Aug 24 20:42:23 +0000 2014
503643522986045440;Sun Aug 24 20:42:27 +0000 2014
503643493286567936;Sun Aug 24 20:42:20 +0000 2014
503643479025909761;Sun Aug 24 20:42:17 +0000 2014
503643476899405824;Sun Aug 24 20:42:16 +0000 2014
503643499808718850;Sun Aug 24 20:42:22 +0000 2014
503643502606311426;Sun Aug 24 20:42:22 +0000 2014
503643512932667393;Sun Aug 24 20:42:25 +0000 2014
503643499137609728;Sun Aug 24 20:42:22 +0000 2014
503643532541046784;Sun Aug 24 20:42:30 +0000 2014
503643474768703489;Sun Aug 24 20:42:16 +0000 2014
503643475544645632;Sun Aug 24 20:42:16 +0000 2014
503643485493559299;Sun Aug 24 20:42:18 +0000 2014
503643497426350081;Sun Aug 24 20:42:21 +0000 2014
503643526375407616;Sun Aug 24 20:42:28 +0000 2014
503643529697320960;Sun Aug 24 20:42:29 +0000 2014
503643487531978752;Sun Aug 24 20:42:19 +0000 2014
503643510911021056;Sun Aug 24 20:42:24 +0000 2014
503643517512851456;Sun Aug 24 20:42:26 +0000 2014
503643489742385152;Sun Aug 24 20:42:19 +0000 2014
503643527746949120;Sun Aug 24 20:42:28 +0000 2014
503643482029047808;Sun Aug 24 20:42:18 +0000 2014
503643512160923649;Sun Aug 24 20:42:25 +0000 2014
503643506100150274;Sun Aug 24 20:42:23 +0000 2014
503643503726178305;Sun Aug 24 20:42:23 +0000 2014
503643491143282688;Sun Aug 24 20:42:20 +0000 2014
503643518276206593;Sun Aug 24 20:42:26 +0000 2014
503643533647949825;Sun Aug 24 20:42:30 +0000 2014
503643493961838592;Sun Aug 24 20:42:20 +0000 2014
503643521140928512;Sun Aug 24 20:42:27 +0000 2014
503643514321002498;Sun Aug 24 20:42:25 +0000 2014
503643490316607488;Sun Aug 24 20:42:19 +0000 2014
503643486076538881;Sun Aug 24 20:42:18 +0000 2014
503643514505527297;Sun Aug 24 20:42:25 +0000 2014
503643486923403264;Sun Aug 24 20:42:19 +0000 2014
503643502723735553;Sun Aug 24 20:42:22 +0000 2014
503643479734755329;Sun Aug 24 20:42:17 +0000 2014
503643485418037249;Sun Aug 24 20:42:18 +0000 2014
503643551138607105;Sun Aug 24 20:42:34 +0000 2014
503643544436113409;Sun Aug 24 20:42:32 +0000 2014
503643541776908288;Sun Aug 24 20:42:32 +0000 2014
503643616045436930;Sun Aug 24 20:42:49 +0000 2014
503643599188545536;Sun Aug 24 20:42:46 +0000 2014
503643657137041409;Sun Aug 24 20:42:59 +0000 2014
503643619707068416;Sun Aug 24 20:42:50 +0000 2014
503643668725903360;Sun Aug 24 20:43:02 +0000 2014
503643541068062720;Sun Aug 24 20:42:32 +0000 2014
503643624622391296;Sun Aug 24 20:42:52 +0000 2014
503643583069839360;Sun Aug 24 20:42:42 +0000 2014
503643650224451584;Sun Aug 24 20:42:58 +0000 2014
503643553999126528;Sun Aug 24 20:42:35 +0000 2014
503643561116450816;Sun Aug 24 20:42:36 +0000 2014
503643551025348609;Sun Aug 24 20:42:34 +0000 2014
503643561804709889;Sun Aug 24 20:42:37 +0000 2014
503643605521944576;Sun Aug 24 20:42:47 +0000 2014
503643571535114241;Sun Aug 24 20:42:39 +0000 2014
503643618096058368;Sun Aug 24 20:42:50 +0000 2014
503643640447905792;Sun Aug 24 20:42:55 +0000 2014
503643589922926592;Sun Aug 24 20:42:43 +0000 2014
503643551813877760;Sun Aug 24 20:42:34 +0000 2014
503643618423234561;Sun Aug 24 20:42:50 +0000 2014
503643538081726464;Sun Aug 24 20:42:31 +0000 2014
503643645094801408;Sun Aug 24 20:42:56 +0000 2014
503643542393487360;Sun Aug 24 20:42:32 +0000 2014
503643570721394688;Sun Aug 24 20:42:39 +0000 2014
503643549456273409;Sun Aug 24 20:42:34 +0000 2014
503643557849477120;Sun Aug 24 20:42:36 +0000 2014
503643664015712256;Sun Aug 24 20:43:01 +0000 2014
503643543164829696;Sun Aug 24 20:42:32 +0000 2014
503643550391603200;Sun Aug 24 20:42:34 +0000 2014
503643536836026369;Sun Aug 24 20:42:31 +0000 2014
503643604774961152;Sun Aug 24 20:42:47 +0000 2014
503643548894658560;Sun Aug 24 20:42:33 +0000 2014
503643622198083584;Sun Aug 24 20:42:51 +0000 2014
503643599293386752;Sun Aug 24 20:42:45 +0000 2014
503643564375416832;Sun Aug 24 20:42:37 +0000 2014
503643663868514304;Sun Aug 24 20:43:01 +0000 2014
503643659682594816;Sun Aug 24 20:43:00 +0000 2014
503643656939520000;Sun Aug 24 20:42:59 +0000 2014
503643538194579457;Sun Aug 24 20:42:31 +0000 2014
503643566883622913;Sun Aug 24 20:42:38 +0000 2014
503643542464774144;Sun Aug 24 20:42:32 +0000 2014
503643652841672704;Sun Aug 24 20:42:58 +0000 2014
503643564698767361;Sun Aug 24 20:42:37 +0000 2014
503643649591476224;Sun Aug 24 20:42:58 +0000 2014
503643546604544000;Sun Aug 24 20:42:33 +0000 2014
503643549879918592;Sun Aug 24 20:42:34 +0000 2014
503643614669725696;Sun Aug 24 20:42:49 +0000 2014
503643536747954177;Sun Aug 24 20:42:31 +0000 2014
503643571254075393;Sun Aug 24 20:42:39 +0000 2014
503643600719052801;Sun Aug 24 20:42:46 +0000 2014
503643538752815106;Sun Aug 24 20:42:31 +0000 2014
503643644684161025;Sun Aug 24 20:42:56 +0000 2014
503643549695741953;Sun Aug 24 20:42:34 +0000 2014
503643596424503298;Sun Aug 24 20:42:45 +0000 2014
503643664539607041;Sun Aug 24 20:43:01 +0000 2014
503643596894273537;Sun Aug 24 20:42:45 +0000 2014
503643543739826176;Sun Aug 24 20:42:32 +0000 2014
503643569333104641;Sun Aug 24 20:42:38 +0000 2014
503643597041061888;Sun Aug 24 20:42:45 +0000 2014
503643644180824064;Sun Aug 24 20:42:56 +0000 2014
503643545958641664;Sun Aug 24 20:42:33 +0000 2014
503643595816316928;Sun Aug 24 20:42:45 +0000 2014
503643572307255296;Sun Aug 24 20:42:39 +0000 2014
503643548093526016;Sun Aug 24 20:42:33 +0000 2014
503643652053143553;Sun Aug 24 20:42:58 +0000 2014
503643668272529408;Sun Aug 24 20:43:02 +0000 2014
503643591114493952;Sun Aug 24 20:42:44 +0000 2014
503643559577550848;Sun Aug 24 20:42:36 +0000 2014
503643620587896832;Sun Aug 24 20:42:51 +0000 2014
503643613780516865;Sun Aug 24 20:42:49 +0000 2014
503643542690856960;Sun Aug 24 20:42:32 +0000 2014
503643584055476225;Sun Aug 24 20:42:42 +0000 2014
503643537385467904;Sun Aug 24 20:42:31 +0000 2014
503643606926630912;Sun Aug 24 20:42:47 +0000 2014
503643612609921024;Sun Aug 24 20:42:49 +0000 2014
503643771175960577;Sun Aug 24 20:43:26 +0000 2014
503643684785487873;Sun Aug 24 20:43:06 +0000 2014
503643774996996096;Sun Aug 24 20:43:27 +0000 2014
503643692176269312;Sun Aug 24 20:43:08 +0000 2014
503643797088002048;Sun Aug 24 20:43:33 +0000 2014
503643797319069696;Sun Aug 24 20:43:33 +0000 2014
503643742516301827;Sun Aug 24 20:43:20 +0000 2014
503643677437464577;Sun Aug 24 20:43:04 +0000 2014
503643711733891072;Sun Aug 24 20:43:12 +0000 2014
503643683426533376;Sun Aug 24 20:43:06 +0000 2014
503643780265046016;Sun Aug 24 20:43:29 +0000 2014
503643776183959553;Sun Aug 24 20:43:28 +0000 2014
503643717891149824;Sun Aug 24 20:43:14 +0000 2014
503643770974633985;Sun Aug 24 20:43:26 +0000 2014
503643720466845696;Sun Aug 24 20:43:14 +0000 2014
503643717480087552;Sun Aug 24 20:43:14 +0000 2014
503643778687963136;Sun Aug 24 20:43:28 +0000 2014
503643678821605376;Sun Aug 24 20:43:04 +0000 2014
503643798929670145;Sun Aug 24 20:43:33 +0000 2014
503643716465086464;Sun Aug 24 20:43:13 +0000 2014
503643757338578944;Sun Aug 24 20:43:23 +0000 2014
503643737126223872;Sun Aug 24 20:43:18 +0000 2014
503643771553067008;Sun Aug 24 20:43:27 +0000 2014
503643675730407424;Sun Aug 24 20:43:04 +0000 2014
503643789202694144;Sun Aug 24 20:43:31 +0000 2014
503643751961874432;Sun Aug 24 20:43:22 +0000 2014
503643712430542848;Sun Aug 24 20:43:12 +0000 2014
503643746265997312;Sun Aug 24 20:43:21 +0000 2014
503643757494161408;Sun Aug 24 20:43:23 +0000 2014
503643693455134720;Sun Aug 24 20:43:08 +0000 2014
503643697981169664;Sun Aug 24 20:43:09 +0000 2014
503643682860716032;Sun Aug 24 20:43:05 +0000 2014
503643738468798465;Sun Aug 24 20:43:19 +0000 2014
503643686182596609;Sun Aug 24 20:43:06 +0000 2014
503643762690514944;Sun Aug 24 20:43:24 +0000 2014
503643781603028994;Sun Aug 24 20:43:29 +0000 2014
503643731745320961;Sun Aug 24 20:43:17 +0000 2014
503643795020582912;Sun Aug 24 20:43:32 +0000 2014
503643766679695361;Sun Aug 24 20:43:25 +0000 2014
503643753245331456;Sun Aug 24 20:43:22 +0000 2014
503643777039204352;Sun Aug 24 20:43:28 +0000 2014
503643740553375744;Sun Aug 24 20:43:19 +0000 2014
503643675214499840;Sun Aug 24 20:43:04 +0000 2014
503643683015888896;Sun Aug 24 20:43:05 +0000 2014
503643676950921216;Sun Aug 24 20:43:04 +0000 2014
503643692591095808;Sun Aug 24 20:43:08 +0000 2014
503643746211090432;Sun Aug 24 20:43:21 +0000 2014
503643784585158656;Sun Aug 24 20:43:30 +0000 2014
503643778063007744;Sun Aug 24 20:43:28 +0000 2014
503643777651974144;Sun Aug 24 20:43:28 +0000 2014
503643719061757952;Sun Aug 24 20:43:14 +0000 2014
503643730239180800;Sun Aug 24 20:43:17 +0000 2014
503643687889272832;Sun Aug 24 20:43:07 +0000 2014
503643685691858944;Sun Aug 24 20:43:06 +0000 2014
503643674799255552;Sun Aug 24 20:43:03 +0000 2014
503643733296824321;Sun Aug 24 20:43:17 +0000 2014
503643683267571712;Sun Aug 24 20:43:06 +0000 2014
503643676560863233;Sun Aug 24 20:43:04 +0000 2014
503643767325605888;Sun Aug 24 20:43:26 +0000 2014
503643727294779392;Sun Aug 24 20:43:16 +0000 2014
503643741270183936;Sun Aug 24 20:43:19 +0000 2014
503643759050260480;Sun Aug 24 20:43:24 +0000 2014
503643775164350465;Sun Aug 24 20:43:27 +0000 2014
503643734299648002;Sun Aug 24 20:43:18 +0000 2014
503643740633038850;Sun Aug 24 20:43:19 +0000 2014
503643782391136256;Sun Aug 24 20:43:29 +0000 2014
503643730877100032;Sun Aug 24 20:43:17 +0000 2014
503643746777722881;Sun Aug 24 20:43:21 +0000 2014
503643755560185856;Sun Aug 24 20:43:23 +0000 2014
503643726351450112;Sun Aug 24 20:43:16 +0000 2014
503643676518543360;Sun Aug 24 20:43:04 +0000 2014
503643703249235968;Sun Aug 24 20:43:10 +0000 2014
503643773385969664;Sun Aug 24 20:43:27 +0000 2014
503643732810289152;Sun Aug 24 20:43:17 +0000 2014
503643693186695168;Sun Aug 24 20:43:08 +0000 2014
503643727491907584;Sun Aug 24 20:43:16 +0000 2014
503643927124406273;Sun Aug 24 20:44:04 +0000 2014
503643829656768512;Sun Aug 24 20:43:40 +0000 2014
503643903191302145;Sun Aug 24 20:43:58 +0000 2014
503643832387661825;Sun Aug 24 20:43:41 +0000 2014
503643799323541504;Sun Aug 24 20:43:33 +0000 2014
503643809310593024;Sun Aug 24 20:43:36 +0000 2014
503643870563794944;Sun Aug 24 20:43:50 +0000 2014
503643893108183040;Sun Aug 24 20:43:56 +0000 2014
503643817929879552;Sun Aug 24 20:43:38 +0000 2014
503643902763876354;Sun Aug 24 20:43:58 +0000 2014
503643902495031297;Sun Aug 24 20:43:58 +0000 2014
503643896413696000;Sun Aug 24 20:43:56 +0000 2014
503643887169454081;Sun Aug 24 20:43:54 +0000 2014
503643873353007104;Sun Aug 24 20:43:51 +0000 2014
503643800926183424;Sun Aug 24 20:43:34 +0000 2014
503643800208547840;Sun Aug 24 20:43:33 +0000 2014
503643908438786050;Sun Aug 24 20:43:59 +0000 2014
503643851643686912;Sun Aug 24 20:43:46 +0000 2014
503643883377410048;Sun Aug 24 20:43:53 +0000 2014
503643876461400064;Sun Aug 24 20:43:52 +0000 2014
503643850775494656;Sun Aug 24 20:43:45 +0000 2014
503643889648287749;Sun Aug 24 20:43:55 +0000 2014
503643844811169792;Sun Aug 24 20:43:44 +0000 2014
503643840121536514;Sun Aug 24 20:43:43 +0000 2014
503643818466754562;Sun Aug 24 20:43:38 +0000 2014
503643895666720768;Sun Aug 24 20:43:56 +0000 2014
503643801093558272;Sun Aug 24 20:43:34 +0000 2014
503643806013857793;Sun Aug 24 20:43:35 +0000 2014
503643855715958785;Sun Aug 24 20:43:47 +0000 2014
503643828897591296;Sun Aug 24 20:43:40 +0000 2014
503643920757047296;Sun Aug 24 20:44:02 +0000 2014
503643927090446337;Sun Aug 24 20:44:04 +0000 2014
503643903762104320;Sun Aug 24 20:43:58 +0000 2014
503643916131131393;Sun Aug 24 20:44:01 +0000 2014
503643838406479872;Sun Aug 24 20:43:42 +0000 2014
503643888968814592;Sun Aug 24 20:43:55 +0000 2014
503643885600784386;Sun Aug 24 20:43:54 +0000 2014
503643880383070210;Sun Aug 24 20:43:53 +0000 2014
503643822812057600;Sun Aug 24 20:43:39 +0000 2014
503643820433489920;Sun Aug 24 20:43:38 +0000 2014
503643866767966209;Sun Aug 24 20:43:49 +0000 2014
503643865962651648;Sun Aug 24 20:43:49 +0000 2014
503643868315676672;Sun Aug 24 20:43:50 +0000 2014
503643910522933248;Sun Aug 24 20:44:00 +0000 2014
503643821817602048;Sun Aug 24 20:43:39 +0000 2014
503643868022075392;Sun Aug 24 20:43:50 +0000 2014
503643863077380096;Sun Aug 24 20:43:48 +0000 2014
503643842865020928;Sun Aug 24 20:43:44 +0000 2014
503643913240854529;Sun Aug 24 20:44:00 +0000 2014
503643812829216769;Sun Aug 24 20:43:36 +0000 2014
503643897088991232;Sun Aug 24 20:43:56 +0000 2014
503643917884338176;Sun Aug 24 20:44:01 +0000 2014
503643808144572416;Sun Aug 24 20:43:35 +0000 2014
503643804860424192;Sun Aug 24 20:43:35 +0000 2014
503643888913874945;Sun Aug 24 20:43:55 +0000 2014
503643832324726785;Sun Aug 24 20:43:41 +0000 2014
503643811290304512;Sun Aug 24 20:43:36 +0000 2014
503643926922674176;Sun Aug 24 20:44:04 +0000 2014
503643809591615488;Sun Aug 24 20:43:36 +0000 2014
503643843078942720;Sun Aug 24 20:43:44 +0000 2014
503643867632386048;Sun Aug 24 20:43:49 +0000 2014
503644008120188928;Sun Aug 24 20:44:23 +0000 2014
503643962994069506;Sun Aug 24 20:44:12 +0000 2014
503644047882207232;Sun Aug 24 20:44:32 +0000 2014
503644034372751360;Sun Aug 24 20:44:29 +0000 2014
503643984351088640;Sun Aug 24 20:44:17 +0000 2014
503644030333231105;Sun Aug 24 20:44:28 +0000 2014
503644006048206848;Sun Aug 24 20:44:22 +0000 2014
503644057068130305;Sun Aug 24 20:44:35 +0000 2014
503644001996918785;Sun Aug 24 20:44:22 +0000 2014
503644039200407552;Sun Aug 24 20:44:31 +0000 2014
503643958866477057;Sun Aug 24 20:44:11 +0000 2014
503644054538964992;Sun Aug 24 20:44:34 +0000 2014
503643941300756480;Sun Aug 24 20:44:07 +0000 2014
503643976075726848;Sun Aug 24 20:44:15 +0000 2014
503643974800666624;Sun Aug 24 20:44:15 +0000 2014
503643979280175105;Sun Aug 24 20:44:16 +0000 2014
503644044174454784;Sun Aug 24 20:44:32 +0000 2014
503643994338103296;Sun Aug 24 20:44:20 +0000 2014
503644018006183936;Sun Aug 24 20:44:25 +0000 2014
503643944530366464;Sun Aug 24 20:44:08 +0000 2014
503644024654548992;Sun Aug 24 20:44:27 +0000 2014
503643961693458432;Sun Aug 24 20:44:12 +0000 2014
503644018488905728;Sun Aug 24 20:44:25 +0000 2014
503643932387864576;Sun Aug 24 20:44:05 +0000 2014
503643930035257345;Sun Aug 24 20:44:04 +0000 2014
503643946795274242;Sun Aug 24 20:44:08 +0000 2014
503644063934218242;Sun Aug 24 20:44:36 +0000 2014
503644058087350272;Sun Aug 24 20:44:35 +0000 2014
503644061811875840;Sun Aug 24 20:44:36 +0000 2014
503644043637555200;Sun Aug 24 20:44:31 +0000 2014
503644038017597440;Sun Aug 24 20:44:30 +0000 2014
503643931720966144;Sun Aug 24 20:44:05 +0000 2014
503643956630933504;Sun Aug 24 20:44:11 +0000 2014
503644053590654976;Sun Aug 24 20:44:34 +0000 2014
503643971193544704;Sun Aug 24 20:44:14 +0000 2014
503644041737560064;Sun Aug 24 20:44:31 +0000 2014
503643972418297856;Sun Aug 24 20:44:14 +0000 2014
503643965791293440;Sun Aug 24 20:44:13 +0000 2014
503644049543135232;Sun Aug 24 20:44:33 +0000 2014
503643978647240706;Sun Aug 24 20:44:16 +0000 2014
503643994145181697;Sun Aug 24 20:44:20 +0000 2014
503643955871748096;Sun Aug 24 20:44:10 +0000 2014
503643968786427905;Sun Aug 24 20:44:14 +0000 2014
503644022628294656;Sun Aug 24 20:44:26 +0000 2014
503643958304862209;Sun Aug 24 20:44:11 +0000 2014
503644047853223936;Sun Aug 24 20:44:32 +0000 2014
503643987576909825;Sun Aug 24 20:44:18 +0000 2014
503643932417622016;Sun Aug 24 20:44:05 +0000 2014
503643966890180608;Sun Aug 24 20:44:13 +0000 2014
503644029440229376;Sun Aug 24 20:44:28 +0000 2014
503644097018486784;Sun Aug 24 20:44:44 +0000 2014
503644146587168768;Sun Aug 24 20:44:56 +0000 2014
503644088042659840;Sun Aug 24 20:44:42 +0000 2014
503644213381050368;Sun Aug 24 20:45:12 +0000 2014
503644202719514624;Sun Aug 24 20:45:10 +0000 2014
503644116974989313;Sun Aug 24 20:44:49 +0000 2014
503644125733089280;Sun Aug 24 20:44:51 +0000 2014
503644108943286272;Sun Aug 24 20:44:47 +0000 2014
503644163556925440;Sun Aug 24 20:45:00 +0000 2014
503644119965900800;Sun Aug 24 20:44:50 +0000 2014
503644198797864960;Sun Aug 24 20:45:09 +0000 2014
503644134280663041;Sun Aug 24 20:44:53 +0000 2014
503644178912669696;Sun Aug 24 20:45:04 +0000 2014
503644073044238336;Sun Aug 24 20:44:38 +0000 2014
503644160419586048;Sun Aug 24 20:44:59 +0000 2014
503644125586259968;Sun Aug 24 20:44:51 +0000 2014
503644208289173504;Sun Aug 24 20:45:11 +0000 2014
503644079373025280;Sun Aug 24 20:44:40 +0000 2014
503644172889636864;Sun Aug 24 20:45:02 +0000 2014
503644205428662272;Sun Aug 24 20:45:10 +0000 2014
503644149069795328;Sun Aug 24 20:44:57 +0000 2014
503644119919759360;Sun Aug 24 20:44:50 +0000 2014
503644086856077313;Sun Aug 24 20:44:42 +0000 2014
503644095705653248;Sun Aug 24 20:44:44 +0000 2014
503644141117390848;Sun Aug 24 20:44:55 +0000 2014
503644089158733825;Sun Aug 24 20:44:42 +0000 2014
503644180917125121;Sun Aug 24 20:45:04 +0000 2014
503644199523086336;Sun Aug 24 20:45:09 +0000 2014
503644070481108992;Sun Aug 24 20:44:38 +0000 2014
503644147933511680;Sun Aug 24 20:44:56 +0000 2014
503644172688318468;Sun Aug 24 20:45:02 +0000 2014
503644103439945728;Sun Aug 24 20:44:46 +0000 2014
503644112520630272;Sun Aug 24 20:44:48 +0000 2014
503644165029519360;Sun Aug 24 20:45:00 +0000 2014
503644199095644160;Sun Aug 24 20:45:08 +0000 2014
503644177523957761;Sun Aug 24 20:45:03 +0000 2014
503644096649756673;Sun Aug 24 20:44:44 +0000 2014
503644084435550208;Sun Aug 24 20:44:41 +0000 2014
503644189704196096;Sun Aug 24 20:45:06 +0000 2014
503644166480732160;Sun Aug 24 20:45:01 +0000 2014
503644121643225088;Sun Aug 24 20:44:50 +0000 2014
503644166467751936;Sun Aug 24 20:45:01 +0000 2014
503644188479483904;Sun Aug 24 20:45:06 +0000 2014
503644148734251008;Sun Aug 24 20:44:56 +0000 2014
503644073287512065;Sun Aug 24 20:44:39 +0000 2014
503644108968452096;Sun Aug 24 20:44:47 +0000 2014
503644081982304256;Sun Aug 24 20:44:41 +0000 2014
503644109480136704;Sun Aug 24 20:44:47 +0000 2014
503644193776865280;Sun Aug 24 20:45:07 +0000 2014
503644209430409217;Sun Aug 24 20:45:11 +0000 2014
503644087715917824;Sun Aug 24 20:44:42 +0000 2014
503644137267023872;Sun Aug 24 20:44:54 +0000 2014
503644137904537601;Sun Aug 24 20:44:54 +0000 2014
503644202568527872;Sun Aug 24 20:45:09 +0000 2014
503644162466795522;Sun Aug 24 20:45:00 +0000 2014
503644096565874688;Sun Aug 24 20:44:44 +0000 2014
503644198424551424;Sun Aug 24 20:45:08 +0000 2014
503644079729565697;Sun Aug 24 20:44:40 +0000 2014
503644182255132672;Sun Aug 24 20:45:04 +0000 2014
503644176043360256;Sun Aug 24 20:45:03 +0000 2014
503644183811592192;Sun Aug 24 20:45:05 +0000 2014
503644192552546304;Sun Aug 24 20:45:07 +0000 2014
503644161346904064;Sun Aug 24 20:45:00 +0000 2014
503644148667518976;Sun Aug 24 20:44:57 +0000 2014
503644089212891136;Sun Aug 24 20:44:42 +0000 2014
503644088433139712;Sun Aug 24 20:44:42 +0000 2014
503644130908844033;Sun Aug 24 20:44:52 +0000 2014
503644118883389440;Sun Aug 24 20:44:49 +0000 2014
503644171606192128;Sun Aug 24 20:45:02 +0000 2014
503644342263640064;Sun Aug 24 20:45:43 +0000 2014
503644320629784577;Sun Aug 24 20:45:38 +0000 2014
503644361213505536;Sun Aug 24 20:45:47 +0000 2014
503644221182472192;Sun Aug 24 20:45:14 +0000 2014
503644314262851584;Sun Aug 24 20:45:36 +0000 2014
503644336656228352;Sun Aug 24 20:45:41 +0000 2014
503644311968178176;Sun Aug 24 20:45:35 +0000 2014
503644241713586176;Sun Aug 24 20:45:19 +0000 2014
503644291101900800;Sun Aug 24 20:45:30 +0000 2014
503644244599640064;Sun Aug 24 20:45:19 +0000 2014
503644298731339776;Sun Aug 24 20:45:32 +0000 2014
503644274143924225;Sun Aug 24 20:45:26 +0000 2014
503644329508749312;Sun Aug 24 20:45:40 +0000 2014
503644329835892736;Sun Aug 24 20:45:40 +0000 2014
503644306461048832;Sun Aug 24 20:45:34 +0000 2014
503644225930805248;Sun Aug 24 20:45:15 +0000 2014
503644311737475073;Sun Aug 24 20:45:35 +0000 2014
503644281265868800;Sun Aug 24 20:45:28 +0000 2014
503644319728033792;Sun Aug 24 20:45:37 +0000 2014
503644323577991168;Sun Aug 24 20:45:38 +0000 2014
503644220964356096;Sun Aug 24 20:45:14 +0000 2014
503644223959097344;Sun Aug 24 20:45:14 +0000 2014
503644240522391552;Sun Aug 24 20:45:18 +0000 2014
503644290451394560;Sun Aug 24 20:45:30 +0000 2014
503644228748980225;Sun Aug 24 20:45:16 +0000 2014
503644282931007488;Sun Aug 24 20:45:28 +0000 2014
503644355383787520;Sun Aug 24 20:45:46 +0000 2014
503644288501436416;Sun Aug 24 20:45:30 +0000 2014
503644352552660992;Sun Aug 24 20:45:45 +0000 2014
503644311993729024;Sun Aug 24 20:45:35 +0000 2014
503644275419402240;Sun Aug 24 20:45:27 +0000 2014
503644242741559296;Sun Aug 24 20:45:19 +0000 2014
503644306469830659;Sun Aug 24 20:45:34 +0000 2014
503644280439570432;Sun Aug 24 20:45:28 +0000 2014
503644288383987712;Sun Aug 24 20:45:30 +0000 2014
503644239549706240;Sun Aug 24 20:45:18 +0000 2014
503644356340105217;Sun Aug 24 20:45:46 +0000 2014
503644282818150401;Sun Aug 24 20:45:28 +0000 2014
503644220419502080;Sun Aug 24 20:45:14 +0000 2014
503644322643054592;Sun Aug 24 20:45:38 +0000 2014
503644231257165824;Sun Aug 24 20:45:16 +0000 2014
503644237460557824;Sun Aug 24 20:45:18 +0000 2014
503644329316196352;Sun Aug 24 20:45:40 +0000 2014
503644270889553921;Sun Aug 24 20:45:26 +0000 2014
503644319153004544;Sun Aug 24 20:45:37 +0000 2014
503644312979009536;Sun Aug 24 20:45:36 +0000 2014
503644318478118912;Sun Aug 24 20:45:37 +0000 2014
503644299352080384;Sun Aug 24 20:45:32 +0000 2014
503644286819106816;Sun Aug 24 20:45:29 +0000 2014
503644361478131716;Sun Aug 24 20:45:47 +0000 2014
503644312651829248;Sun Aug 24 20:45:36 +0000 2014
503644328280223745;Sun Aug 24 20:45:39 +0000 2014
503644245648211968;Sun Aug 24 20:45:20 +0000 2014
503644232402599937;Sun Aug 24 20:45:16 +0000 2014
503644316535758848;Sun Aug 24 20:45:36 +0000 2014
503644237851025410;Sun Aug 24 20:45:18 +0000 2014
503644311721111554;Sun Aug 24 20:45:35 +0000 2014
503644281131634688;Sun Aug 24 20:45:28 +0000 2014
503644353479204864;Sun Aug 24 20:45:45 +0000 2014
503644240346218497;Sun Aug 24 20:45:18 +0000 2014
503644296403103744;Sun Aug 24 20:45:32 +0000 2014
503644271745183744;Sun Aug 24 20:45:26 +0000 2014
503644221547368450;Sun Aug 24 20:45:14 +0000 2014
503644289059258370;Sun Aug 24 20:45:30 +0000 2014
503644293819797504;Sun Aug 24 20:45:31 +0000 2014
503644307715555330;Sun Aug 24 20:45:34 +0000 2014
503644297900875777;Sun Aug 24 20:45:32 +0000 2014
503644361541050368;Sun Aug 24 20:45:47 +0000 2014
503644257757188096;Sun Aug 24 20:45:22 +0000 2014
503644364451487744;Sun Aug 24 20:45:48 +0000 2014
503644228971290624;Sun Aug 24 20:45:16 +0000 2014
503644512636637185;Sun Aug 24 20:46:23 +0000 2014
503644421070798848;Sun Aug 24 20:46:01 +0000 2014
503644502104752128;Sun Aug 24 20:46:21 +0000 2014
503644464368189440;Sun Aug 24 20:46:12 +0000 2014
503644384563568640;Sun Aug 24 20:45:53 +0000 2014
503644526943436801;Sun Aug 24 20:46:27 +0000 2014
503644451453935616;Sun Aug 24 20:46:09 +0000 2014
503644369065218049;Sun Aug 24 20:45:49 +0000 2014
503644466885193728;Sun Aug 24 20:46:12 +0000 2014
503644402170863616;Sun Aug 24 20:45:57 +0000 2014
503644424845283328;Sun Aug 24 20:46:02 +0000 2014
503644477454819328;Sun Aug 24 20:46:15 +0000 2014
503644369497645057;Sun Aug 24 20:45:49 +0000 2014
503644405916770304;Sun Aug 24 20:45:58 +0000 2014
503644562342940672;Sun Aug 24 20:46:35 +0000 2014
503644368847118336;Sun Aug 24 20:45:49 +0000 2014
503644423079464961;Sun Aug 24 20:46:02 +0000 2014
503644453459218432;Sun Aug 24 20:46:09 +0000 2014
503644487789182977;Sun Aug 24 20:46:17 +0000 2014
503644434924179456;Sun Aug 24 20:46:05 +0000 2014
503644412271144960;Sun Aug 24 20:45:59 +0000 2014
503644412065615874;Sun Aug 24 20:45:59 +0000 2014
503644479622873090;Sun Aug 24 20:46:15 +0000 2014
503644443690676224;Sun Aug 24 20:46:07 +0000 2014
503644409343512576;Sun Aug 24 20:45:59 +0000 2014
503644482189807617;Sun Aug 24 20:46:16 +0000 2014
503644385117216768;Sun Aug 24 20:45:53 +0000 2014
503644410933178368;Sun Aug 24 20:45:59 +0000 2014
503644457938747392;Sun Aug 24 20:46:10 +0000 2014
503644489786085378;Sun Aug 24 20:46:18 +0000 2014
503644474556551170;Sun Aug 24 20:46:14 +0000 2014
503644370873368577;Sun Aug 24 20:45:49 +0000 2014
503644540729708545;Sun Aug 24 20:46:30 +0000 2014
503644475345088512;Sun Aug 24 20:46:14 +0000 2014
503644490792701953;Sun Aug 24 20:46:18 +0000 2014
503644404343513089;Sun Aug 24 20:45:57 +0000 2014
503644450779054081;Sun Aug 24 20:46:09 +0000 2014
503644510682091520;Sun Aug 24 20:46:23 +0000 2014
503644502687768576;Sun Aug 24 20:46:21 +0000 2014
503644562016178177;Sun Aug 24 20:46:35 +0000 2014
503644391723257857;Sun Aug 24 20:45:54 +0000 2014
503644429195173888;Sun Aug 24 20:46:03 +0000 2014
503644518689013762;Sun Aug 24 20:46:25 +0000 2014
503644510728249344;Sun Aug 24 20:46:23 +0000 2014
503644377227350016;Sun Aug 24 20:45:51 +0000 2014
503644486975516673;Sun Aug 24 20:46:17 +0000 2014
503644497306480640;Sun Aug 24 20:46:20 +0000 2014
503644553228713984;Sun Aug 24 20:46:33 +0000 2014
503644405480181760;Sun Aug 24 20:45:58 +0000 2014
503644432663863296;Sun Aug 24 20:46:04 +0000 2014
503644548925759488;Sun Aug 24 20:46:32 +0000 2014
503644549353598976;Sun Aug 24 20:46:32 +0000 2014
503644541397004288;Sun Aug 24 20:46:30 +0000 2014
503644427584544769;Sun Aug 24 20:46:03 +0000 2014
503644463944589312;Sun Aug 24 20:46:12 +0000 2014
503644523646316544;Sun Aug 24 20:46:26 +0000 2014
503644496014213120;Sun Aug 24 20:46:19 +0000 2014
503644484316712961;Sun Aug 24 20:46:17 +0000 2014
503644414762180608;Sun Aug 24 20:46:00 +0000 2014
503644457259245568;Sun Aug 24 20:46:10 +0000 2014
503644367522123776;Sun Aug 24 20:45:49 +0000 2014
503644497948192768;Sun Aug 24 20:46:20 +0000 2014
503644396223729665;Sun Aug 24 20:45:56 +0000 2014
503644565925277697;Sun Aug 24 20:46:36 +0000 2014
503644468520960000;Sun Aug 24 20:46:13 +0000 2014
503644543757996032;Sun Aug 24 20:46:31 +0000 2014
503644458899243008;Sun Aug 24 20:46:10 +0000 2014
503644473336008704;Sun Aug 24 20:46:14 +0000 2014
503644442969251840;Sun Aug 24 20:46:07 +0000 2014
503644440154501121;Sun Aug 24 20:46:06 +0000 2014
503644565849374722;Sun Aug 24 20:46:36 +0000 2014
503644545926430720;Sun Aug 24 20:46:31 +0000 2014
503644665208246272;Sun Aug 24 20:47:00 +0000 2014
503644582610206720;Sun Aug 24 20:46:40 +0000 2014
503644654383153152;Sun Aug 24 20:46:57 +0000 2014
503644703825612800;Sun Aug 24 20:47:09 +0000 2014
503644677409865728;Sun Aug 24 20:47:03 +0000 2014
503644659944419328;Sun Aug 24 20:46:58 +0000 2014
503644568236343296;Sun Aug 24 20:46:36 +0000 2014
503644686846681088;Sun Aug 24 20:47:05 +0000 2014
503644606844502016;Sun Aug 24 20:46:46 +0000 2014
503644686452809728;Sun Aug 24 20:47:05 +0000 2014
503644704689647617;Sun Aug 24 20:47:09 +0000 2014
503644622409588736;Sun Aug 24 20:46:49 +0000 2014
503644654781222912;Sun Aug 24 20:46:57 +0000 2014
503644689266782208;Sun Aug 24 20:47:05 +0000 2014
503644626788839424;Sun Aug 24 20:46:50 +0000 2014
503644609839632384;Sun Aug 24 20:46:46 +0000 2014
503644680853000192;Sun Aug 24 20:47:03 +0000 2014
503644602549555200;Sun Aug 24 20:46:45 +0000 2014
503644597940416512;Sun Aug 24 20:46:44 +0000 2014
503644638142799872;Sun Aug 24 20:46:53 +0000 2014
503644652084678656;Sun Aug 24 20:46:56 +0000 2014
503644568831553536;Sun Aug 24 20:46:37 +0000 2014
503644676776161280;Sun Aug 24 20:47:02 +0000 2014
503644650767261696;Sun Aug 24 20:46:56 +0000 2014
503644644480000000;Sun Aug 24 20:46:55 +0000 2014
503644662780157954;Sun Aug 24 20:46:59 +0000 2014
503644663526354944;Sun Aug 24 20:46:59 +0000 2014
503644588301504512;Sun Aug 24 20:46:41 +0000 2014
503644702839562241;Sun Aug 24 20:47:09 +0000 2014
503644602268909568;Sun Aug 24 20:46:45 +0000 2014
503644694174515200;Sun Aug 24 20:47:07 +0000 2014
503644694476488704;Sun Aug 24 20:47:07 +0000 2014
503644681402859520;Sun Aug 24 20:47:04 +0000 2014
503644613216047105;Sun Aug 24 20:46:47 +0000 2014
503644606907826176;Sun Aug 24 20:46:46 +0000 2014
503644691167211520;Sun Aug 24 20:47:06 +0000 2014
503644585428791297;Sun Aug 24 20:46:41 +0000 2014
503644601396523008;Sun Aug 24 20:46:44 +0000 2014
503644617267761152;Sun Aug 24 20:46:48 +0000 2014
503644673454645248;Sun Aug 24 20:47:02 +0000 2014
503644613996208130;Sun Aug 24 20:46:47 +0000 2014
503644638914174976;Sun Aug 24 20:46:53 +0000 2014
503644676289617920;Sun Aug 24 20:47:02 +0000 2014
503644616592076800;Sun Aug 24 20:46:48 +0000 2014
503644617825615872;Sun Aug 24 20:46:48 +0000 2014
503644706106900480;Sun Aug 24 20:47:09 +0000 2014
503644582069161984;Sun Aug 24 20:46:40 +0000 2014
503644698402361344;Sun Aug 24 20:47:08 +0000 2014
503644691124871168;Sun Aug 24 20:47:06 +0000 2014
503644579875540992;Sun Aug 24 20:46:39 +0000 2014
503644688490852352;Sun Aug 24 20:47:05 +0000 2014
503644630089732097;Sun Aug 24 20:46:51 +0000 2014
503644681037570049;Sun Aug 24 20:47:03 +0000 2014
503644569360019456;Sun Aug 24 20:46:37 +0000 2014
503644626813591552;Sun Aug 24 20:46:50 +0000 2014
503644639228723200;Sun Aug 24 20:46:53 +0000 2014
503644627405381632;Sun Aug 24 20:46:51 +0000 2014
503644745047228417;Sun Aug 24 20:47:19 +0000 2014
503644712352239616;Sun Aug 24 20:47:11 +0000 2014
503644827422965760;Sun Aug 24 20:47:38 +0000 2014
503644883698319360;Sun Aug 24 20:47:52 +0000 2014
503644764307468288;Sun Aug 24 20:47:23 +0000 2014
503644841272950785;Sun Aug 24 20:47:42 +0000 2014
503644818472726530;Sun Aug 24 20:47:36 +0000 2014
503644742358667265;Sun Aug 24 20:47:18 +0000 2014
503644801926184960;Sun Aug 24 20:47:32 +0000 2014
503644746485886976;Sun Aug 24 20:47:19 +0000 2014
503644720166604800;Sun Aug 24 20:47:13 +0000 2014
503644837883940864;Sun Aug 24 20:47:41 +0000 2014
503644727149723648;Sun Aug 24 20:47:14 +0000 2014
503644714562617344;Sun Aug 24 20:47:11 +0000 2014
503644898449293312;Sun Aug 24 20:47:55 +0000 2014
503644788868931584;Sun Aug 24 20:47:29 +0000 2014
503644869458677761;Sun Aug 24 20:47:48 +0000 2014
503644756967444482;Sun Aug 24 20:47:22 +0000 2014
503644890841235456;Sun Aug 24 20:47:53 +0000 2014
503644790458961921;Sun Aug 24 20:47:29 +0000 2014
503644897623408640;Sun Aug 24 20:47:55 +0000 2014
503644808070447104;Sun Aug 24 20:47:34 +0000 2014
503644805130223616;Sun Aug 24 20:47:33 +0000 2014
503644799472136192;Sun Aug 24 20:47:32 +0000 2014
503644805583228928;Sun Aug 24 20:47:33 +0000 2014
503644856569577476;Sun Aug 24 20:47:45 +0000 2014
503644744199573504;Sun Aug 24 20:47:18 +0000 2014
503644839162826752;Sun Aug 24 20:47:41 +0000 2014
503644807839748096;Sun Aug 24 20:47:34 +0000 2014
503644800789123073;Sun Aug 24 20:47:32 +0000 2014
503644749648384000;Sun Aug 24 20:47:20 +0000 2014
503644841818206209;Sun Aug 24 20:47:42 +0000 2014
503644713699004416;Sun Aug 24 20:47:11 +0000 2014
503644745160073216;Sun Aug 24 20:47:19 +0000 2014
503644740609654784;Sun Aug 24 20:47:18 +0000 2014
503644834150617088;Sun Aug 24 20:47:40 +0000 2014
503644843243876353;Sun Aug 24 20:47:42 +0000 2014
503644713761517568;Sun Aug 24 20:47:11 +0000 2014
503644735618428929;Sun Aug 24 20:47:16 +0000 2014
503644852752752641;Sun Aug 24 20:47:44 +0000 2014
503644751912923136;Sun Aug 24 20:47:20 +0000 2014
503644849225351169;Sun Aug 24 20:47:44 +0000 2014
503644890576609281;Sun Aug 24 20:47:53 +0000 2014
503644770728947712;Sun Aug 24 20:47:25 +0000 2014
503644821521567744;Sun Aug 24 20:47:37 +0000 2014
503644720724074496;Sun Aug 24 20:47:13 +0000 2014
503644800944336896;Sun Aug 24 20:47:32 +0000 2014
503644837993021440;Sun Aug 24 20:47:41 +0000 2014
503644780937895937;Sun Aug 24 20:47:27 +0000 2014
503644885908750336;Sun Aug 24 20:47:52 +0000 2014
503644834826313729;Sun Aug 24 20:47:40 +0000 2014
503644771429412864;Sun Aug 24 20:47:25 +0000 2014
503644786063331329;Sun Aug 24 20:47:28 +0000 2014
503644784381415425;Sun Aug 24 20:47:28 +0000 2014
503644819009187842;Sun Aug 24 20:47:36 +0000 2014
503644768836927488;Sun Aug 24 20:47:24 +0000 2014
503644817197645825;Sun Aug 24 20:47:36 +0000 2014
503644802110341121;Sun Aug 24 20:47:32 +0000 2014
503644902493011968;Sun Aug 24 20:47:56 +0000 2014
503644885753143296;Sun Aug 24 20:47:52 +0000 2014
503644869500227584;Sun Aug 24 20:47:48 +0000 2014
503644726734516224;Sun Aug 24 20:47:14 +0000 2014
503644931567935490;Sun Aug 24 20:48:03 +0000 2014
503644949011644416;Sun Aug 24 20:48:07 +0000 2014
503644952686260224;Sun Aug 24 20:48:08 +0000 2014
503644909451358208;Sun Aug 24 20:47:58 +0000 2014
503644917210423296;Sun Aug 24 20:48:00 +0000 2014
503644998386982912;Sun Aug 24 20:48:19 +0000 2014
503644914593198080;Sun Aug 24 20:47:59 +0000 2014
503644966082461696;Sun Aug 24 20:48:11 +0000 2014
503644975788089344;Sun Aug 24 20:48:14 +0000 2014
503644920843079680;Sun Aug 24 20:48:01 +0000 2014
503644959237758976;Sun Aug 24 20:48:10 +0000 2014
503644966024134660;Sun Aug 24 20:48:11 +0000 2014
503645008755687424;Sun Aug 24 20:48:22 +0000 2014
503644942896336896;Sun Aug 24 20:48:06 +0000 2014
503644949083357184;Sun Aug 24 20:48:07 +0000 2014
503644962341134337;Sun Aug 24 20:48:10 +0000 2014
503644980775514112;Sun Aug 24 20:48:15 +0000 2014
503644907635245058;Sun Aug 24 20:47:57 +0000 2014
503644909996220416;Sun Aug 24 20:47:58 +0000 2014
503644998840352768;Sun Aug 24 20:48:19 +0000 2014
503644914849042432;Sun Aug 24 20:47:59 +0000 2014
503644988606259200;Sun Aug 24 20:48:17 +0000 2014
503645007547346944;Sun Aug 24 20:48:21 +0000 2014
503644975889133568;Sun Aug 24 20:48:14 +0000 2014
503644905345134592;Sun Aug 24 20:47:57 +0000 2014
503644986257440768;Sun Aug 24 20:48:16 +0000 2014
503644972344954880;Sun Aug 24 20:48:13 +0000 2014
503644998412554240;Sun Aug 24 20:48:19 +0000 2014
503644946109181952;Sun Aug 24 20:48:07 +0000 2014
503644931341041664;Sun Aug 24 20:48:03 +0000 2014
503644978183413761;Sun Aug 24 20:48:14 +0000 2014
503644955743485952;Sun Aug 24 20:48:09 +0000 2014
503644946587721730;Sun Aug 24 20:48:07 +0000 2014
503644918074843137;Sun Aug 24 20:48:00 +0000 2014
503644916732682240;Sun Aug 24 20:48:00 +0000 2014
503644960588333056;Sun Aug 24 20:48:10 +0000 2014
503644933589184512;Sun Aug 24 20:48:04 +0000 2014
503644918146158593;Sun Aug 24 20:48:00 +0000 2014
503645004322312192;Sun Aug 24 20:48:20 +0000 2014
503644955756486656;Sun Aug 24 20:48:09 +0000 2014
503644903994171392;Sun Aug 24 20:47:57 +0000 2014
503644977407483904;Sun Aug 24 20:48:14 +0000 2014
503644995216506880;Sun Aug 24 20:48:18 +0000 2014
503645006327209984;Sun Aug 24 20:48:21 +0000 2014
503644930187993089;Sun Aug 24 20:48:03 +0000 2014
503644966342512642;Sun Aug 24 20:48:11 +0000 2014
503644974131707904;Sun Aug 24 20:48:13 +0000 2014
503644910386704384;Sun Aug 24 20:47:58 +0000 2014
503645005290823681;Sun Aug 24 20:48:21 +0000 2014
503645099423973376;Sun Aug 24 20:48:43 +0000 2014
503645172102889472;Sun Aug 24 20:49:00 +0000 2014
503645041294704640;Sun Aug 24 20:48:29 +0000 2014
503645123133964288;Sun Aug 24 20:48:49 +0000 2014
503645024949530624;Sun Aug 24 20:48:25 +0000 2014
503645136426119168;Sun Aug 24 20:48:52 +0000 2014
503645117094182912;Sun Aug 24 20:48:47 +0000 2014
503645053978705920;Sun Aug 24 20:48:32 +0000 2014
503645044575064064;Sun Aug 24 20:48:30 +0000 2014
503645028930306048;Sun Aug 24 20:48:26 +0000 2014
503645089164296192;Sun Aug 24 20:48:41 +0000 2014
503645050627035136;Sun Aug 24 20:48:32 +0000 2014
503645075163717632;Sun Aug 24 20:48:37 +0000 2014
503645153534693377;Sun Aug 24 20:48:56 +0000 2014
503645030679330817;Sun Aug 24 20:48:27 +0000 2014
503645103496638464;Sun Aug 24 20:48:44 +0000 2014
503645147146383360;Sun Aug 24 20:48:55 +0000 2014
503645021330235393;Sun Aug 24 20:48:25 +0000 2014
503645030117310465;Sun Aug 24 20:48:27 +0000 2014
503645067576217600;Sun Aug 24 20:48:36 +0000 2014
503645064124305408;Sun Aug 24 20:48:35 +0000 2014
503645015633973248;Sun Aug 24 20:48:23 +0000 2014
503645071443382272;Sun Aug 24 20:48:36 +0000 2014
503645043010584576;Sun Aug 24 20:48:30 +0000 2014
503645080565977088;Sun Aug 24 20:48:39 +0000 2014
503645013793062912;Sun Aug 24 20:48:23 +0000 2014
503645095695233025;Sun Aug 24 20:48:42 +0000 2014
503645102318034944;Sun Aug 24 20:48:44 +0000 2014
503645117404553216;Sun Aug 24 20:48:47 +0000 2014
503645169993129984;Sun Aug 24 20:49:00 +0000 2014
503645131342229504;Sun Aug 24 20:48:51 +0000 2014
503645162233290752;Sun Aug 24 20:48:58 +0000 2014
503645030742233088;Sun Aug 24 20:48:27 +0000 2014
503645045082570752;Sun Aug 24 20:48:30 +0000 2014
503645170315710464;Sun Aug 24 20:49:00 +0000 2014
503645019048534016;Sun Aug 24 20:48:24 +0000 2014
503645023275991040;Sun Aug 24 20:48:25 +0000 2014
503645155120144384;Sun Aug 24 20:48:56 +0000 2014
503645159536738306;Sun Aug 24 20:48:57 +0000 2014
503645098551558144;Sun Aug 24 20:48:43 +0000 2014
503645088283496448;Sun Aug 24 20:48:41 +0000 2014
503645050656419840;Sun Aug 24 20:48:32 +0000 2014
503645170466684928;Sun Aug 24 20:49:00 +0000 2014
503645175319912450;Sun Aug 24 20:49:01 +0000 2014
503645175265361920;Sun Aug 24 20:49:01 +0000 2014
503645085654089728;Sun Aug 24 20:48:40 +0000 2014
503645094181085185;Sun Aug 24 20:48:42 +0000 2014
503645077357350912;Sun Aug 24 20:48:38 +0000 2014
503645108689207296;Sun Aug 24 20:48:45 +0000 2014
503645108739526656;Sun Aug 24 20:48:45 +0000 2014
503645057656700928;Sun Aug 24 20:48:33 +0000 2014
503645131883286528;Sun Aug 24 20:48:51 +0000 2014
503645161138565120;Sun Aug 24 20:48:58 +0000 2014
503645121712492544;Sun Aug 24 20:48:48 +0000 2014
503645017693777920;Sun Aug 24 20:48:24 +0000 2014
503645058110083072;Sun Aug 24 20:48:33 +0000 2014
503645042398208000;Sun Aug 24 20:48:30 +0000 2014
503645043538657280;Sun Aug 24 20:48:30 +0000 2014
503645039726448640;Sun Aug 24 20:48:29 +0000 2014
503645146844758016;Sun Aug 24 20:48:54 +0000 2014
503645138435182592;Sun Aug 24 20:48:52 +0000 2014
503645170760683523;Sun Aug 24 20:49:00 +0000 2014
503645114619551744;Sun Aug 24 20:48:47 +0000 2014
503645139735445504;Sun Aug 24 20:48:53 +0000 2014
503645076942102528;Sun Aug 24 20:48:38 +0000 2014
503645097565495296;Sun Aug 24 20:48:43 +0000 2014
503645036760666112;Sun Aug 24 20:48:28 +0000 2014
503645124019384320;Sun Aug 24 20:48:49 +0000 2014
503645191329554433;Sun Aug 24 20:49:05 +0000 2014
503645203572346880;Sun Aug 24 20:49:08 +0000 2014
503645271562412032;Sun Aug 24 20:49:24 +0000 2014
503645282987679744;Sun Aug 24 20:49:27 +0000 2014
503645262175567872;Sun Aug 24 20:49:22 +0000 2014
503645212208427008;Sun Aug 24 20:49:10 +0000 2014
503645257804689409;Sun Aug 24 20:49:21 +0000 2014
503645285948481536;Sun Aug 24 20:49:28 +0000 2014
503645198652428289;Sun Aug 24 20:49:07 +0000 2014
503645255720124416;Sun Aug 24 20:49:20 +0000 2014
503645256420569088;Sun Aug 24 20:49:21 +0000 2014
503645207355592704;Sun Aug 24 20:49:09 +0000 2014
503645218063654912;Sun Aug 24 20:49:11 +0000 2014
503645200183730177;Sun Aug 24 20:49:07 +0000 2014
503645219837857792;Sun Aug 24 20:49:12 +0000 2014
503645251727556609;Sun Aug 24 20:49:20 +0000 2014
503645225126883328;Sun Aug 24 20:49:13 +0000 2014
503645226192236544;Sun Aug 24 20:49:13 +0000 2014
503645217510019073;Sun Aug 24 20:49:11 +0000 2014
503645272086282240;Sun Aug 24 20:49:24 +0000 2014
503645245373169664;Sun Aug 24 20:49:18 +0000 2014
503645260845944832;Sun Aug 24 20:49:22 +0000 2014
503645230139052032;Sun Aug 24 20:49:14 +0000 2014
503645213274165250;Sun Aug 24 20:49:10 +0000 2014
503645236933824513;Sun Aug 24 20:49:16 +0000 2014
503645199026106368;Sun Aug 24 20:49:07 +0000 2014
503645247868383232;Sun Aug 24 20:49:19 +0000 2014
503645279900278784;Sun Aug 24 20:49:26 +0000 2014
503645208383201281;Sun Aug 24 20:49:09 +0000 2014
503645238447988736;Sun Aug 24 20:49:16 +0000 2014
503645226565517312;Sun Aug 24 20:49:13 +0000 2014
503645285700997120;Sun Aug 24 20:49:28 +0000 2014
503645225659957249;Sun Aug 24 20:49:13 +0000 2014
503645225948958720;Sun Aug 24 20:49:13 +0000 2014
503645243539861504;Sun Aug 24 20:49:18 +0000 2014
503645238435807232;Sun Aug 24 20:49:16 +0000 2014
503645225214951424;Sun Aug 24 20:49:13 +0000 2014
503645219917922304;Sun Aug 24 20:49:12 +0000 2014
503645225009426432;Sun Aug 24 20:49:13 +0000 2014
503645242944663552;Sun Aug 24 20:49:17 +0000 2014
503645237722361857;Sun Aug 24 20:49:16 +0000 2014
503645251769081856;Sun Aug 24 20:49:20 +0000 2014
503645202007851008;Sun Aug 24 20:49:08 +0000 2014
503645264503005184;Sun Aug 24 20:49:22 +0000 2014
503645249034387456;Sun Aug 24 20:49:19 +0000 2014
503645271398416384;Sun Aug 24 20:49:24 +0000 2014
503645232697974784;Sun Aug 24 20:49:15 +0000 2014
503645245855129600;Sun Aug 24 20:49:18 +0000 2014
503645281628352512;Sun Aug 24 20:49:27 +0000 2014
503645214926307328;Sun Aug 24 20:49:11 +0000 2014
503645242206478338;Sun Aug 24 20:49:17 +0000 2014
503645197587070976;Sun Aug 24 20:49:07 +0000 2014
503645196156805120;Sun Aug 24 20:49:06 +0000 2014
503645267464163328;Sun Aug 24 20:49:23 +0000 2014
503645274342838272;Sun Aug 24 20:49:25 +0000 2014
503645219670085632;Sun Aug 24 20:49:12 +0000 2014
503645270446702593;Sun Aug 24 20:49:24 +0000 2014
503645245003677696;Sun Aug 24 20:49:18 +0000 2014
503645228948279296;Sun Aug 24 20:49:14 +0000 2014
503645277354721280;Sun Aug 24 20:49:26 +0000 2014
503645336758669312;Sun Aug 24 20:49:40 +0000 2014
503645314301964288;Sun Aug 24 20:49:34 +0000 2014
503645392248922112;Sun Aug 24 20:49:53 +0000 2014
503645368626597889;Sun Aug 24 20:49:47 +0000 2014
503645334414049280;Sun Aug 24 20:49:39 +0000 2014
503645371428384768;Sun Aug 24 20:49:48 +0000 2014
503645323970224130;Sun Aug 24 20:49:37 +0000 2014
503645325853093889;Sun Aug 24 20:49:37 +0000 2014
503645346053234689;Sun Aug 24 20:49:42 +0000 2014
503645368001634304;Sun Aug 24 20:49:47 +0000 2014
503645387882647552;Sun Aug 24 20:49:52 +0000 2014
503645317905252352;Sun Aug 24 20:49:35 +0000 2014
503645328793288704;Sun Aug 24 20:49:38 +0000 2014
503645296157421568;Sun Aug 24 20:49:30 +0000 2014
503645400079675392;Sun Aug 24 20:49:55 +0000 2014
503645388830560256;Sun Aug 24 20:49:52 +0000 2014
503645315618967552;Sun Aug 24 20:49:35 +0000 2014
503645393997946880;Sun Aug 24 20:49:53 +0000 2014
503645301886832640;Sun Aug 24 20:49:31 +0000 2014
503645327107190784;Sun Aug 24 20:49:37 +0000 2014
503645372590219265;Sun Aug 24 20:49:48 +0000 2014
503645340306644992;Sun Aug 24 20:49:41 +0000 2014
503645394384191488;Sun Aug 24 20:49:54 +0000 2014
503645336129515521;Sun Aug 24 20:49:40 +0000 2014
503645291586015232;Sun Aug 24 20:49:29 +0000 2014
503645369356402688;Sun Aug 24 20:49:47 +0000 2014
503645316743458816;Sun Aug 24 20:49:35 +0000 2014
503645393385582592;Sun Aug 24 20:49:53 +0000 2014
503645362125414400;Sun Aug 24 20:49:46 +0000 2014
503645375886938112;Sun Aug 24 20:49:49 +0000 2014
503645380249018368;Sun Aug 24 20:49:50 +0000 2014
503645366018113536;Sun Aug 24 20:49:47 +0000 2014
503645289597919232;Sun Aug 24 20:49:29 +0000 2014
503645383617413121;Sun Aug 24 20:49:51 +0000 2014
503645363069542401;Sun Aug 24 20:49:46 +0000 2014
503645363127869440;Sun Aug 24 20:49:46 +0000 2014
503645300506914816;Sun Aug 24 20:49:31 +0000 2014
503645299886530562;Sun Aug 24 20:49:31 +0000 2014
503645322972000256;Sun Aug 24 20:49:36 +0000 2014
503645369927237632;Sun Aug 24 20:49:48 +0000 2014
503645330370723843;Sun Aug 24 20:49:38 +0000 2014
503645309701218304;Sun Aug 24 20:49:33 +0000 2014
503645293653409792;Sun Aug 24 20:49:29 +0000 2014
503645367934918656;Sun Aug 24 20:49:47 +0000 2014
503645347264995328;Sun Aug 24 20:49:42 +0000 2014
503645373379125248;Sun Aug 24 20:49:48 +0000 2014
503645372145999873;Sun Aug 24 20:49:48 +0000 2014
503645376532848640;Sun Aug 24 20:49:49 +0000 2014
503645340801564672;Sun Aug 24 20:49:41 +0000 2014
503645297457635328;Sun Aug 24 20:49:30 +0000 2014
503645371340312576;Sun Aug 24 20:49:48 +0000 2014
503645387539107843;Sun Aug 24 20:49:52 +0000 2014
503645323730751489;Sun Aug 24 20:49:37 +0000 2014
503645383499993088;Sun Aug 24 20:49:51 +0000 2014
503645294601330690;Sun Aug 24 20:49:30 +0000 2014
503645317535780864;Sun Aug 24 20:49:35 +0000 2014
503645382249697280;Sun Aug 24 20:49:51 +0000 2014
503645353531695105;Sun Aug 24 20:49:44 +0000 2014
503645316239745024;Sun Aug 24 20:49:35 +0000 2014
503645333855801345;Sun Aug 24 20:49:39 +0000 2014
503645346132922369;Sun Aug 24 20:49:42 +0000 2014
503645328252219392;Sun Aug 24 20:49:38 +0000 2014
503645388520181760;Sun Aug 24 20:49:52 +0000 2014
503645336154689537;Sun Aug 24 20:49:40 +0000 2014
503645292990722048;Sun Aug 24 20:49:29 +0000 2014
503645305863430144;Sun Aug 24 20:49:32 +0000 2014
503645420875423746;Sun Aug 24 20:50:00 +0000 2014
503645439120248832;Sun Aug 24 20:50:04 +0000 2014
503645489569742849;Sun Aug 24 20:50:16 +0000 2014
503645450608836608;Sun Aug 24 20:50:07 +0000 2014
503645414235856896;Sun Aug 24 20:49:58 +0000 2014
503645447869591552;Sun Aug 24 20:50:06 +0000 2014
503645478882250752;Sun Aug 24 20:50:14 +0000 2014
503645462520266753;Sun Aug 24 20:50:10 +0000 2014
503645420472397824;Sun Aug 24 20:50:00 +0000 2014
503645484104167424;Sun Aug 24 20:50:15 +0000 2014
503645450226765824;Sun Aug 24 20:50:07 +0000 2014
503645436498833408;Sun Aug 24 20:50:04 +0000 2014
503645486927335424;Sun Aug 24 20:50:16 +0000 2014
503645457663283200;Sun Aug 24 20:50:09 +0000 2014
503645438495694848;Sun Aug 24 20:50:04 +0000 2014
503645455415119872;Sun Aug 24 20:50:08 +0000 2014
503645426260525056;Sun Aug 24 20:50:01 +0000 2014
503645445563105280;Sun Aug 24 20:50:06 +0000 2014
503645439795548160;Sun Aug 24 20:50:04 +0000 2014
503645490143952897;Sun Aug 24 20:50:16 +0000 2014
503645446498430976;Sun Aug 24 20:50:06 +0000 2014
503645428135374848;Sun Aug 24 20:50:02 +0000 2014
503645418459103232;Sun Aug 24 20:49:59 +0000 2014
503645442614497280;Sun Aug 24 20:50:05 +0000 2014
503645470896316416;Sun Aug 24 20:50:12 +0000 2014
503645498415513600;Sun Aug 24 20:50:18 +0000 2014
503645437484494848;Sun Aug 24 20:50:04 +0000 2014
503645446917472257;Sun Aug 24 20:50:06 +0000 2014
503645423370645504;Sun Aug 24 20:50:00 +0000 2014
503645495689224193;Sun Aug 24 20:50:18 +0000 2014
503645468845293568;Sun Aug 24 20:50:11 +0000 2014
503645486490730497;Sun Aug 24 20:50:15 +0000 2014
503645454006222848;Sun Aug 24 20:50:08 +0000 2014
503645476860616705;Sun Aug 24 20:50:13 +0000 2014
503645457156169728;Sun Aug 24 20:50:08 +0000 2014
503645436360417280;Sun Aug 24 20:50:03 +0000 2014
503645486390050816;Sun Aug 24 20:50:16 +0000 2014
503645486427803648;Sun Aug 24 20:50:15 +0000 2014
503645464181604353;Sun Aug 24 20:50:10 +0000 2014
503645460280528896;Sun Aug 24 20:50:09 +0000 2014
503645447341092864;Sun Aug 24 20:50:06 +0000 2014
503645429960290304;Sun Aug 24 20:50:02 +0000 2014
503645419121803264;Sun Aug 24 20:49:59 +0000 2014
503645436997955585;Sun Aug 24 20:50:04 +0000 2014
503645426122113024;Sun Aug 24 20:50:01 +0000 2014
503645423005757442;Sun Aug 24 20:50:00 +0000 2014
503645420803735552;Sun Aug 24 20:50:00 +0000 2014
503645436129714176;Sun Aug 24 20:50:03 +0000 2014
503645407654998016;Sun Aug 24 20:49:57 +0000 2014
503645457923321856;Sun Aug 24 20:50:09 +0000 2014
503645427162296321;Sun Aug 24 20:50:01 +0000 2014
503645448754962434;Sun Aug 24 20:50:06 +0000 2014
503645481524686849;Sun Aug 24 20:50:14 +0000 2014
503645459177820161;Sun Aug 24 20:50:09 +0000 2014
503645420900196352;Sun Aug 24 20:50:00 +0000 2014
503645456820617217;Sun Aug 24 20:50:08 +0000 2014
503645441301311489;Sun Aug 24 20:50:05 +0000 2014
503645469482827778;Sun Aug 24 20:50:11 +0000 2014
503645445629833216;Sun Aug 24 20:50:06 +0000 2014
503645466220052480;Sun Aug 24 20:50:11 +0000 2014
503645460574531584;Sun Aug 24 20:50:09 +0000 2014
503645598105743360;Sun Aug 24 20:50:42 +0000 2014
503645593088978944;Sun Aug 24 20:50:41 +0000 2014
503645568942747648;Sun Aug 24 20:50:35 +0000 2014
503645555440877569;Sun Aug 24 20:50:32 +0000 2014
503645513145929728;Sun Aug 24 20:50:22 +0000 2014
503645548793307136;Sun Aug 24 20:50:30 +0000 2014
503645562223468544;Sun Aug 24 20:50:33 +0000 2014
503645538504671232;Sun Aug 24 20:50:28 +0000 2014
503645566127988736;Sun Aug 24 20:50:34 +0000 2014
503645523950460929;Sun Aug 24 20:50:24 +0000 2014
503645594326282240;Sun Aug 24 20:50:41 +0000 2014
503645551435333634;Sun Aug 24 20:50:31 +0000 2014
503645525250699264;Sun Aug 24 20:50:25 +0000 2014
503645560398569472;Sun Aug 24 20:50:33 +0000 2014
503645506975719424;Sun Aug 24 20:50:20 +0000 2014
503645632952041472;Sun Aug 24 20:50:50 +0000 2014
503645602358362112;Sun Aug 24 20:50:43 +0000 2014
503645560868323329;Sun Aug 24 20:50:33 +0000 2014
503645628732170240;Sun Aug 24 20:50:49 +0000 2014
503645578874847232;Sun Aug 24 20:50:37 +0000 2014
503645582893019137;Sun Aug 24 20:50:38 +0000 2014
503645553603801088;Sun Aug 24 20:50:31 +0000 2014
503645559949758464;Sun Aug 24 20:50:33 +0000 2014
503645568728449024;Sun Aug 24 20:50:35 +0000 2014
503645598935822336;Sun Aug 24 20:50:42 +0000 2014
503645574256533504;Sun Aug 24 20:50:36 +0000 2014
503645618774880256;Sun Aug 24 20:50:47 +0000 2014
503645598680363010;Sun Aug 24 20:50:42 +0000 2014
503645556736925697;Sun Aug 24 20:50:32 +0000 2014
503645562932314113;Sun Aug 24 20:50:34 +0000 2014
503645622046453760;Sun Aug 24 20:50:48 +0000 2014
503645546423537664;Sun Aug 24 20:50:30 +0000 2014
503645557525852160;Sun Aug 24 20:50:32 +0000 2014
503645556787646464;Sun Aug 24 20:50:32 +0000 2014
503645532242194432;Sun Aug 24 20:50:26 +0000 2014
503645610197544960;Sun Aug 24 20:50:45 +0000 2014
503645609371246592;Sun Aug 24 20:50:45 +0000 2014
503645574503997441;Sun Aug 24 20:50:36 +0000 2014
503645540542738432;Sun Aug 24 20:50:28 +0000 2014
503645618384809984;Sun Aug 24 20:50:47 +0000 2014
503645537238003713;Sun Aug 24 20:50:28 +0000 2014
503645595437780992;Sun Aug 24 20:50:41 +0000 2014
503645561388806144;Sun Aug 24 20:50:33 +0000 2014
503645593705529344;Sun Aug 24 20:50:41 +0000 2014
503645605353095169;Sun Aug 24 20:50:44 +0000 2014
503645521039593472;Sun Aug 24 20:50:24 +0000 2014
503645549178785792;Sun Aug 24 20:50:30 +0000 2014
503645554635976704;Sun Aug 24 20:50:32 +0000 2014
503645567587999744;Sun Aug 24 20:50:35 +0000 2014
503645559568498690;Sun Aug 24 20:50:33 +0000 2014
503645627415154688;Sun Aug 24 20:50:49 +0000 2014
503645560142708736;Sun Aug 24 20:50:33 +0000 2014
503645515951923202;Sun Aug 24 20:50:22 +0000 2014
503645597266874368;Sun Aug 24 20:50:42 +0000 2014
503645576563412992;Sun Aug 24 20:50:37 +0000 2014
503645576542433280;Sun Aug 24 20:50:37 +0000 2014
