1211041316454502400;Sat Dec 28 21:48:44 +0000 2019
1211038696956452866;Sat Dec 28 21:38:20 +0000 2019
1211017248846098432;Sat Dec 28 20:13:06 +0000 2019
1211013785219223552;Sat Dec 28 19:59:20 +0000 2019
1211008988151762944;Sat Dec 28 19:40:16 +0000 2019
1210990493485731842;Sat Dec 28 18:26:47 +0000 2019
1210967751814242306;Sat Dec 28 16:56:25 +0000 2019
1210956814608719872;Sat Dec 28 16:12:57 +0000 2019
1210944595493892097;Sat Dec 28 15:24:24 +0000 2019
1210938193534758912;Sat Dec 28 14:58:58 +0000 2019
1210932011227107328;Sat Dec 28 14:34:24 +0000 2019
1210924636281692160;Sat Dec 28 14:05:05 +0000 2019
1210924576986861568;Sat Dec 28 14:04:51 +0000 2019
1210922257717112832;Sat Dec 28 13:55:38 +0000 2019
1210916653665521664;Sat Dec 28 13:33:22 +0000 2019
1210916015191797760;Sat Dec 28 13:30:50 +0000 2019
1210845864534724609;Sat Dec 28 08:52:05 +0000 2019
1210841991950544896;Sat Dec 28 08:36:41 +0000 2019
1210797597708804102;Sat Dec 28 05:40:17 +0000 2019
1210784279707312130;Sat Dec 28 04:47:22 +0000 2019
1210781955458912257;Sat Dec 28 04:38:08 +0000 2019
1210777714182934529;Sat Dec 28 04:21:16 +0000 2019
1210765732230746113;Sat Dec 28 03:33:40 +0000 2019
1210753810081075201;Sat Dec 28 02:46:17 +0000 2019
1210753482942107650;Sat Dec 28 02:44:59 +0000 2019
1210753433122140167;Sat Dec 28 02:44:47 +0000 2019
1210749438802546691;Sat Dec 28 02:28:55 +0000 2019
1210744760622673920;Sat Dec 28 02:10:20 +0000 2019
1210744659019890688;Sat Dec 28 02:09:55 +0000 2019
1210741451711115264;Sat Dec 28 01:57:11 +0000 2019
1210728122670182400;Sat Dec 28 01:04:13 +0000 2019
1210726994683383809;Sat Dec 28 00:59:44 +0000 2019
1210710960358473729;Fri Dec 27 23:56:01 +0000 2019
1210708542870700033;Fri Dec 27 23:46:25 +0000 2019
1210707212735266816;Fri Dec 27 23:41:08 +0000 2019
1210701544800374785;Fri Dec 27 23:18:36 +0000 2019
1210700856779329536;Fri Dec 27 23:15:52 +0000 2019
1210699493072670720;Fri Dec 27 23:10:27 +0000 2019
1210687715076984833;Fri Dec 27 22:23:39 +0000 2019
1210685009373384704;Fri Dec 27 22:12:54 +0000 2019
1210682994190630913;Fri Dec 27 22:04:53 +0000 2019
1210679543347978240;Fri Dec 27 21:51:11 +0000 2019
1210677247838949379;Fri Dec 27 21:42:03 +0000 2019
1210675010446274560;Fri Dec 27 21:33:10 +0000 2019
1210673899618394112;Fri Dec 27 21:28:45 +0000 2019
1210673595858522112;Fri Dec 27 21:27:33 +0000 2019
1210673558403387393;Fri Dec 27 21:27:24 +0000 2019
1210673184116228097;Fri Dec 27 21:25:54 +0000 2019
1210672770650181632;Fri Dec 27 21:24:16 +0000 2019
1210672330831286272;Fri Dec 27 21:22:31 +0000 2019
1210668863186259968;Fri Dec 27 21:08:44 +0000 2019
1210667778329452545;Fri Dec 27 21:04:26 +0000 2019
1210659365314846724;Fri Dec 27 20:31:00 +0000 2019
1210653707756593152;Fri Dec 27 20:08:31 +0000 2019
1210652066877726720;Fri Dec 27 20:02:00 +0000 2019
1210650664927297536;Fri Dec 27 19:56:25 +0000 2019
1210650593557204992;Fri Dec 27 19:56:08 +0000 2019
1210650515756990466;Fri Dec 27 19:55:50 +0000 2019
1210642179020009473;Fri Dec 27 19:22:42 +0000 2019
1210628319206662144;Fri Dec 27 18:27:38 +0000 2019
1210616600463888384;Fri Dec 27 17:41:04 +0000 2019
1210614839791542273;Fri Dec 27 17:34:04 +0000 2019
1210606177350045696;Fri Dec 27 16:59:39 +0000 2019
1210591443108147202;Fri Dec 27 16:01:06 +0000 2019
1210584396044161024;Fri Dec 27 15:33:06 +0000 2019
1210584320685039617;Fri Dec 27 15:32:48 +0000 2019
1210581602130116608;Fri Dec 27 15:22:00 +0000 2019
1210577899503464448;Fri Dec 27 15:07:17 +0000 2019
1210577891039367168;Fri Dec 27 15:07:15 +0000 2019
1210577154418860032;Fri Dec 27 15:04:19 +0000 2019
1210569721956814848;Fri Dec 27 14:34:47 +0000 2019
1210568740091420673;Fri Dec 27 14:30:53 +0000 2019
1210568247533289474;Fri Dec 27 14:28:56 +0000 2019
1210567874621911047;Fri Dec 27 14:27:27 +0000 2019
1210561991653416962;Fri Dec 27 14:04:04 +0000 2019
1210560337931653120;Fri Dec 27 13:57:30 +0000 2019
1210553757093765120;Fri Dec 27 13:31:21 +0000 2019
1210549331222257665;Fri Dec 27 13:13:46 +0000 2019
1210544494946459650;Fri Dec 27 12:54:33 +0000 2019
1210535166722166784;Fri Dec 27 12:17:29 +0000 2019
1210526053053140993;Fri Dec 27 11:41:16 +0000 2019
1210525574663417868;Fri Dec 27 11:39:22 +0000 2019
1210523978839678977;Fri Dec 27 11:33:01 +0000 2019
1210523565185011713;Fri Dec 27 11:31:23 +0000 2019
1210521695318097926;Fri Dec 27 11:23:57 +0000 2019
1210519131776323585;Fri Dec 27 11:13:46 +0000 2019
1210518950011953152;Fri Dec 27 11:13:02 +0000 2019
1210516353335136256;Fri Dec 27 11:02:43 +0000 2019
1210509754877038592;Fri Dec 27 10:36:30 +0000 2019
1210508389777842177;Fri Dec 27 10:31:04 +0000 2019
1210505439978373120;Fri Dec 27 10:19:21 +0000 2019
1210504989518499841;Fri Dec 27 10:17:34 +0000 2019
1210498819474907136;Fri Dec 27 09:53:03 +0000 2019
1210495171407818753;Fri Dec 27 09:38:33 +0000 2019
1210495068345372674;Fri Dec 27 09:38:08 +0000 2019
1210494930256384000;Fri Dec 27 09:37:35 +0000 2019
1210493584442417152;Fri Dec 27 09:32:15 +0000 2019
1210487265518116864;Fri Dec 27 09:07:08 +0000 2019
1210476124112916480;Fri Dec 27 08:22:52 +0000 2019
1210466352382775297;Fri Dec 27 07:44:02 +0000 2019
1210466352382775297;Fri Dec 27 07:44:02 +0000 2019
1210455089237901312;Fri Dec 27 06:59:17 +0000 2019
1210442851525505024;Fri Dec 27 06:10:39 +0000 2019
1210431719687573505;Fri Dec 27 05:26:25 +0000 2019
1210429095076597760;Fri Dec 27 05:15:59 +0000 2019
1210425640522076163;Fri Dec 27 05:02:15 +0000 2019
1210424832623595522;Fri Dec 27 04:59:03 +0000 2019
1210421483706757120;Fri Dec 27 04:45:44 +0000 2019
1210419223991853057;Fri Dec 27 04:36:46 +0000 2019
1210412187250036737;Fri Dec 27 04:08:48 +0000 2019
1210409794047266816;Fri Dec 27 03:59:17 +0000 2019
1210405973715771392;Fri Dec 27 03:44:07 +0000 2019
1210404057917116416;Fri Dec 27 03:36:30 +0000 2019
1210401234798153728;Fri Dec 27 03:25:17 +0000 2019
1210396308546244609;Fri Dec 27 03:05:42 +0000 2019
1210395736262754306;Fri Dec 27 03:03:26 +0000 2019
1210395294564831234;Fri Dec 27 03:01:40 +0000 2019
1210389917395771392;Fri Dec 27 02:40:18 +0000 2019
1210388948293443585;Fri Dec 27 02:36:27 +0000 2019
1210388073030258689;Fri Dec 27 02:32:59 +0000 2019
1210386717011841025;Fri Dec 27 02:27:35 +0000 2019
1210381948767678464;Fri Dec 27 02:08:39 +0000 2019
1210381169747013633;Fri Dec 27 02:05:33 +0000 2019
1210376346477760512;Fri Dec 27 01:46:23 +0000 2019
1210376193721143297;Fri Dec 27 01:45:46 +0000 2019
1210375899952099329;Fri Dec 27 01:44:36 +0000 2019
1210375468043710464;Fri Dec 27 01:42:53 +0000 2019
1210372925758607361;Fri Dec 27 01:32:47 +0000 2019
1210372821182042113;Fri Dec 27 01:32:22 +0000 2019
1210372396013760514;Fri Dec 27 01:30:41 +0000 2019
1210369380690931713;Fri Dec 27 01:18:42 +0000 2019
1210368323424272385;Fri Dec 27 01:14:30 +0000 2019
1210367416431198209;Fri Dec 27 01:10:54 +0000 2019
1210365838957727745;Fri Dec 27 01:04:38 +0000 2019
1210365475361902592;Fri Dec 27 01:03:11 +0000 2019
1210364529764438019;Fri Dec 27 00:59:26 +0000 2019
1210364326810472449;Fri Dec 27 00:58:37 +0000 2019
1210361724383059968;Fri Dec 27 00:48:17 +0000 2019
1210361636894248962;Fri Dec 27 00:47:56 +0000 2019
1210361380815151105;Fri Dec 27 00:46:55 +0000 2019
1210356890871484416;Fri Dec 27 00:29:04 +0000 2019
1210356584821534721;Fri Dec 27 00:27:51 +0000 2019
1210350165078491136;Fri Dec 27 00:02:21 +0000 2019
1210350116806242306;Fri Dec 27 00:02:09 +0000 2019
1210349656863100928;Fri Dec 27 00:00:20 +0000 2019
1210349575204036608;Fri Dec 27 00:00:00 +0000 2019
1210349131643969537;Thu Dec 26 23:58:14 +0000 2019
1210348581246447616;Thu Dec 26 23:56:03 +0000 2019
1210347649955745794;Thu Dec 26 23:52:21 +0000 2019
1210347251350028288;Thu Dec 26 23:50:46 +0000 2019
1210346026143506432;Thu Dec 26 23:45:54 +0000 2019
1210343200851935235;Thu Dec 26 23:34:40 +0000 2019
1210342969628344322;Thu Dec 26 23:33:45 +0000 2019
1210341753666113537;Thu Dec 26 23:28:55 +0000 2019
1210341192052944903;Thu Dec 26 23:26:41 +0000 2019
1210341125858443265;Thu Dec 26 23:26:26 +0000 2019
1210340912435531777;Thu Dec 26 23:25:35 +0000 2019
1210340905162551296;Thu Dec 26 23:25:33 +0000 2019
1210340360406339585;Thu Dec 26 23:23:23 +0000 2019
1210339306235150337;Thu Dec 26 23:19:12 +0000 2019
1210338560227921920;Thu Dec 26 23:16:14 +0000 2019
1210336463864451072;Thu Dec 26 23:07:54 +0000 2019
1210336194694930432;Thu Dec 26 23:06:50 +0000 2019
1210335847201099776;Thu Dec 26 23:05:27 +0000 2019
1210331780550660101;Thu Dec 26 22:49:18 +0000 2019
1210331721020915714;Thu Dec 26 22:49:03 +0000 2019
1210331021327130626;Thu Dec 26 22:46:17 +0000 2019
1210330698642579456;Thu Dec 26 22:45:00 +0000 2019
1210330297709056000;Thu Dec 26 22:43:24 +0000 2019
1210326993084067841;Thu Dec 26 22:30:16 +0000 2019
1210326649935400960;Thu Dec 26 22:28:54 +0000 2019
1210325691667034117;Thu Dec 26 22:25:06 +0000 2019
1210322777598840833;Thu Dec 26 22:13:31 +0000 2019
1210321262976929794;Thu Dec 26 22:07:30 +0000 2019
1210320958956937216;Thu Dec 26 22:06:17 +0000 2019
1210320049535361024;Thu Dec 26 22:02:41 +0000 2019
1210320007621726217;Thu Dec 26 22:02:31 +0000 2019
1210319870925168643;Thu Dec 26 22:01:58 +0000 2019
1210309473887248384;Thu Dec 26 21:20:39 +0000 2019
1210307661381722130;Thu Dec 26 21:13:27 +0000 2019
1210306158885367809;Thu Dec 26 21:07:29 +0000 2019
1210300346112892931;Thu Dec 26 20:44:23 +0000 2019
1210298243814436866;Thu Dec 26 20:36:02 +0000 2019
1210297095795683331;Thu Dec 26 20:31:28 +0000 2019
1210295457982943238;Thu Dec 26 20:24:58 +0000 2019
1210294860625920001;Thu Dec 26 20:22:35 +0000 2019
1210289373922631683;Thu Dec 26 20:00:47 +0000 2019
1210289043201761281;Thu Dec 26 19:59:28 +0000 2019
1210287255065153538;Thu Dec 26 19:52:22 +0000 2019
1210287120373469184;Thu Dec 26 19:51:50 +0000 2019
1210286488065314824;Thu Dec 26 19:49:19 +0000 2019
1210286379068002304;Thu Dec 26 19:48:53 +0000 2019
1210285383826706432;Thu Dec 26 19:44:56 +0000 2019
1210282684792102912;Thu Dec 26 19:34:12 +0000 2019
1210281197252808704;Thu Dec 26 19:28:18 +0000 2019
1210280707127463938;Thu Dec 26 19:26:21 +0000 2019
1210274976663834631;Thu Dec 26 19:03:34 +0000 2019
1210272535021064192;Thu Dec 26 18:53:52 +0000 2019
1210268629100646400;Thu Dec 26 18:38:21 +0000 2019
1210267171403829249;Thu Dec 26 18:32:33 +0000 2019
1210267171403829249;Thu Dec 26 18:32:33 +0000 2019
1210266283419279360;Thu Dec 26 18:29:02 +0000 2019
1210265675844988928;Thu Dec 26 18:26:37 +0000 2019
1210265124235350017;Thu Dec 26 18:24:25 +0000 2019
1210264275484368898;Thu Dec 26 18:21:03 +0000 2019
1210262421195165697;Thu Dec 26 18:13:41 +0000 2019
1210261559462760448;Thu Dec 26 18:10:16 +0000 2019
1210260082954510337;Thu Dec 26 18:04:23 +0000 2019
1210255601760112641;Thu Dec 26 17:46:35 +0000 2019
1210254189789618176;Thu Dec 26 17:40:58 +0000 2019
1210254174656614400;Thu Dec 26 17:40:55 +0000 2019
1210252187588333574;Thu Dec 26 17:33:01 +0000 2019
1210248651836145667;Thu Dec 26 17:18:58 +0000 2019
1210244006900326402;Thu Dec 26 17:00:31 +0000 2019
1210242905518084096;Thu Dec 26 16:56:08 +0000 2019
1210242127239794693;Thu Dec 26 16:53:03 +0000 2019
1210241984042033153;Thu Dec 26 16:52:28 +0000 2019
1210241070963077125;Thu Dec 26 16:48:51 +0000 2019
1210238285710319624;Thu Dec 26 16:37:47 +0000 2019
1210238080537518085;Thu Dec 26 16:36:58 +0000 2019
1210235728631861250;Thu Dec 26 16:27:37 +0000 2019
1210235379804180481;Thu Dec 26 16:26:14 +0000 2019
1210235162052702209;Thu Dec 26 16:25:22 +0000 2019
1210234976312184832;Thu Dec 26 16:24:38 +0000 2019
1210234696149426176;Thu Dec 26 16:23:31 +0000 2019
1210234554029690886;Thu Dec 26 16:22:57 +0000 2019
1210234133470941190;Thu Dec 26 16:21:17 +0000 2019
1210232857895034880;Thu Dec 26 16:16:13 +0000 2019
1210231853547954176;Thu Dec 26 16:12:13 +0000 2019
1210231771675136001;Thu Dec 26 16:11:54 +0000 2019
1210231508642009088;Thu Dec 26 16:10:51 +0000 2019
1210228779194421254;Thu Dec 26 16:00:00 +0000 2019
1210227454406729729;Thu Dec 26 15:54:44 +0000 2019
1210225863305891840;Thu Dec 26 15:48:25 +0000 2019
1210225010297786368;Thu Dec 26 15:45:02 +0000 2019
1210224204932698112;Thu Dec 26 15:41:49 +0000 2019
1210223483617198080;Thu Dec 26 15:38:58 +0000 2019
1210223013498703875;Thu Dec 26 15:37:05 +0000 2019
1210222910209712128;Thu Dec 26 15:36:41 +0000 2019
1210222722116210690;Thu Dec 26 15:35:56 +0000 2019
1210222526942646274;Thu Dec 26 15:35:09 +0000 2019
1210221804587012097;Thu Dec 26 15:32:17 +0000 2019
1210221339220619264;Thu Dec 26 15:30:26 +0000 2019
1210220995103072256;Thu Dec 26 15:29:04 +0000 2019
1210220872344178689;Thu Dec 26 15:28:35 +0000 2019
1210220727091245056;Thu Dec 26 15:28:00 +0000 2019
1210220281966604289;Thu Dec 26 15:26:14 +0000 2019
1210219368854040576;Thu Dec 26 15:22:36 +0000 2019
1210212445756837890;Thu Dec 26 14:55:06 +0000 2019
1210210770564403200;Thu Dec 26 14:48:26 +0000 2019
1210209479163293697;Thu Dec 26 14:43:19 +0000 2019
1210206564453208065;Thu Dec 26 14:31:44 +0000 2019
1210206504390926336;Thu Dec 26 14:31:29 +0000 2019
1210203468960616449;Thu Dec 26 14:19:26 +0000 2019
1210200855909216257;Thu Dec 26 14:09:03 +0000 2019
1210198953523916802;Thu Dec 26 14:01:29 +0000 2019
1210197725926559744;Thu Dec 26 13:56:36 +0000 2019
1210196914014162945;Thu Dec 26 13:53:23 +0000 2019
1210196565429825539;Thu Dec 26 13:52:00 +0000 2019
1210196477378736128;Thu Dec 26 13:51:39 +0000 2019
1210194780086390787;Thu Dec 26 13:44:54 +0000 2019
1210194441870462983;Thu Dec 26 13:43:33 +0000 2019
1210194411335946240;Thu Dec 26 13:43:26 +0000 2019
1210192785388851200;Thu Dec 26 13:36:58 +0000 2019
1210192049623965698;Thu Dec 26 13:34:03 +0000 2019
1210183961655357442;Thu Dec 26 13:01:55 +0000 2019
1210183427489718273;Thu Dec 26 12:59:47 +0000 2019
1210168784625061888;Thu Dec 26 12:01:36 +0000 2019
1210162325463937024;Thu Dec 26 11:35:56 +0000 2019
1210156335075119104;Thu Dec 26 11:12:08 +0000 2019
1210152385777217537;Thu Dec 26 10:56:26 +0000 2019
1210152274523303936;Thu Dec 26 10:56:00 +0000 2019
1210152099918569472;Thu Dec 26 10:55:18 +0000 2019
1210151718937341955;Thu Dec 26 10:53:47 +0000 2019
1210148580964655104;Thu Dec 26 10:41:19 +0000 2019
1210148148607422464;Thu Dec 26 10:39:36 +0000 2019
1210142715675074561;Thu Dec 26 10:18:01 +0000 2019
1210140568715698176;Thu Dec 26 10:09:29 +0000 2019
1210130678383296512;Thu Dec 26 09:30:11 +0000 2019
1210130552948441088;Thu Dec 26 09:29:41 +0000 2019
1210127913011556352;Thu Dec 26 09:19:12 +0000 2019
1210119506070253569;Thu Dec 26 08:45:47 +0000 2019
1210114908123217920;Thu Dec 26 08:27:31 +0000 2019
1210108542532882432;Thu Dec 26 08:02:13 +0000 2019
1210107631467188229;Thu Dec 26 07:58:36 +0000 2019
1210098055917248512;Thu Dec 26 07:20:33 +0000 2019
1210097905157263365;Thu Dec 26 07:19:57 +0000 2019
1210096346218278912;Thu Dec 26 07:13:46 +0000 2019
1210095041164787713;Thu Dec 26 07:08:34 +0000 2019
1210094170649645062;Thu Dec 26 07:05:07 +0000 2019
1210093712228986880;Thu Dec 26 07:03:18 +0000 2019
1210092883111399424;Thu Dec 26 07:00:00 +0000 2019
1210087718950182913;Thu Dec 26 06:39:29 +0000 2019
1210082319744282630;Thu Dec 26 06:18:01 +0000 2019
1210070248185114625;Thu Dec 26 05:30:03 +0000 2019
1210067010085965825;Thu Dec 26 05:17:11 +0000 2019
1210064212699037697;Thu Dec 26 05:06:04 +0000 2019
1210060406749835264;Thu Dec 26 04:50:57 +0000 2019
1210053642214150144;Thu Dec 26 04:24:04 +0000 2019
1210046427801509889;Thu Dec 26 03:55:24 +0000 2019
1210046427801509889;Thu Dec 26 03:55:24 +0000 2019
1210046104047370240;Thu Dec 26 03:54:07 +0000 2019
1210042772113113088;Thu Dec 26 03:40:53 +0000 2019
1210042592060231680;Thu Dec 26 03:40:10 +0000 2019
1210040114761605120;Thu Dec 26 03:30:19 +0000 2019
1210039982091620357;Thu Dec 26 03:29:47 +0000 2019
1210036983021670400;Thu Dec 26 03:17:52 +0000 2019
1210035307707539457;Thu Dec 26 03:11:13 +0000 2019
1210033425853427712;Thu Dec 26 03:03:44 +0000 2019
1210021816053510146;Thu Dec 26 02:17:36 +0000 2019
1210020309669220352;Thu Dec 26 02:11:37 +0000 2019
1210018610934173696;Thu Dec 26 02:04:52 +0000 2019
1209995515636715525;Thu Dec 26 00:33:06 +0000 2019
1209991707955216384;Thu Dec 26 00:17:58 +0000 2019
1209986638849462274;Wed Dec 25 23:57:49 +0000 2019
1209974758663737344;Wed Dec 25 23:10:37 +0000 2019
1209969882139377670;Wed Dec 25 22:51:14 +0000 2019
1209963017884045317;Wed Dec 25 22:23:58 +0000 2019
1209955258182623237;Wed Dec 25 21:53:08 +0000 2019
1209954962190557184;Wed Dec 25 21:51:57 +0000 2019
1209944274789371905;Wed Dec 25 21:09:29 +0000 2019
1209939433866321922;Wed Dec 25 20:50:15 +0000 2019
1209939092953169920;Wed Dec 25 20:48:53 +0000 2019
1209937164647182336;Wed Dec 25 20:41:14 +0000 2019
1209935402003521539;Wed Dec 25 20:34:14 +0000 2019
1209934888671043585;Wed Dec 25 20:32:11 +0000 2019
1209932731519553537;Wed Dec 25 20:23:37 +0000 2019
1209932132577136640;Wed Dec 25 20:21:14 +0000 2019
1209931963982761985;Wed Dec 25 20:20:34 +0000 2019
1209921276854317057;Wed Dec 25 19:38:06 +0000 2019
1209919302624829440;Wed Dec 25 19:30:15 +0000 2019
1209917930835546112;Wed Dec 25 19:24:48 +0000 2019
1209917471819468807;Wed Dec 25 19:22:59 +0000 2019
1209916514742284288;Wed Dec 25 19:19:10 +0000 2019
1209916488129372160;Wed Dec 25 19:19:04 +0000 2019
1209915442569109506;Wed Dec 25 19:14:55 +0000 2019
1209907230541254656;Wed Dec 25 18:42:17 +0000 2019
1209903890826715137;Wed Dec 25 18:29:01 +0000 2019
1209903439494422530;Wed Dec 25 18:27:13 +0000 2019
1209903398587379713;Wed Dec 25 18:27:03 +0000 2019
1209902564327620608;Wed Dec 25 18:23:44 +0000 2019
1209901646735646727;Wed Dec 25 18:20:06 +0000 2019
1209889377939345412;Wed Dec 25 17:31:21 +0000 2019
1209888605767962626;Wed Dec 25 17:28:16 +0000 2019
1209885385314181126;Wed Dec 25 17:15:29 +0000 2019
1209884108840689664;Wed Dec 25 17:10:24 +0000 2019
1209880330116763649;Wed Dec 25 16:55:23 +0000 2019
1209877730860371968;Wed Dec 25 16:45:04 +0000 2019
1209877077207502848;Wed Dec 25 16:42:28 +0000 2019
1209875547867811840;Wed Dec 25 16:36:23 +0000 2019
1209875477860618244;Wed Dec 25 16:36:06 +0000 2019
1209875394045906944;Wed Dec 25 16:35:46 +0000 2019
1209873542994710528;Wed Dec 25 16:28:25 +0000 2019
1209869809388806145;Wed Dec 25 16:13:35 +0000 2019
1209869706317971456;Wed Dec 25 16:13:10 +0000 2019
1209868994439761926;Wed Dec 25 16:10:21 +0000 2019
1209867374632923136;Wed Dec 25 16:03:55 +0000 2019
1209866991328268291;Wed Dec 25 16:02:23 +0000 2019
1209866850177372160;Wed Dec 25 16:01:49 +0000 2019
1209866488108199937;Wed Dec 25 16:00:23 +0000 2019
1209866401890082817;Wed Dec 25 16:00:03 +0000 2019
1209865427184017408;Wed Dec 25 15:56:10 +0000 2019
1209865156278312960;Wed Dec 25 15:55:06 +0000 2019
1209860676279316480;Wed Dec 25 15:37:18 +0000 2019
1209860252277116928;Wed Dec 25 15:35:36 +0000 2019
1209857442567348224;Wed Dec 25 15:24:27 +0000 2019
1209857153546088449;Wed Dec 25 15:23:18 +0000 2019
1209856857872982018;Wed Dec 25 15:22:07 +0000 2019
1209856719796527104;Wed Dec 25 15:21:34 +0000 2019
1209856460173303808;Wed Dec 25 15:20:32 +0000 2019
1209855831069646849;Wed Dec 25 15:18:02 +0000 2019
1209855747875639300;Wed Dec 25 15:17:42 +0000 2019
1209854747299262464;Wed Dec 25 15:13:44 +0000 2019
1209854621671448576;Wed Dec 25 15:13:14 +0000 2019
1209854469900505089;Wed Dec 25 15:12:38 +0000 2019
1209854366477377536;Wed Dec 25 15:12:13 +0000 2019
1209854191654572032;Wed Dec 25 15:11:31 +0000 2019
1209854129343991811;Wed Dec 25 15:11:17 +0000 2019
1209854039422361601;Wed Dec 25 15:10:55 +0000 2019
1209853991766675456;Wed Dec 25 15:10:44 +0000 2019
1209852888417292289;Wed Dec 25 15:06:21 +0000 2019
1209851972922347520;Wed Dec 25 15:02:42 +0000 2019
1209851100066713602;Wed Dec 25 14:59:14 +0000 2019
1209845561471512581;Wed Dec 25 14:37:14 +0000 2019
1209845175784218629;Wed Dec 25 14:35:42 +0000 2019
1209839084493033472;Wed Dec 25 14:11:30 +0000 2019
1209835566541475841;Wed Dec 25 13:57:31 +0000 2019
1209833536158666752;Wed Dec 25 13:49:27 +0000 2019
1209830398668214273;Wed Dec 25 13:36:59 +0000 2019
1209829843736633347;Wed Dec 25 13:34:46 +0000 2019
1209824348703469568;Wed Dec 25 13:12:56 +0000 2019
1209818590041563136;Wed Dec 25 12:50:03 +0000 2019
1209807809971412996;Wed Dec 25 12:07:13 +0000 2019
1209807525597663234;Wed Dec 25 12:06:05 +0000 2019
1209780470034108416;Wed Dec 25 10:18:35 +0000 2019
1209767426335944704;Wed Dec 25 09:26:45 +0000 2019
1209761661525073920;Wed Dec 25 09:03:51 +0000 2019
1209757780753682432;Wed Dec 25 08:48:25 +0000 2019
1209752981148774400;Wed Dec 25 08:29:21 +0000 2019
1209717772441260032;Wed Dec 25 06:09:27 +0000 2019
1209717772441260032;Wed Dec 25 06:09:27 +0000 2019
1209710434590363649;Wed Dec 25 05:40:17 +0000 2019
1209708906370523136;Wed Dec 25 05:34:13 +0000 2019
1209700082385408000;Wed Dec 25 04:59:09 +0000 2019
1209699132027346944;Wed Dec 25 04:55:22 +0000 2019
1209681843727020033;Wed Dec 25 03:46:41 +0000 2019
1209661354027704320;Wed Dec 25 02:25:15 +0000 2019
1209633192464068610;Wed Dec 25 00:33:21 +0000 2019
1209632993477898241;Wed Dec 25 00:32:34 +0000 2019
1209629227269660674;Wed Dec 25 00:17:36 +0000 2019
1209625937962315776;Wed Dec 25 00:04:32 +0000 2019
1209625469357821952;Wed Dec 25 00:02:40 +0000 2019
1209621112855728129;Tue Dec 24 23:45:21 +0000 2019
1209618344485249029;Tue Dec 24 23:34:21 +0000 2019
1209615556816424960;Tue Dec 24 23:23:16 +0000 2019
1209613499720179714;Tue Dec 24 23:15:06 +0000 2019
1209612324568518663;Tue Dec 24 23:10:26 +0000 2019
1209608505503756290;Tue Dec 24 22:55:15 +0000 2019
1209608103332847616;Tue Dec 24 22:53:39 +0000 2019
1209605880276230146;Tue Dec 24 22:44:49 +0000 2019
1209605694585835520;Tue Dec 24 22:44:05 +0000 2019
1209605306587717634;Tue Dec 24 22:42:33 +0000 2019
1209600091029422082;Tue Dec 24 22:21:49 +0000 2019
1209599974230626307;Tue Dec 24 22:21:21 +0000 2019
1209595354666151941;Tue Dec 24 22:03:00 +0000 2019
1209594930273955841;Tue Dec 24 22:01:19 +0000 2019
1209593628361973760;Tue Dec 24 21:56:08 +0000 2019
1209582581727027200;Tue Dec 24 21:12:15 +0000 2019
1209582423543078913;Tue Dec 24 21:11:37 +0000 2019
1209582391930638337;Tue Dec 24 21:11:29 +0000 2019
1209581747500916736;Tue Dec 24 21:08:56 +0000 2019
1209580740092059651;Tue Dec 24 21:04:56 +0000 2019
1209574077091979264;Tue Dec 24 20:38:27 +0000 2019
1209574000185270274;Tue Dec 24 20:38:09 +0000 2019
1209573733830139904;Tue Dec 24 20:37:05 +0000 2019
1209571378518790144;Tue Dec 24 20:27:44 +0000 2019
1209569925880328193;Tue Dec 24 20:21:57 +0000 2019
1209568787281907713;Tue Dec 24 20:17:26 +0000 2019
1209566542662422529;Tue Dec 24 20:08:31 +0000 2019
1209565985222643712;Tue Dec 24 20:06:18 +0000 2019
1209565469759418368;Tue Dec 24 20:04:15 +0000 2019
1209564560639832064;Tue Dec 24 20:00:38 +0000 2019
1209564507279908865;Tue Dec 24 20:00:25 +0000 2019
1209563841488703489;Tue Dec 24 19:57:47 +0000 2019
1209563324511346694;Tue Dec 24 19:55:43 +0000 2019
1209561362181033985;Tue Dec 24 19:47:55 +0000 2019
1209561231692062720;Tue Dec 24 19:47:24 +0000 2019
1209559068966346752;Tue Dec 24 19:38:49 +0000 2019
1209559047915089920;Tue Dec 24 19:38:44 +0000 2019
1209558953899778050;Tue Dec 24 19:38:21 +0000 2019
1209556530208673799;Tue Dec 24 19:28:43 +0000 2019
1209555344881528832;Tue Dec 24 19:24:01 +0000 2019
1209554390484504577;Tue Dec 24 19:20:13 +0000 2019
1209554369005445125;Tue Dec 24 19:20:08 +0000 2019
1209554100360224770;Tue Dec 24 19:19:04 +0000 2019
1209552802164432896;Tue Dec 24 19:13:55 +0000 2019
1209552571859386375;Tue Dec 24 19:13:00 +0000 2019
1209552064013094914;Tue Dec 24 19:10:59 +0000 2019
1209551897721524225;Tue Dec 24 19:10:19 +0000 2019
1209543812705587207;Tue Dec 24 18:38:11 +0000 2019
1209542993079873536;Tue Dec 24 18:34:56 +0000 2019
1209542160938389505;Tue Dec 24 18:31:38 +0000 2019
1209541901629743104;Tue Dec 24 18:30:36 +0000 2019
1209541474985091072;Tue Dec 24 18:28:54 +0000 2019
1209530822748971008;Tue Dec 24 17:46:34 +0000 2019
1209524684783529984;Tue Dec 24 17:22:11 +0000 2019
1209518016842674177;Tue Dec 24 16:55:41 +0000 2019
1209513545773260802;Tue Dec 24 16:37:55 +0000 2019
1209510779210358785;Tue Dec 24 16:26:56 +0000 2019
1209508888325894146;Tue Dec 24 16:19:25 +0000 2019
1209503912736251908;Tue Dec 24 15:59:38 +0000 2019
1209502814138966021;Tue Dec 24 15:55:17 +0000 2019
1209502110766829569;Tue Dec 24 15:52:29 +0000 2019
1209500703183556621;Tue Dec 24 15:46:53 +0000 2019
1209500664583348224;Tue Dec 24 15:46:44 +0000 2019
1209500424925044737;Tue Dec 24 15:45:47 +0000 2019
1209497265569746949;Tue Dec 24 15:33:14 +0000 2019
1209495220020232192;Tue Dec 24 15:25:06 +0000 2019
1209491216716488705;Tue Dec 24 15:09:11 +0000 2019
1209487710433488897;Tue Dec 24 14:55:16 +0000 2019
1209484853529513985;Tue Dec 24 14:43:54 +0000 2019
1209484012055597056;Tue Dec 24 14:40:34 +0000 2019
1209483936528764928;Tue Dec 24 14:40:16 +0000 2019
1209483410777026560;Tue Dec 24 14:38:10 +0000 2019
1209482595693711365;Tue Dec 24 14:34:56 +0000 2019
1209482198270849025;Tue Dec 24 14:33:21 +0000 2019
1209481693637349377;Tue Dec 24 14:31:21 +0000 2019
1209481594811158529;Tue Dec 24 14:30:57 +0000 2019
1209480211936501761;Tue Dec 24 14:25:28 +0000 2019
1209479959783325698;Tue Dec 24 14:24:28 +0000 2019
1209478924176154624;Tue Dec 24 14:20:21 +0000 2019
1209478896246239237;Tue Dec 24 14:20:14 +0000 2019
1209478017636016129;Tue Dec 24 14:16:45 +0000 2019
1209472641960157184;Tue Dec 24 13:55:23 +0000 2019
1209464717942697989;Tue Dec 24 13:23:54 +0000 2019
1209460170448941056;Tue Dec 24 13:05:49 +0000 2019
1209454800003354625;Tue Dec 24 12:44:29 +0000 2019
1209449480673726465;Tue Dec 24 12:23:21 +0000 2019
1209440432452702208;Tue Dec 24 11:47:24 +0000 2019
1209434498112409601;Tue Dec 24 11:23:49 +0000 2019
1209434498112409601;Tue Dec 24 11:23:49 +0000 2019
1209426909509169152;Tue Dec 24 10:53:39 +0000 2019
1209422784729944069;Tue Dec 24 10:37:16 +0000 2019
1209415043424473089;Tue Dec 24 10:06:30 +0000 2019
1209414257827307520;Tue Dec 24 10:03:23 +0000 2019
1209396828292157440;Tue Dec 24 08:54:08 +0000 2019
1209377277320060928;Tue Dec 24 07:36:26 +0000 2019
1209371991519703040;Tue Dec 24 07:15:26 +0000 2019
1209359142013550592;Tue Dec 24 06:24:22 +0000 2019
1209357895286046720;Tue Dec 24 06:19:25 +0000 2019
1209355097806983168;Tue Dec 24 06:08:18 +0000 2019
1209350019540758529;Tue Dec 24 05:48:07 +0000 2019
1209341507687387136;Tue Dec 24 05:14:18 +0000 2019
1209340450294898689;Tue Dec 24 05:10:06 +0000 2019
1209333970665693184;Tue Dec 24 04:44:21 +0000 2019
1209333818441773056;Tue Dec 24 04:43:45 +0000 2019
1209331122754260994;Tue Dec 24 04:33:02 +0000 2019
1209329999150538752;Tue Dec 24 04:28:34 +0000 2019
1209329596312760320;Tue Dec 24 04:26:58 +0000 2019
1209328799491469312;Tue Dec 24 04:23:48 +0000 2019
1209328475288604672;Tue Dec 24 04:22:31 +0000 2019
1209325506270814214;Tue Dec 24 04:10:43 +0000 2019
1209325384216567809;Tue Dec 24 04:10:14 +0000 2019
1209324350534561792;Tue Dec 24 04:06:07 +0000 2019
1209323503612243968;Tue Dec 24 04:02:46 +0000 2019
1209320918474018822;Tue Dec 24 03:52:29 +0000 2019
1209320486850707457;Tue Dec 24 03:50:46 +0000 2019
1209319595095576577;Tue Dec 24 03:47:14 +0000 2019
1209317807961366530;Tue Dec 24 03:40:08 +0000 2019
1209315925951942656;Tue Dec 24 03:32:39 +0000 2019
1209313912799322113;Tue Dec 24 03:24:39 +0000 2019
1209309634303053824;Tue Dec 24 03:07:39 +0000 2019
1209308719907033088;Tue Dec 24 03:04:01 +0000 2019
1209307048292298752;Tue Dec 24 02:57:22 +0000 2019
1209305719859798021;Tue Dec 24 02:52:06 +0000 2019
1209304716678701056;Tue Dec 24 02:48:06 +0000 2019
1209303351126609920;Tue Dec 24 02:42:41 +0000 2019
1209300915032854528;Tue Dec 24 02:33:00 +0000 2019
1209299251924217856;Tue Dec 24 02:26:24 +0000 2019
1209298973619560454;Tue Dec 24 02:25:17 +0000 2019
1209297994299904000;Tue Dec 24 02:21:24 +0000 2019
1209295390924779521;Tue Dec 24 02:11:03 +0000 2019
1209295260163198976;Tue Dec 24 02:10:32 +0000 2019
1209293651945381889;Tue Dec 24 02:04:08 +0000 2019
1209292434984722432;Tue Dec 24 01:59:18 +0000 2019
1209291888752308225;Tue Dec 24 01:57:08 +0000 2019
1209289616978796545;Tue Dec 24 01:48:06 +0000 2019
1209287369012195328;Tue Dec 24 01:39:10 +0000 2019
1209287125117669377;Tue Dec 24 01:38:12 +0000 2019
1209284995174600704;Tue Dec 24 01:29:44 +0000 2019
1209282917840633856;Tue Dec 24 01:21:29 +0000 2019
1209282562339811329;Tue Dec 24 01:20:04 +0000 2019
1209281426073489418;Tue Dec 24 01:15:33 +0000 2019
1209280823201009664;Tue Dec 24 01:13:10 +0000 2019
1209280256651268096;Tue Dec 24 01:10:55 +0000 2019
1209280256571559936;Tue Dec 24 01:10:55 +0000 2019
1209279370604531713;Tue Dec 24 01:07:23 +0000 2019
1209278966042902528;Tue Dec 24 01:05:47 +0000 2019
1209278923772760064;Tue Dec 24 01:05:37 +0000 2019
1209278722857156608;Tue Dec 24 01:04:49 +0000 2019
1209278255544643584;Tue Dec 24 01:02:58 +0000 2019
1209277956914393089;Tue Dec 24 01:01:46 +0000 2019
1209276183608778752;Tue Dec 24 00:54:44 +0000 2019
1209275825268367361;Tue Dec 24 00:53:18 +0000 2019
1209275286967197696;Tue Dec 24 00:51:10 +0000 2019
1209274672677822464;Tue Dec 24 00:48:43 +0000 2019
1209274021172396032;Tue Dec 24 00:46:08 +0000 2019
1209273684407521280;Tue Dec 24 00:44:48 +0000 2019
1209272312182300672;Tue Dec 24 00:39:21 +0000 2019
1209271797092429824;Tue Dec 24 00:37:18 +0000 2019
1209269259240693760;Tue Dec 24 00:27:13 +0000 2019
1209269158547988480;Tue Dec 24 00:26:49 +0000 2019
1209267268070318090;Tue Dec 24 00:19:18 +0000 2019
1209266940704907264;Tue Dec 24 00:18:00 +0000 2019
1209266671359332352;Tue Dec 24 00:16:56 +0000 2019
1209266583727677440;Tue Dec 24 00:16:35 +0000 2019
1209266383999193088;Tue Dec 24 00:15:47 +0000 2019
1209264258271322112;Tue Dec 24 00:07:20 +0000 2019
1209264108291416064;Tue Dec 24 00:06:45 +0000 2019
1209261116200804352;Mon Dec 23 23:54:51 +0000 2019
1209260347451957249;Mon Dec 23 23:51:48 +0000 2019
1209258944763482112;Mon Dec 23 23:46:14 +0000 2019
1209257814104956935;Mon Dec 23 23:41:44 +0000 2019
1209255550111944704;Mon Dec 23 23:32:44 +0000 2019
1209252786145300480;Mon Dec 23 23:21:45 +0000 2019
1209252641521491968;Mon Dec 23 23:21:11 +0000 2019
1209252097163747328;Mon Dec 23 23:19:01 +0000 2019
1209251381686738946;Mon Dec 23 23:16:10 +0000 2019
1209250803564851203;Mon Dec 23 23:13:53 +0000 2019
1209250361464283136;Mon Dec 23 23:12:07 +0000 2019
1209250255247749120;Mon Dec 23 23:11:42 +0000 2019
1209248811027177479;Mon Dec 23 23:05:57 +0000 2019
1209247661368496128;Mon Dec 23 23:01:23 +0000 2019
1209245507299762176;Mon Dec 23 22:52:50 +0000 2019
1209245246137262080;Mon Dec 23 22:51:48 +0000 2019
1209244967610261505;Mon Dec 23 22:50:41 +0000 2019
1209244578718666752;Mon Dec 23 22:49:08 +0000 2019
1209244334903767041;Mon Dec 23 22:48:10 +0000 2019
1209242258966495232;Mon Dec 23 22:39:55 +0000 2019
1209242190427426816;Mon Dec 23 22:39:39 +0000 2019
1209242190427426816;Mon Dec 23 22:39:39 +0000 2019
1209241727497883649;Mon Dec 23 22:37:49 +0000 2019
1209238427075526656;Mon Dec 23 22:24:42 +0000 2019
1209238223920259077;Mon Dec 23 22:23:53 +0000 2019
1209237822797942784;Mon Dec 23 22:22:18 +0000 2019
1209237013599313920;Mon Dec 23 22:19:05 +0000 2019
1209236624091045888;Mon Dec 23 22:17:32 +0000 2019
1209234083311767555;Mon Dec 23 22:07:26 +0000 2019
1209233061973504002;Mon Dec 23 22:03:23 +0000 2019
1209232177499693057;Mon Dec 23 21:59:52 +0000 2019
1209231548396036096;Mon Dec 23 21:57:22 +0000 2019
1209231413054181376;Mon Dec 23 21:56:49 +0000 2019
1209230593407492097;Mon Dec 23 21:53:34 +0000 2019
1209230386691051521;Mon Dec 23 21:52:45 +0000 2019
1209230156663001088;Mon Dec 23 21:51:50 +0000 2019
1209230001364754435;Mon Dec 23 21:51:13 +0000 2019
1209229847521890304;Mon Dec 23 21:50:36 +0000 2019
1209229280355504130;Mon Dec 23 21:48:21 +0000 2019
1209228863215144961;Mon Dec 23 21:46:42 +0000 2019
1209228353418477568;Mon Dec 23 21:44:40 +0000 2019
1209227301944205312;Mon Dec 23 21:40:29 +0000 2019
1209226871600234497;Mon Dec 23 21:38:47 +0000 2019
1209226653211250690;Mon Dec 23 21:37:55 +0000 2019
1209224301280452611;Mon Dec 23 21:28:34 +0000 2019
1209224220321996807;Mon Dec 23 21:28:15 +0000 2019
1209223544405733382;Mon Dec 23 21:25:33 +0000 2019
1209221861797769218;Mon Dec 23 21:18:52 +0000 2019
1209221831883931653;Mon Dec 23 21:18:45 +0000 2019
1209219782790254597;Mon Dec 23 21:10:37 +0000 2019
1209219540904808450;Mon Dec 23 21:09:39 +0000 2019
1209218990448529417;Mon Dec 23 21:07:28 +0000 2019
1209218891794255875;Mon Dec 23 21:07:04 +0000 2019
1209218513740730368;Mon Dec 23 21:05:34 +0000 2019
1209217607439716352;Mon Dec 23 21:01:58 +0000 2019
1209216813554438150;Mon Dec 23 20:58:49 +0000 2019
1209216203526492166;Mon Dec 23 20:56:23 +0000 2019
1209215763204235269;Mon Dec 23 20:54:38 +0000 2019
1209214467671764992;Mon Dec 23 20:49:29 +0000 2019
1209212895290101762;Mon Dec 23 20:43:14 +0000 2019
1209210601253343233;Mon Dec 23 20:34:08 +0000 2019
1209210120133054465;Mon Dec 23 20:32:13 +0000 2019
1209209968823545857;Mon Dec 23 20:31:37 +0000 2019
1209209904801685512;Mon Dec 23 20:31:21 +0000 2019
1209209776909013002;Mon Dec 23 20:30:51 +0000 2019
1209208645419974656;Mon Dec 23 20:26:21 +0000 2019
1209206935284785152;Mon Dec 23 20:19:34 +0000 2019
1209206279606067200;Mon Dec 23 20:16:57 +0000 2019
1209206224534663170;Mon Dec 23 20:16:44 +0000 2019
1209205943482961921;Mon Dec 23 20:15:37 +0000 2019
1209204700123484165;Mon Dec 23 20:10:41 +0000 2019
1209202121599524869;Mon Dec 23 20:00:26 +0000 2019
1209201284663906304;Mon Dec 23 19:57:06 +0000 2019
1209200476509626369;Mon Dec 23 19:53:54 +0000 2019
1209200236276703237;Mon Dec 23 19:52:56 +0000 2019
1209199805458788354;Mon Dec 23 19:51:14 +0000 2019
1209199746704785408;Mon Dec 23 19:51:00 +0000 2019
1209199296253497345;Mon Dec 23 19:49:12 +0000 2019
1209198330867339274;Mon Dec 23 19:45:22 +0000 2019
1209198217990160393;Mon Dec 23 19:44:55 +0000 2019
1209197543189602305;Mon Dec 23 19:42:14 +0000 2019
1209196347993329664;Mon Dec 23 19:37:29 +0000 2019
1209195330752909314;Mon Dec 23 19:33:27 +0000 2019
1209195321747804161;Mon Dec 23 19:33:25 +0000 2019
1209194733454733317;Mon Dec 23 19:31:04 +0000 2019
1209194658053668864;Mon Dec 23 19:30:46 +0000 2019
1209194323717349378;Mon Dec 23 19:29:27 +0000 2019
1209194090690207744;Mon Dec 23 19:28:31 +0000 2019
1209193337179136000;Mon Dec 23 19:25:31 +0000 2019
1209193144413294592;Mon Dec 23 19:24:46 +0000 2019
1209191924873224197;Mon Dec 23 19:19:55 +0000 2019
1209191365730586624;Mon Dec 23 19:17:41 +0000 2019
1209190573900550152;Mon Dec 23 19:14:33 +0000 2019
1209190567193829381;Mon Dec 23 19:14:31 +0000 2019
1209190269821829120;Mon Dec 23 19:13:20 +0000 2019
1209190162925834245;Mon Dec 23 19:12:55 +0000 2019
1209189722293198854;Mon Dec 23 19:11:10 +0000 2019
1209189703993483264;Mon Dec 23 19:11:05 +0000 2019
1209188348553781249;Mon Dec 23 19:05:42 +0000 2019
1209188176272736257;Mon Dec 23 19:05:01 +0000 2019
1209187127218647045;Mon Dec 23 19:00:51 +0000 2019
1209187068469022723;Mon Dec 23 19:00:37 +0000 2019
1209184731033669632;Mon Dec 23 18:51:20 +0000 2019
1209184593401778181;Mon Dec 23 18:50:47 +0000 2019
1209183850108194819;Mon Dec 23 18:47:50 +0000 2019
1209183443126562821;Mon Dec 23 18:46:13 +0000 2019
1209181290697830405;Mon Dec 23 18:37:39 +0000 2019
1209179953151037441;Mon Dec 23 18:32:20 +0000 2019
1209179516934995969;Mon Dec 23 18:30:36 +0000 2019
1209179503307698176;Mon Dec 23 18:30:33 +0000 2019
1209179132560625665;Mon Dec 23 18:29:05 +0000 2019
1209179074335268864;Mon Dec 23 18:28:51 +0000 2019
1209178739810226176;Mon Dec 23 18:27:31 +0000 2019
1209178276146663424;Mon Dec 23 18:25:41 +0000 2019
1209178269158907904;Mon Dec 23 18:25:39 +0000 2019
1209177839519649793;Mon Dec 23 18:23:57 +0000 2019
1209177195966607360;Mon Dec 23 18:21:23 +0000 2019
1209177123967164417;Mon Dec 23 18:21:06 +0000 2019
1209177089049604096;Mon Dec 23 18:20:58 +0000 2019
1209175457800884224;Mon Dec 23 18:14:29 +0000 2019
1209175236115083265;Mon Dec 23 18:13:36 +0000 2019
1209175236115083265;Mon Dec 23 18:13:36 +0000 2019
1209173325903204358;Mon Dec 23 18:06:00 +0000 2019
1209172472064565248;Mon Dec 23 18:02:37 +0000 2019
1209172245224001536;Mon Dec 23 18:01:43 +0000 2019
1209172189611728899;Mon Dec 23 18:01:29 +0000 2019
1209170776567345152;Mon Dec 23 17:55:53 +0000 2019
1209170462426763264;Mon Dec 23 17:54:38 +0000 2019
1209170277126561793;Mon Dec 23 17:53:54 +0000 2019
1209169560319995904;Mon Dec 23 17:51:03 +0000 2019
1209169472298377218;Mon Dec 23 17:50:42 +0000 2019
1209169414236594176;Mon Dec 23 17:50:28 +0000 2019
1209169187756814339;Mon Dec 23 17:49:34 +0000 2019
1209169164167864320;Mon Dec 23 17:49:28 +0000 2019
1209168885209075713;Mon Dec 23 17:48:22 +0000 2019
1209168815239684104;Mon Dec 23 17:48:05 +0000 2019
1209168235192627200;Mon Dec 23 17:45:47 +0000 2019
1209164781501988865;Mon Dec 23 17:32:03 +0000 2019
1209162801442369536;Mon Dec 23 17:24:11 +0000 2019
1209162218442575872;Mon Dec 23 17:21:52 +0000 2019
1209161829542486016;Mon Dec 23 17:20:19 +0000 2019
1209161617100943366;Mon Dec 23 17:19:29 +0000 2019
1209161391342604289;Mon Dec 23 17:18:35 +0000 2019
1209160060523417600;Mon Dec 23 17:13:18 +0000 2019
1209159031400599553;Mon Dec 23 17:09:12 +0000 2019
1209158700138672133;Mon Dec 23 17:07:53 +0000 2019
1209158021609336832;Mon Dec 23 17:05:12 +0000 2019
1209157845326991360;Mon Dec 23 17:04:30 +0000 2019
1209156600981798912;Mon Dec 23 16:59:33 +0000 2019
1209156192804757504;Mon Dec 23 16:57:56 +0000 2019
1209154095593984003;Mon Dec 23 16:49:36 +0000 2019
1209152179547856896;Mon Dec 23 16:41:59 +0000 2019
1209151706019385350;Mon Dec 23 16:40:06 +0000 2019
1209150771234844672;Mon Dec 23 16:36:23 +0000 2019
1209149497093296129;Mon Dec 23 16:31:19 +0000 2019
1209148880954245122;Mon Dec 23 16:28:52 +0000 2019
1209148654784831489;Mon Dec 23 16:27:58 +0000 2019
1209148631821045760;Mon Dec 23 16:27:53 +0000 2019
1209146754467323909;Mon Dec 23 16:20:25 +0000 2019
1209145523095179269;Mon Dec 23 16:15:32 +0000 2019
1209145226733981697;Mon Dec 23 16:14:21 +0000 2019
1209144723228766208;Mon Dec 23 16:12:21 +0000 2019
1209144710314508288;Mon Dec 23 16:12:18 +0000 2019
1209144666756702209;Mon Dec 23 16:12:08 +0000 2019
1209143542909689859;Mon Dec 23 16:07:40 +0000 2019
1209141011697537025;Mon Dec 23 15:57:36 +0000 2019
1209137565665652736;Mon Dec 23 15:43:55 +0000 2019
1209137503342661632;Mon Dec 23 15:43:40 +0000 2019
1209137417837522944;Mon Dec 23 15:43:19 +0000 2019
1209136863338016769;Mon Dec 23 15:41:07 +0000 2019
1209136721805369344;Mon Dec 23 15:40:33 +0000 2019
1209136448697491456;Mon Dec 23 15:39:28 +0000 2019
1209135625334640640;Mon Dec 23 15:36:12 +0000 2019
1209135543210201088;Mon Dec 23 15:35:52 +0000 2019
1209134570672730113;Mon Dec 23 15:32:00 +0000 2019
1209134535138562048;Mon Dec 23 15:31:52 +0000 2019
1209134022158368776;Mon Dec 23 15:29:50 +0000 2019
1209133098019020806;Mon Dec 23 15:26:09 +0000 2019
1209131601470341121;Mon Dec 23 15:20:13 +0000 2019
1209131287518339072;Mon Dec 23 15:18:58 +0000 2019
1209130645387194368;Mon Dec 23 15:16:25 +0000 2019
1209130248467447808;Mon Dec 23 15:14:50 +0000 2019
1209126189727715328;Mon Dec 23 14:58:42 +0000 2019
1209121407420043264;Mon Dec 23 14:39:42 +0000 2019
1209121179866484742;Mon Dec 23 14:38:48 +0000 2019
1209120959573180417;Mon Dec 23 14:37:55 +0000 2019
1209120453874343936;Mon Dec 23 14:35:55 +0000 2019
1209120310219411461;Mon Dec 23 14:35:20 +0000 2019
1209119878189404161;Mon Dec 23 14:33:37 +0000 2019
1209119359555297280;Mon Dec 23 14:31:34 +0000 2019
1209119112401694726;Mon Dec 23 14:30:35 +0000 2019
1209118544849453056;Mon Dec 23 14:28:20 +0000 2019
1209118305996423169;Mon Dec 23 14:27:23 +0000 2019
1209118047337930753;Mon Dec 23 14:26:21 +0000 2019
1209117591677145088;Mon Dec 23 14:24:32 +0000 2019
1209117406200811520;Mon Dec 23 14:23:48 +0000 2019
1209117263930023937;Mon Dec 23 14:23:14 +0000 2019
1209116823893037057;Mon Dec 23 14:21:29 +0000 2019
1209116221305696257;Mon Dec 23 14:19:06 +0000 2019
1209116124031389699;Mon Dec 23 14:18:42 +0000 2019
1209114981955977216;Mon Dec 23 14:14:10 +0000 2019
1209114829732102145;Mon Dec 23 14:13:34 +0000 2019
1209114403670495234;Mon Dec 23 14:11:52 +0000 2019
1209113710381408256;Mon Dec 23 14:09:07 +0000 2019
1209113537328697345;Mon Dec 23 14:08:26 +0000 2019
1209113534635892736;Mon Dec 23 14:08:25 +0000 2019
1209113287994068993;Mon Dec 23 14:07:26 +0000 2019
1209113287549497344;Mon Dec 23 14:07:26 +0000 2019
1209113273876041728;Mon Dec 23 14:07:23 +0000 2019
1209113027158646784;Mon Dec 23 14:06:24 +0000 2019
1209112182971125760;Mon Dec 23 14:03:03 +0000 2019
1209111173221801984;Mon Dec 23 13:59:02 +0000 2019
1209110683792617472;Mon Dec 23 13:57:05 +0000 2019
1209110658291240966;Mon Dec 23 13:56:59 +0000 2019
1209110297119797249;Mon Dec 23 13:55:33 +0000 2019
1209110109923807238;Mon Dec 23 13:54:49 +0000 2019
1209109498041962499;Mon Dec 23 13:52:23 +0000 2019
1209109412771762177;Mon Dec 23 13:52:02 +0000 2019
1209109403737239552;Mon Dec 23 13:52:00 +0000 2019
1209109170642968576;Mon Dec 23 13:51:05 +0000 2019
1209108141721444357;Mon Dec 23 13:46:59 +0000 2019
1209108141721444357;Mon Dec 23 13:46:59 +0000 2019
1209107872975601664;Mon Dec 23 13:45:55 +0000 2019
1209107664304836610;Mon Dec 23 13:45:05 +0000 2019
1209107256358424577;Mon Dec 23 13:43:28 +0000 2019
1209107046475403264;Mon Dec 23 13:42:38 +0000 2019
1209106840505769984;Mon Dec 23 13:41:49 +0000 2019
1209106397432025093;Mon Dec 23 13:40:03 +0000 2019
1209105369173237760;Mon Dec 23 13:35:58 +0000 2019
1209105300256628737;Mon Dec 23 13:35:42 +0000 2019
1209105069603467264;Mon Dec 23 13:34:47 +0000 2019
1209103439239753733;Mon Dec 23 13:28:18 +0000 2019
1209103285258539008;Mon Dec 23 13:27:41 +0000 2019
1209102818558259200;Mon Dec 23 13:25:50 +0000 2019
1209102469290024961;Mon Dec 23 13:24:27 +0000 2019
1209100500433604609;Mon Dec 23 13:16:37 +0000 2019
1209100371102228481;Mon Dec 23 13:16:07 +0000 2019
1209099871015321600;Mon Dec 23 13:14:07 +0000 2019
1209099137175707648;Mon Dec 23 13:11:12 +0000 2019
1209098931625480194;Mon Dec 23 13:10:23 +0000 2019
1209098408146944000;Mon Dec 23 13:08:19 +0000 2019
1209098320079183872;Mon Dec 23 13:07:58 +0000 2019
1209098313754128384;Mon Dec 23 13:07:56 +0000 2019
1209098293122387970;Mon Dec 23 13:07:51 +0000 2019
1209097346748952576;Mon Dec 23 13:04:06 +0000 2019
1209096946511732736;Mon Dec 23 13:02:30 +0000 2019
1209096629405532162;Mon Dec 23 13:01:15 +0000 2019
1209096013094498305;Mon Dec 23 12:58:48 +0000 2019
1209095158358302720;Mon Dec 23 12:55:24 +0000 2019
1209095124715802624;Mon Dec 23 12:55:16 +0000 2019
1209094764173438976;Mon Dec 23 12:53:50 +0000 2019
1209094730363101187;Mon Dec 23 12:53:42 +0000 2019
1209094441228808197;Mon Dec 23 12:52:33 +0000 2019
1209093859927613440;Mon Dec 23 12:50:14 +0000 2019
1209092285817901057;Mon Dec 23 12:43:59 +0000 2019
1209092081207185408;Mon Dec 23 12:43:10 +0000 2019
1209091829230112768;Mon Dec 23 12:42:10 +0000 2019
1209091345337503744;Mon Dec 23 12:40:15 +0000 2019
1209090902372880384;Mon Dec 23 12:38:29 +0000 2019
1209090598227107840;Mon Dec 23 12:37:17 +0000 2019
1209090228356435970;Mon Dec 23 12:35:48 +0000 2019
1209089914563891201;Mon Dec 23 12:34:34 +0000 2019
1209089871178063876;Mon Dec 23 12:34:23 +0000 2019
1209089740131184640;Mon Dec 23 12:33:52 +0000 2019
1209089688432267264;Mon Dec 23 12:33:40 +0000 2019
1209089581817069570;Mon Dec 23 12:33:14 +0000 2019
1209089275935035393;Mon Dec 23 12:32:01 +0000 2019
1209089127548887040;Mon Dec 23 12:31:26 +0000 2019
1209088659070291970;Mon Dec 23 12:29:34 +0000 2019
1209088363581575168;Mon Dec 23 12:28:24 +0000 2019
1209087924672831489;Mon Dec 23 12:26:39 +0000 2019
1209087886861176833;Mon Dec 23 12:26:30 +0000 2019
1209087497214582784;Mon Dec 23 12:24:57 +0000 2019
1209087373834932224;Mon Dec 23 12:24:28 +0000 2019
1209087081361879040;Mon Dec 23 12:23:18 +0000 2019
1209086589730787328;Mon Dec 23 12:21:21 +0000 2019
1209086484428537856;Mon Dec 23 12:20:56 +0000 2019
1209086423149764608;Mon Dec 23 12:20:41 +0000 2019
1209086422940110848;Mon Dec 23 12:20:41 +0000 2019
1209085552894578690;Mon Dec 23 12:17:14 +0000 2019
1209085537468002304;Mon Dec 23 12:17:10 +0000 2019
1209085531906347009;Mon Dec 23 12:17:09 +0000 2019
1209085446594138112;Mon Dec 23 12:16:48 +0000 2019
1209085029307047936;Mon Dec 23 12:15:09 +0000 2019
1209084975544504322;Mon Dec 23 12:14:56 +0000 2019
1209083866297843712;Mon Dec 23 12:10:32 +0000 2019
1209083807212744704;Mon Dec 23 12:10:17 +0000 2019
1209083042880462848;Mon Dec 23 12:07:15 +0000 2019
1209083037608271872;Mon Dec 23 12:07:14 +0000 2019
1209082726227333120;Mon Dec 23 12:06:00 +0000 2019
1209082312756998145;Mon Dec 23 12:04:21 +0000 2019
1209082260722475008;Mon Dec 23 12:04:09 +0000 2019
1209082179927658498;Mon Dec 23 12:03:50 +0000 2019
1209081779514155009;Mon Dec 23 12:02:14 +0000 2019
1209081151731703808;Mon Dec 23 11:59:44 +0000 2019
1209080690601578497;Mon Dec 23 11:57:54 +0000 2019
1209080292222423040;Mon Dec 23 11:56:19 +0000 2019
1209080151654293505;Mon Dec 23 11:55:46 +0000 2019
1209079845378019330;Mon Dec 23 11:54:33 +0000 2019
1209079769490448384;Mon Dec 23 11:54:15 +0000 2019
1209079276055732224;Mon Dec 23 11:52:17 +0000 2019
1209078911793020930;Mon Dec 23 11:50:50 +0000 2019
1209077671038205952;Mon Dec 23 11:45:55 +0000 2019
1209077148624932864;Mon Dec 23 11:43:50 +0000 2019
1209076943108345864;Mon Dec 23 11:43:01 +0000 2019
1209076928617033728;Mon Dec 23 11:42:58 +0000 2019
1209076807296786432;Mon Dec 23 11:42:29 +0000 2019
1209076723175903233;Mon Dec 23 11:42:09 +0000 2019
1209076652095025154;Mon Dec 23 11:41:52 +0000 2019
1209076605244641280;Mon Dec 23 11:41:40 +0000 2019
1209076441700356097;Mon Dec 23 11:41:01 +0000 2019
1209076327623647232;Mon Dec 23 11:40:34 +0000 2019
1209076153027383300;Mon Dec 23 11:39:53 +0000 2019
1209076010655911936;Mon Dec 23 11:39:19 +0000 2019
1209075987025149952;Mon Dec 23 11:39:13 +0000 2019
1209075367203549186;Mon Dec 23 11:36:45 +0000 2019
1209075172327804929;Mon Dec 23 11:35:59 +0000 2019
1209075084478074880;Mon Dec 23 11:35:38 +0000 2019
1209074884778827779;Mon Dec 23 11:34:50 +0000 2019
1209074537431781377;Mon Dec 23 11:33:27 +0000 2019
1209074428128178178;Mon Dec 23 11:33:01 +0000 2019
1209074428128178178;Mon Dec 23 11:33:01 +0000 2019
1209074331915042817;Mon Dec 23 11:32:38 +0000 2019
1209074301393129478;Mon Dec 23 11:32:31 +0000 2019
1209073714358296576;Mon Dec 23 11:30:11 +0000 2019
1209073563350765571;Mon Dec 23 11:29:35 +0000 2019
1209073224404930560;Mon Dec 23 11:28:14 +0000 2019
1209073142565613568;Mon Dec 23 11:27:55 +0000 2019
1209072991511941120;Mon Dec 23 11:27:19 +0000 2019
1209072828600979456;Mon Dec 23 11:26:40 +0000 2019
1209072806375366656;Mon Dec 23 11:26:35 +0000 2019
1209072424379199495;Mon Dec 23 11:25:04 +0000 2019
1209071975269851136;Mon Dec 23 11:23:17 +0000 2019
1209071974175125504;Mon Dec 23 11:23:16 +0000 2019
1209071402927771648;Mon Dec 23 11:21:00 +0000 2019
1209071129018679296;Mon Dec 23 11:19:55 +0000 2019
1209071079672684544;Mon Dec 23 11:19:43 +0000 2019
1209070945882824704;Mon Dec 23 11:19:11 +0000 2019
1209070891444899842;Mon Dec 23 11:18:58 +0000 2019
1209070324974866432;Mon Dec 23 11:16:43 +0000 2019
1209070237397716993;Mon Dec 23 11:16:22 +0000 2019
1209070010842406912;Mon Dec 23 11:15:28 +0000 2019
1209069541457846277;Mon Dec 23 11:13:36 +0000 2019
1209069420552884225;Mon Dec 23 11:13:07 +0000 2019
1209069377565470720;Mon Dec 23 11:12:57 +0000 2019
1209069149403721728;Mon Dec 23 11:12:03 +0000 2019
1209068996408094720;Mon Dec 23 11:11:26 +0000 2019
1209068779600306176;Mon Dec 23 11:10:35 +0000 2019
1209068451131805696;Mon Dec 23 11:09:16 +0000 2019
1209068313013358593;Mon Dec 23 11:08:43 +0000 2019
1209068277437227009;Mon Dec 23 11:08:35 +0000 2019
1209068160130985984;Mon Dec 23 11:08:07 +0000 2019
1209068117072207872;Mon Dec 23 11:07:57 +0000 2019
1209067930903863296;Mon Dec 23 11:07:12 +0000 2019
1209067746065100800;Mon Dec 23 11:06:28 +0000 2019
1209067622572216320;Mon Dec 23 11:05:59 +0000 2019
1209067472462237696;Mon Dec 23 11:05:23 +0000 2019
1209064939702370304;Mon Dec 23 10:55:19 +0000 2019
1209063264715464704;Mon Dec 23 10:48:40 +0000 2019
1209062981469900800;Mon Dec 23 10:47:32 +0000 2019
1209059946920398848;Mon Dec 23 10:35:29 +0000 2019
1209059025188470785;Mon Dec 23 10:31:49 +0000 2019
1209058986479230976;Mon Dec 23 10:31:40 +0000 2019
1209058407799492608;Mon Dec 23 10:29:22 +0000 2019
1209058287179751428;Mon Dec 23 10:28:53 +0000 2019
1209058229529055233;Mon Dec 23 10:28:39 +0000 2019
1209057730486394880;Mon Dec 23 10:26:40 +0000 2019
1209057727101767680;Mon Dec 23 10:26:40 +0000 2019
1209057724962611201;Mon Dec 23 10:26:39 +0000 2019
1209057477133774848;Mon Dec 23 10:25:40 +0000 2019
1209057383458189312;Mon Dec 23 10:25:18 +0000 2019
1209057328978415617;Mon Dec 23 10:25:05 +0000 2019
1209057290994831362;Mon Dec 23 10:24:56 +0000 2019
1209057054893264896;Mon Dec 23 10:23:59 +0000 2019
1209056973339217920;Mon Dec 23 10:23:40 +0000 2019
1209056653666111488;Mon Dec 23 10:22:24 +0000 2019
1209056257438564352;Mon Dec 23 10:20:49 +0000 2019
1209055577403473922;Mon Dec 23 10:18:07 +0000 2019
1209055210678685696;Mon Dec 23 10:16:40 +0000 2019
1209055195113697280;Mon Dec 23 10:16:36 +0000 2019
1209054614533869568;Mon Dec 23 10:14:17 +0000 2019
1209054417087082496;Mon Dec 23 10:13:30 +0000 2019
1209054273234972672;Mon Dec 23 10:12:56 +0000 2019
1209053239259389958;Mon Dec 23 10:08:50 +0000 2019
1209053116110458880;Mon Dec 23 10:08:20 +0000 2019
1209052969930506240;Mon Dec 23 10:07:45 +0000 2019
1209052798714884101;Mon Dec 23 10:07:04 +0000 2019
1209052046344761344;Mon Dec 23 10:04:05 +0000 2019
1209051234512052224;Mon Dec 23 10:00:52 +0000 2019
1209051009626103808;Mon Dec 23 09:59:58 +0000 2019
1209050982145019904;Mon Dec 23 09:59:51 +0000 2019
1209050852637446144;Mon Dec 23 09:59:21 +0000 2019
1209050704570200065;Mon Dec 23 09:58:45 +0000 2019
1209009542077538306;Mon Dec 23 07:15:11 +0000 2019
1208986367730094082;Mon Dec 23 05:43:06 +0000 2019
1208936350390636547;Mon Dec 23 02:24:21 +0000 2019
1208928845195304960;Mon Dec 23 01:54:32 +0000 2019
1208927354766155776;Mon Dec 23 01:48:36 +0000 2019
1208901295228301312;Mon Dec 23 00:05:03 +0000 2019
1208893866826334208;Sun Dec 22 23:35:32 +0000 2019
1208884740557852675;Sun Dec 22 22:59:16 +0000 2019
1208876359025512448;Sun Dec 22 22:25:58 +0000 2019
1208874556678688769;Sun Dec 22 22:18:48 +0000 2019
1208874353422716930;Sun Dec 22 22:18:00 +0000 2019
1208869450549776384;Sun Dec 22 21:58:31 +0000 2019
1208835016077250560;Sun Dec 22 19:41:41 +0000 2019
1208834549511262208;Sun Dec 22 19:39:50 +0000 2019
1208812041932333056;Sun Dec 22 18:10:24 +0000 2019
1208808227225456641;Sun Dec 22 17:55:14 +0000 2019
1208805994622586881;Sun Dec 22 17:46:22 +0000 2019
1208802252653285379;Sun Dec 22 17:31:30 +0000 2019
1208802160252772353;Sun Dec 22 17:31:08 +0000 2019
1208801664515239937;Sun Dec 22 17:29:09 +0000 2019
1208799641745186816;Sun Dec 22 17:21:07 +0000 2019
1208787357081706501;Sun Dec 22 16:32:18 +0000 2019
1208783029570813953;Sun Dec 22 16:15:07 +0000 2019
1208778694627606529;Sun Dec 22 15:57:53 +0000 2019
1208757573907816448;Sun Dec 22 14:33:57 +0000 2019
1208757363538382850;Sun Dec 22 14:33:07 +0000 2019
1208752860999094273;Sun Dec 22 14:15:14 +0000 2019
1208747008703565824;Sun Dec 22 13:51:58 +0000 2019
1208747008703565824;Sun Dec 22 13:51:58 +0000 2019
1208743603704672256;Sun Dec 22 13:38:27 +0000 2019
1208736981678727170;Sun Dec 22 13:12:08 +0000 2019
1208719900333740042;Sun Dec 22 12:04:15 +0000 2019
1208717795829133312;Sun Dec 22 11:55:54 +0000 2019
1208717728388919296;Sun Dec 22 11:55:37 +0000 2019
1208716434144149506;Sun Dec 22 11:50:29 +0000 2019
1208697981526007808;Sun Dec 22 10:37:09 +0000 2019
1208692568994779141;Sun Dec 22 10:15:39 +0000 2019
1208689291632824321;Sun Dec 22 10:02:38 +0000 2019
1208687990895259648;Sun Dec 22 09:57:28 +0000 2019
1208668462706515968;Sun Dec 22 08:39:52 +0000 2019
1208635595964211202;Sun Dec 22 06:29:16 +0000 2019
1208616604390612992;Sun Dec 22 05:13:48 +0000 2019
1208612618178617346;Sun Dec 22 04:57:57 +0000 2019
1208605536633180161;Sun Dec 22 04:29:49 +0000 2019
1208603646977626112;Sun Dec 22 04:22:18 +0000 2019
1208602240317083649;Sun Dec 22 04:16:43 +0000 2019
1208601877765599232;Sun Dec 22 04:15:17 +0000 2019
1208594777727492096;Sun Dec 22 03:47:04 +0000 2019
1208588293069258752;Sun Dec 22 03:21:18 +0000 2019
1208587265993330689;Sun Dec 22 03:17:13 +0000 2019
1208582341578416129;Sun Dec 22 02:57:39 +0000 2019
1208579410699444224;Sun Dec 22 02:46:00 +0000 2019
1208575501364805634;Sun Dec 22 02:30:28 +0000 2019
1208575159503872001;Sun Dec 22 02:29:06 +0000 2019
1208572598457643008;Sun Dec 22 02:18:56 +0000 2019
1208570724342026240;Sun Dec 22 02:11:29 +0000 2019
1208570658155909120;Sun Dec 22 02:11:13 +0000 2019
1208570482313875456;Sun Dec 22 02:10:31 +0000 2019
1208568459304538112;Sun Dec 22 02:02:29 +0000 2019
1208554757129936896;Sun Dec 22 01:08:02 +0000 2019
1208554479441846272;Sun Dec 22 01:06:56 +0000 2019
1208554157482921984;Sun Dec 22 01:05:39 +0000 2019
1208550761279479809;Sun Dec 22 00:52:09 +0000 2019
1208546156533432321;Sun Dec 22 00:33:52 +0000 2019
1208544922653073409;Sun Dec 22 00:28:57 +0000 2019
1208544357239971841;Sun Dec 22 00:26:43 +0000 2019
1208544321110233088;Sun Dec 22 00:26:34 +0000 2019
1208541655831384064;Sun Dec 22 00:15:59 +0000 2019
1208540627836788739;Sun Dec 22 00:11:53 +0000 2019
1208540435968397312;Sun Dec 22 00:11:08 +0000 2019
1208538257144918016;Sun Dec 22 00:02:28 +0000 2019
1208536853365870594;Sat Dec 21 23:56:54 +0000 2019
1208534232315957257;Sat Dec 21 23:46:29 +0000 2019
1208534073917919233;Sat Dec 21 23:45:51 +0000 2019
1208533436367015938;Sat Dec 21 23:43:19 +0000 2019
1208533406633603072;Sat Dec 21 23:43:12 +0000 2019
1208533187082801152;Sat Dec 21 23:42:19 +0000 2019
1208532998515253255;Sat Dec 21 23:41:34 +0000 2019
1208531051863248898;Sat Dec 21 23:33:50 +0000 2019
1208526529766014977;Sat Dec 21 23:15:52 +0000 2019
1208512740899393538;Sat Dec 21 22:21:05 +0000 2019
1208512202375864325;Sat Dec 21 22:18:56 +0000 2019
1208499322913988622;Sat Dec 21 21:27:46 +0000 2019
1208498880112930816;Sat Dec 21 21:26:00 +0000 2019
1208497309509664770;Sat Dec 21 21:19:46 +0000 2019
1208492311375687682;Sat Dec 21 20:59:54 +0000 2019
1208490709877239810;Sat Dec 21 20:53:32 +0000 2019
1208489324666335244;Sat Dec 21 20:48:02 +0000 2019
1208488289562505216;Sat Dec 21 20:43:55 +0000 2019
1208484789218631680;Sat Dec 21 20:30:00 +0000 2019
1208482150976303106;Sat Dec 21 20:19:31 +0000 2019
1208481408836132875;Sat Dec 21 20:16:35 +0000 2019
1208478421862567937;Sat Dec 21 20:04:42 +0000 2019
1208476051548098561;Sat Dec 21 19:55:17 +0000 2019
1208473688150024194;Sat Dec 21 19:45:54 +0000 2019
1208472719462928384;Sat Dec 21 19:42:03 +0000 2019
1208470561325752322;Sat Dec 21 19:33:28 +0000 2019
1208470248166494212;Sat Dec 21 19:32:14 +0000 2019
1208467594329698305;Sat Dec 21 19:21:41 +0000 2019
1208467457637093377;Sat Dec 21 19:21:08 +0000 2019
1208466003438579722;Sat Dec 21 19:15:22 +0000 2019
1208465848203132928;Sat Dec 21 19:14:45 +0000 2019
1208463365586202624;Sat Dec 21 19:04:53 +0000 2019
1208462432659746818;Sat Dec 21 19:01:10 +0000 2019
1208461951501770752;Sat Dec 21 18:59:16 +0000 2019
1208460805122985985;Sat Dec 21 18:54:42 +0000 2019
1208454585674682369;Sat Dec 21 18:29:59 +0000 2019
1208451329166888961;Sat Dec 21 18:17:03 +0000 2019
1208450608522547208;Sat Dec 21 18:14:11 +0000 2019
1208441390935560193;Sat Dec 21 17:37:34 +0000 2019
1208441002505232385;Sat Dec 21 17:36:01 +0000 2019
1208440629136678913;Sat Dec 21 17:34:32 +0000 2019
1208437858094272512;Sat Dec 21 17:23:31 +0000 2019
1208435669434941441;Sat Dec 21 17:14:49 +0000 2019
1208434341904338950;Sat Dec 21 17:09:33 +0000 2019
1208432939987550209;Sat Dec 21 17:03:59 +0000 2019
1208431206867644416;Sat Dec 21 16:57:05 +0000 2019
1208430734047924224;Sat Dec 21 16:55:13 +0000 2019
1208430475213180928;Sat Dec 21 16:54:11 +0000 2019
1208430126918189056;Sat Dec 21 16:52:48 +0000 2019
1208426333266685952;Sat Dec 21 16:37:43 +0000 2019
1208424957614510082;Sat Dec 21 16:32:16 +0000 2019
1208424442893946880;Sat Dec 21 16:30:13 +0000 2019
1208424031923425280;Sat Dec 21 16:28:35 +0000 2019
1208423788737695744;Sat Dec 21 16:27:37 +0000 2019
1208423728155123713;Sat Dec 21 16:27:22 +0000 2019
1208422896848310279;Sat Dec 21 16:24:04 +0000 2019
1208421258184056837;Sat Dec 21 16:17:33 +0000 2019
1208421258184056837;Sat Dec 21 16:17:33 +0000 2019
1208418923890331648;Sat Dec 21 16:08:17 +0000 2019
1208417274237005824;Sat Dec 21 16:01:44 +0000 2019
1208412319224602629;Sat Dec 21 15:42:02 +0000 2019
1208411868328529920;Sat Dec 21 15:40:15 +0000 2019
1208409903401971712;Sat Dec 21 15:32:26 +0000 2019
1208409120761663488;Sat Dec 21 15:29:20 +0000 2019
1208407102156398597;Sat Dec 21 15:21:18 +0000 2019
1208406810237063168;Sat Dec 21 15:20:09 +0000 2019
1208406420380618754;Sat Dec 21 15:18:36 +0000 2019
1208405483880636416;Sat Dec 21 15:14:53 +0000 2019
1208405273381101570;Sat Dec 21 15:14:02 +0000 2019
1208405009647460353;Sat Dec 21 15:13:00 +0000 2019
1208404065924866048;Sat Dec 21 15:09:15 +0000 2019
1208403466462400512;Sat Dec 21 15:06:52 +0000 2019
1208402116823470085;Sat Dec 21 15:01:30 +0000 2019
1208401932181745664;Sat Dec 21 15:00:46 +0000 2019
1208401688010334213;Sat Dec 21 14:59:48 +0000 2019
1208401301551357952;Sat Dec 21 14:58:15 +0000 2019
1208401193711652869;Sat Dec 21 14:57:50 +0000 2019
1208401005735530496;Sat Dec 21 14:57:05 +0000 2019
1208400596182679555;Sat Dec 21 14:55:27 +0000 2019
1208399498063552524;Sat Dec 21 14:51:05 +0000 2019
1208399299492626434;Sat Dec 21 14:50:18 +0000 2019
1208399231712681985;Sat Dec 21 14:50:02 +0000 2019
1208387791618498560;Sat Dec 21 14:04:34 +0000 2019
1208348621239934976;Sat Dec 21 11:28:55 +0000 2019
1208346971154591745;Sat Dec 21 11:22:22 +0000 2019
1208344571823972354;Sat Dec 21 11:12:50 +0000 2019
1208340046258098177;Sat Dec 21 10:54:51 +0000 2019
1208339760273592320;Sat Dec 21 10:53:43 +0000 2019
1208296446677716992;Sat Dec 21 08:01:36 +0000 2019
1208283071142858753;Sat Dec 21 07:08:27 +0000 2019
1208236149682135041;Sat Dec 21 04:02:00 +0000 2019
1208227633802153985;Sat Dec 21 03:28:10 +0000 2019
1208221816193536000;Sat Dec 21 03:05:03 +0000 2019
1208217784855023618;Sat Dec 21 02:49:02 +0000 2019
1208215930490241024;Sat Dec 21 02:41:40 +0000 2019
1208201355057389568;Sat Dec 21 01:43:44 +0000 2019
1208198965340102656;Sat Dec 21 01:34:15 +0000 2019
1208196097853837313;Sat Dec 21 01:22:51 +0000 2019
1208194428931911680;Sat Dec 21 01:16:13 +0000 2019
1208193935199395841;Sat Dec 21 01:14:15 +0000 2019
1208184705373356032;Sat Dec 21 00:37:35 +0000 2019
1208183534474551296;Sat Dec 21 00:32:56 +0000 2019
1208182046952169473;Sat Dec 21 00:27:01 +0000 2019
1208166006671192065;Fri Dec 20 23:23:17 +0000 2019
1208159018541371392;Fri Dec 20 22:55:31 +0000 2019
1208156981988646912;Fri Dec 20 22:47:25 +0000 2019
1208151921355370502;Fri Dec 20 22:27:19 +0000 2019
1208145341100507139;Fri Dec 20 22:01:10 +0000 2019
1208142881636130816;Fri Dec 20 21:51:23 +0000 2019
1208142611514568704;Fri Dec 20 21:50:19 +0000 2019
1208135559639654402;Fri Dec 20 21:22:18 +0000 2019
1208135539720892416;Fri Dec 20 21:22:13 +0000 2019
1208135506170728448;Fri Dec 20 21:22:05 +0000 2019
1208128079920553986;Fri Dec 20 20:52:34 +0000 2019
1208126190441111554;Fri Dec 20 20:45:04 +0000 2019
1208122990178770945;Fri Dec 20 20:32:21 +0000 2019
1208111811167477760;Fri Dec 20 19:47:56 +0000 2019
1208094534724440064;Fri Dec 20 18:39:17 +0000 2019
1208090813022064640;Fri Dec 20 18:24:29 +0000 2019
1208087309318574081;Fri Dec 20 18:10:34 +0000 2019
1208084425461899265;Fri Dec 20 17:59:06 +0000 2019
1208082151020908545;Fri Dec 20 17:50:04 +0000 2019
1208076157083693056;Fri Dec 20 17:26:15 +0000 2019
1208076063777144832;Fri Dec 20 17:25:53 +0000 2019
1208075026731294720;Fri Dec 20 17:21:45 +0000 2019
1208074220040785920;Fri Dec 20 17:18:33 +0000 2019
1208071388076134401;Fri Dec 20 17:07:18 +0000 2019
1208068025464819712;Fri Dec 20 16:53:56 +0000 2019
1208067917918720000;Fri Dec 20 16:53:31 +0000 2019
1208061821233631238;Fri Dec 20 16:29:17 +0000 2019
1208060824541159425;Fri Dec 20 16:25:19 +0000 2019
1208055447976067073;Fri Dec 20 16:03:58 +0000 2019
1208053848801206273;Fri Dec 20 15:57:36 +0000 2019
1208052626782380033;Fri Dec 20 15:52:45 +0000 2019
1208052405423738894;Fri Dec 20 15:51:52 +0000 2019
1208052405423738894;Fri Dec 20 15:51:52 +0000 2019
1208052405423738894;Fri Dec 20 15:51:52 +0000 2019
1208052405423738894;Fri Dec 20 15:51:52 +0000 2019
1208052405423738894;Fri Dec 20 15:51:52 +0000 2019
1208052405423738894;Fri Dec 20 15:51:52 +0000 2019
1208052405423738894;Fri Dec 20 15:51:52 +0000 2019
